call_id,seq,at,object,event,detail
call-AL-2025-09-03T16:26:00+00:00-553868e75a6a,8055,2025-09-03T14:45:00Z,scenario,BIRTH,status WATCH anchor None R None K None V None B 112465 reason FALSE_AT_OR_AFTER_RELEASE_TO_TRUE
call-AL-2025-09-03T16:26:00+00:00-553868e75a6a,8060,2025-09-03T15:00:00Z,scenario,ARM,status ARMED anchor 1 R 112021.3 K 112450 V 111997.355 B 112465
call-AL-2025-09-03T16:26:00+00:00-553868e75a6a,8065,2025-09-03T15:23:00Z,scenario,ANCHOR_LOST,status WATCH anchor 1 R None K None V None B 112465 reason V_CONTACT:okx/BTC-USDT-SWAP/trade_bar_1m#obs@2025-09-03T15:22:00Z
call-AL-2025-09-03T16:26:00+00:00-553868e75a6a,8067,2025-09-03T15:30:00Z,scenario,REARM,status ARMED anchor 2 R 111850 K 112150 V 111826.055 B 112465 reason NEW_COMPLETE_STRICTLY_DEEPER_CLEAN_REACTION
call-AL-2025-09-03T16:26:00+00:00-553868e75a6a,8070,2025-09-03T15:37:00Z,scenario,CONFIRM,status CONFIRMED anchor 2 R 111850 K 112150 V 111826.055 B 112465 reason okx/BTC-USDT-SWAP/trade_bar_1m#obs@2025-09-03T15:36:00Z
call-AL-2025-09-03T16:26:00+00:00-553868e75a6a,8071,2025-09-03T15:37:00Z,entry_attempt,WAIT_OPEN,state WAIT_PRICE blockers REWARD_RISK_BELOW_MINIMUM price 112173 cap 112437.4 reason IMMEDIATE_ECONOMIC_FAILURE_RETURN_CORRIDOR_USABLE
call-AL-2025-09-03T16:26:00+00:00-553868e75a6a,8073,2025-09-03T15:38:00Z,entry_attempt,BLOCKERS,state WAIT_PRICE blockers REWARD_RISK_BELOW_MINIMUM price 112099.1 cap 112437.4
call-AL-2025-09-03T16:26:00+00:00-553868e75a6a,8074,2025-09-03T15:42:00Z,entry_attempt,BLOCKERS,"state WAIT_PRICE blockers CLOSE_OUTSIDE_RETURN_CORRIDOR,REWARD_RISK_BELOW_MINIMUM price 112194.6 cap 112437.4"
call-AL-2025-09-03T16:26:00+00:00-553868e75a6a,8077,2025-09-03T15:46:00Z,entry_attempt,BLOCKERS,"state WAIT_PRICE blockers CLOSE_OUTSIDE_RETURN_CORRIDOR,NO_ROOM_AFTER_COSTS price 112298.6 cap 112437.4"
call-AL-2025-09-03T16:26:00+00:00-553868e75a6a,8078,2025-09-03T15:47:00Z,entry_attempt,BLOCKERS,"state WAIT_PRICE blockers CLOSE_OUTSIDE_RETURN_CORRIDOR,REWARD_RISK_BELOW_MINIMUM price 112185.5 cap 112437.4"
call-AL-2025-09-03T16:26:00+00:00-553868e75a6a,8079,2025-09-03T15:49:00Z,entry_attempt,BLOCKERS,state WAIT_PRICE blockers REWARD_RISK_BELOW_MINIMUM price 112114.6 cap 112437.4
call-AL-2025-09-03T16:26:00+00:00-553868e75a6a,8080,2025-09-03T15:50:00Z,entry_attempt,BLOCKERS,"state WAIT_PRICE blockers CLOSE_OUTSIDE_RETURN_CORRIDOR,REWARD_RISK_BELOW_MINIMUM price 112213.6 cap 112437.4"
call-AL-2025-09-03T16:26:00+00:00-553868e75a6a,8081,2025-09-03T15:54:00Z,entry_attempt,BLOCKERS,state WAIT_PRICE blockers REWARD_RISK_BELOW_MINIMUM price 112117.7 cap 112437.4
call-AL-2025-09-03T16:26:00+00:00-553868e75a6a,8082,2025-09-03T15:55:00Z,entry_attempt,BLOCKERS,"state WAIT_PRICE blockers CLOSE_OUTSIDE_RETURN_CORRIDOR,REWARD_RISK_BELOW_MINIMUM price 112151.4 cap 112437.4"
call-AL-2025-09-03T16:26:00+00:00-553868e75a6a,8083,2025-09-03T15:56:00Z,entry_attempt,BLOCKERS,state WAIT_PRICE blockers REWARD_RISK_BELOW_MINIMUM price 112128 cap 112437.4
call-AL-2025-09-03T16:26:00+00:00-553868e75a6a,8084,2025-09-03T15:57:00Z,entry_attempt,BLOCKERS,"state WAIT_PRICE blockers CLOSE_OUTSIDE_RETURN_CORRIDOR,REWARD_RISK_BELOW_MINIMUM price 112195.2 cap 112437.4"
call-AL-2025-09-03T16:26:00+00:00-553868e75a6a,8085,2025-09-03T15:58:00Z,entry_attempt,BLOCKERS,state WAIT_PRICE blockers REWARD_RISK_BELOW_MINIMUM price 112124 cap 112437.4
call-AL-2025-09-03T16:26:00+00:00-553868e75a6a,8086,2025-09-03T15:59:00Z,entry_attempt,BLOCKERS,"state WAIT_PRICE blockers CLOSE_OUTSIDE_RETURN_CORRIDOR,REWARD_RISK_BELOW_MINIMUM price 112168 cap 112437.4"
call-AL-2025-09-03T16:26:00+00:00-553868e75a6a,8088,2025-09-03T16:04:00Z,entry_attempt,BLOCKERS,state WAIT_PRICE blockers REWARD_RISK_BELOW_MINIMUM price 112102.7 cap 112437.4
call-AL-2025-09-03T16:26:00+00:00-553868e75a6a,8089,2025-09-03T16:08:00Z,entry_attempt,BLOCKERS,"state WAIT_PRICE blockers CLOSE_OUTSIDE_RETURN_CORRIDOR,REWARD_RISK_BELOW_MINIMUM price 112207.8 cap 112437.4"
call-AL-2025-09-03T16:26:00+00:00-553868e75a6a,8090,2025-09-03T16:10:00Z,entry_attempt,BLOCKERS,state WAIT_PRICE blockers REWARD_RISK_BELOW_MINIMUM price 112112.5 cap 112437.4
call-AL-2025-09-03T16:26:00+00:00-553868e75a6a,8091,2025-09-03T16:26:00Z,entry_attempt,BLOCKERS,state WAIT_PRICE blockers - price 111916.9 cap 112437.4
call-AL-2025-09-03T16:26:00+00:00-553868e75a6a,8092,2025-09-03T16:26:00Z,entry_attempt,RETURN_USABLE,state WAIT_PRICE blockers - price 111916.9 cap 112437.4 reason okx/BTC-USDT-SWAP/trade_bar_1m#obs@2025-09-03T16:25:00Z
call-AL-2025-09-03T16:26:00+00:00-553868e75a6a,8093,2025-09-03T16:26:00Z,entry_attempt,ISSUE,state ISSUED blockers - price None cap 112437.4 reason call-AL-2025-09-03T16:26:00+00:00-553868e75a6a
call-AL-2025-09-03T16:26:00+00:00-553868e75a6a,8094,2025-09-03T16:26:00Z,call,NEW_CALL,"LONG RETURN ref 111916.9 V 111826.0 T 112437.4 area ['111850', '112150']"
call-AL-2025-09-03T16:26:00+00:00-553868e75a6a,,2025-09-03T16:26:00Z,path_ENTRY_DELAY_0,ENTRY,open 111916.9
call-AL-2025-09-03T16:26:00+00:00-553868e75a6a,8096,2025-09-03T16:27:00Z,call_revision,ONGOING,r1 entry CLOSED REWARD_RISK_BELOW_MINIMUM changed entry
call-AL-2025-09-03T16:26:00+00:00-553868e75a6a,8098,2025-09-03T16:28:00Z,call_revision,ONGOING,r2 entry AVAILABLE  changed entry
call-AL-2025-09-03T16:26:00+00:00-553868e75a6a,,2025-09-03T16:28:00Z,path_PRIMARY,ENTRY,open 111927.5
call-AL-2025-09-03T16:26:00+00:00-553868e75a6a,,2025-09-03T16:28:00Z,path_ENTRY_DELAY_120,ENTRY,open 111927.5
call-AL-2025-09-03T16:26:00+00:00-553868e75a6a,,2025-09-03T16:28:00Z,path_HORIZON_ONLY,ENTRY,open 111927.5
call-AL-2025-09-03T16:26:00+00:00-553868e75a6a,8100,2025-09-03T16:29:00Z,call_revision,ONGOING,r3 entry CLOSED REWARD_RISK_BELOW_MINIMUM changed entry
call-AL-2025-09-03T16:26:00+00:00-553868e75a6a,8103,2025-09-03T16:30:00Z,call_revision,ONGOING,r4 entry AVAILABLE  changed entry
call-AL-2025-09-03T16:26:00+00:00-553868e75a6a,8107,2025-09-03T16:31:00Z,call_revision,ONGOING,r5 entry CLOSED REWARD_RISK_BELOW_MINIMUM changed entry
call-AL-2025-09-03T16:26:00+00:00-553868e75a6a,8109,2025-09-03T16:41:00Z,call_revision,ONGOING,r6 entry AVAILABLE  changed entry
call-AL-2025-09-03T16:26:00+00:00-553868e75a6a,8111,2025-09-03T16:42:00Z,call_revision,ONGOING,r7 entry CLOSED PRICE_OUTSIDE_STRUCTURAL_AREA changed entry
call-AL-2025-09-03T16:26:00+00:00-553868e75a6a,,2025-09-03T16:43:00Z,path_PRIMARY,CLOSED,STOP exit 111826.0 price_net -0.0023062022291215295615465368207098344910768131156321
call-AL-2025-09-03T16:26:00+00:00-553868e75a6a,,2025-09-03T16:43:00Z,path_ENTRY_DELAY_0,CLOSED,STOP exit 111826.0 price_net -0.0022116412266601380131150880698089385964050112181424
call-AL-2025-09-03T16:26:00+00:00-553868e75a6a,,2025-09-03T16:43:00Z,path_ENTRY_DELAY_120,CLOSED,STOP exit 111826.0 price_net -0.0023062022291215295615465368207098344910768131156321
call-AL-2025-09-03T16:26:00+00:00-553868e75a6a,8113,2025-09-03T16:44:00Z,call_revision,INVALIDATED,r8 entry CLOSED THESIS_TERMINAL changed thesis terminal CERTIFIED_INVALIDATION_CONTACT:okx/BTC-USDT-SWAP/trade_bar_1m#obs@2025
call-AL-2025-09-03T16:26:00+00:00-553868e75a6a,8115,2025-09-03T16:44:00Z,scenario,TERMINAL,status TERMINAL anchor 2 R 111850 K 112150 V 111826.055 B 112465 term INVALIDATED reason V_CONTACT:okx/BTC-USDT-SWAP/trade_bar_1m#obs@2025-09-03T16:43:00Z
call-AL-2025-09-03T16:26:00+00:00-553868e75a6a,,2025-09-03T19:38:00Z,path_HORIZON_ONLY,CLOSED,HORIZON_EXIT exit 111801.3 price_net -0.0025267263183757342922874181948136070224028947309643
call-AS-2025-09-13T18:16:00+00:00-d704b4d61ddd,10345,2025-09-13T17:00:00Z,scenario,BIRTH,status WATCH anchor None R None K None V None B 115077 reason FALSE_AT_OR_AFTER_RELEASE_TO_TRUE
call-AS-2025-09-13T18:16:00+00:00-d704b4d61ddd,10349,2025-09-13T17:30:00Z,scenario,ARM,status ARMED anchor 1 R 115436.1 K 115193.5 V 115449.8 B 115077
call-AS-2025-09-13T18:16:00+00:00-d704b4d61ddd,10352,2025-09-13T17:32:00Z,scenario,ANCHOR_LOST,status WATCH anchor 1 R None K None V None B 115077 reason V_CONTACT:okx/BTC-USDT-SWAP/trade_bar_1m#obs@2025-09-13T17:31:00Z
call-AS-2025-09-13T18:16:00+00:00-d704b4d61ddd,10354,2025-09-13T17:45:00Z,scenario,REARM,status ARMED anchor 2 R 115528 K 115362.5 V 115541.7 B 115077 reason NEW_COMPLETE_STRICTLY_DEEPER_CLEAN_REACTION
call-AS-2025-09-13T18:16:00+00:00-d704b4d61ddd,10357,2025-09-13T17:48:00Z,scenario,ANCHOR_LOST,status WATCH anchor 2 R None K None V None B 115077 reason V_CONTACT:okx/BTC-USDT-SWAP/trade_bar_1m#obs@2025-09-13T17:47:00Z
call-AS-2025-09-13T18:16:00+00:00-d704b4d61ddd,10360,2025-09-13T18:00:00Z,scenario,REARM,status ARMED anchor 3 R 115560.2 K 115469.7 V 115573.9 B 115077 reason NEW_COMPLETE_STRICTLY_DEEPER_CLEAN_REACTION
call-AS-2025-09-13T18:16:00+00:00-d704b4d61ddd,10362,2025-09-13T18:03:00Z,scenario,CONFIRM,status CONFIRMED anchor 3 R 115560.2 K 115469.7 V 115573.9 B 115077 reason okx/BTC-USDT-SWAP/trade_bar_1m#obs@2025-09-13T18:02:00Z
call-AS-2025-09-13T18:16:00+00:00-d704b4d61ddd,10363,2025-09-13T18:03:00Z,entry_attempt,WAIT_OPEN,state WAIT_PRICE blockers REWARD_RISK_BELOW_MINIMUM price 115458.6 cap 115093.8 reason IMMEDIATE_ECONOMIC_FAILURE_RETURN_CORRIDOR_USABLE
call-AS-2025-09-13T18:16:00+00:00-d704b4d61ddd,10365,2025-09-13T18:04:00Z,entry_attempt,BLOCKERS,state WAIT_PRICE blockers REWARD_RISK_BELOW_MINIMUM price 115481.6 cap 115093.8
call-AS-2025-09-13T18:16:00+00:00-d704b4d61ddd,10366,2025-09-13T18:05:00Z,entry_attempt,BLOCKERS,"state WAIT_PRICE blockers CLOSE_OUTSIDE_RETURN_CORRIDOR,REWARD_RISK_BELOW_MINIMUM price 115450.2 cap 115093.8"
call-AS-2025-09-13T18:16:00+00:00-d704b4d61ddd,10367,2025-09-13T18:09:00Z,entry_attempt,BLOCKERS,state WAIT_PRICE blockers REWARD_RISK_BELOW_MINIMUM price 115475 cap 115093.8
call-AS-2025-09-13T18:16:00+00:00-d704b4d61ddd,10368,2025-09-13T18:16:00Z,entry_attempt,BLOCKERS,state WAIT_PRICE blockers - price 115519.9 cap 115093.8
call-AS-2025-09-13T18:16:00+00:00-d704b4d61ddd,10369,2025-09-13T18:16:00Z,entry_attempt,RETURN_USABLE,state WAIT_PRICE blockers - price 115519.9 cap 115093.8 reason okx/BTC-USDT-SWAP/trade_bar_1m#obs@2025-09-13T18:15:00Z
call-AS-2025-09-13T18:16:00+00:00-d704b4d61ddd,10370,2025-09-13T18:16:00Z,entry_attempt,ISSUE,state ISSUED blockers - price None cap 115093.8 reason call-AS-2025-09-13T18:16:00+00:00-d704b4d61ddd
call-AS-2025-09-13T18:16:00+00:00-d704b4d61ddd,10371,2025-09-13T18:16:00Z,call,NEW_CALL,"SHORT RETURN ref 115519.9 V 115573.9 T 115093.8 area ['115469.7', '115560.2']"
call-AS-2025-09-13T18:16:00+00:00-d704b4d61ddd,,2025-09-13T18:16:00Z,path_ENTRY_DELAY_0,ENTRY,open 115520
call-AS-2025-09-13T18:16:00+00:00-d704b4d61ddd,10373,2025-09-13T18:17:00Z,call_revision,ONGOING,r1 entry CLOSED REWARD_RISK_BELOW_MINIMUM changed entry
call-AS-2025-09-13T18:16:00+00:00-d704b4d61ddd,10375,2025-09-13T18:20:00Z,call_revision,ONGOING,"r2 entry CLOSED PRICE_OUTSIDE_STRUCTURAL_AREA,REWARD_RISK_BELOW_MINIMUM changed entry_reasons"
call-AS-2025-09-13T18:16:00+00:00-d704b4d61ddd,10376,2025-09-13T18:21:00Z,call_revision,ONGOING,r3 entry CLOSED REWARD_RISK_BELOW_MINIMUM changed entry_reasons
call-AS-2025-09-13T18:16:00+00:00-d704b4d61ddd,10377,2025-09-13T18:24:00Z,call_revision,ONGOING,r4 entry AVAILABLE  changed entry
call-AS-2025-09-13T18:16:00+00:00-d704b4d61ddd,,2025-09-13T18:24:00Z,path_PRIMARY,ENTRY,open 115518.6
call-AS-2025-09-13T18:16:00+00:00-d704b4d61ddd,,2025-09-13T18:24:00Z,path_ENTRY_DELAY_120,ENTRY,open 115518.6
call-AS-2025-09-13T18:16:00+00:00-d704b4d61ddd,,2025-09-13T18:24:00Z,path_HORIZON_ONLY,ENTRY,open 115518.6
call-AS-2025-09-13T18:16:00+00:00-d704b4d61ddd,,2025-09-13T18:27:00Z,path_PRIMARY,CLOSED,STOP exit 115573.9 price_net -0.0018790458852513794315374320672168810910104519965081
call-AS-2025-09-13T18:16:00+00:00-d704b4d61ddd,,2025-09-13T18:27:00Z,path_ENTRY_DELAY_0,CLOSED,STOP exit 115573.9 price_net -0.0018669124826869806094182825484764542936288088642687
call-AS-2025-09-13T18:16:00+00:00-d704b4d61ddd,,2025-09-13T18:27:00Z,path_ENTRY_DELAY_120,CLOSED,STOP exit 115573.9 price_net -0.0018790458852513794315374320672168810910104519965081
call-AS-2025-09-13T18:16:00+00:00-d704b4d61ddd,10379,2025-09-13T18:28:00Z,call_revision,INVALIDATED,r5 entry CLOSED THESIS_TERMINAL changed thesis terminal CERTIFIED_INVALIDATION_CONTACT:okx/BTC-USDT-SWAP/trade_bar_1m#obs@2025
call-AS-2025-09-13T18:16:00+00:00-d704b4d61ddd,10381,2025-09-13T18:28:00Z,scenario,TERMINAL,status TERMINAL anchor 3 R 115560.2 K 115469.7 V 115573.9 B 115077 term INVALIDATED reason V_CONTACT:okx/BTC-USDT-SWAP/trade_bar_1m#obs@2025-09-13T18:27:00Z
call-AS-2025-09-13T18:16:00+00:00-d704b4d61ddd,,2025-09-13T22:04:00Z,path_HORIZON_ONLY,CLOSED,HORIZON_EXIT exit 115864 price_net -0.0043920876811180190895665286802298504310128412221412
call-AS-2025-09-26T00:52:00+00:00-f17ddaf8ab3b,13018,2025-09-25T23:45:00Z,scenario,BIRTH,status WATCH anchor None R None K None V None B 108688 reason FALSE_AT_OR_AFTER_RELEASE_TO_TRUE
call-AS-2025-09-26T00:52:00+00:00-f17ddaf8ab3b,13028,2025-09-26T00:15:00Z,scenario,ARM,status ARMED anchor 1 R 109316 K 108892.8 V 109343.76 B 108688
call-AS-2025-09-26T00:52:00+00:00-f17ddaf8ab3b,13031,2025-09-26T00:21:00Z,scenario,ANCHOR_LOST,status WATCH anchor 1 R None K None V None B 108688 reason V_CONTACT:okx/BTC-USDT-SWAP/trade_bar_1m#obs@2025-09-26T00:20:00Z
call-AS-2025-09-26T00:52:00+00:00-f17ddaf8ab3b,13033,2025-09-26T00:30:00Z,scenario,REARM,status ARMED anchor 2 R 109355.2 K 109178.3 V 109382.96 B 108688 reason NEW_COMPLETE_STRICTLY_DEEPER_CLEAN_REACTION
call-AS-2025-09-26T00:52:00+00:00-f17ddaf8ab3b,13036,2025-09-26T00:32:00Z,scenario,CONFIRM,status CONFIRMED anchor 2 R 109355.2 K 109178.3 V 109382.96 B 108688 reason okx/BTC-USDT-SWAP/trade_bar_1m#obs@2025-09-26T00:31:00Z
call-AS-2025-09-26T00:52:00+00:00-f17ddaf8ab3b,13037,2025-09-26T00:32:00Z,entry_attempt,WAIT_OPEN,state WAIT_PRICE blockers REWARD_RISK_BELOW_MINIMUM price 109168.1 cap 108716.0 reason IMMEDIATE_ECONOMIC_FAILURE_RETURN_CORRIDOR_USABLE
call-AS-2025-09-26T00:52:00+00:00-f17ddaf8ab3b,13039,2025-09-26T00:33:00Z,entry_attempt,BLOCKERS,"state WAIT_PRICE blockers CLOSE_OUTSIDE_RETURN_CORRIDOR,REWARD_RISK_BELOW_MINIMUM price 109080 cap 108716.0"
call-AS-2025-09-26T00:52:00+00:00-f17ddaf8ab3b,13040,2025-09-26T00:44:00Z,entry_attempt,BLOCKERS,"state WAIT_PRICE blockers CLOSE_OUTSIDE_RETURN_CORRIDOR,NO_ROOM_AFTER_COSTS price 108837.5 cap 108716.0"
call-AS-2025-09-26T00:52:00+00:00-f17ddaf8ab3b,13044,2025-09-26T00:46:00Z,entry_attempt,BLOCKERS,"state WAIT_PRICE blockers CLOSE_OUTSIDE_RETURN_CORRIDOR,REWARD_RISK_BELOW_MINIMUM price 108885.3 cap 108716.0"
call-AS-2025-09-26T00:52:00+00:00-f17ddaf8ab3b,13045,2025-09-26T00:48:00Z,entry_attempt,BLOCKERS,"state WAIT_PRICE blockers CLOSE_OUTSIDE_RETURN_CORRIDOR,NO_ROOM_AFTER_COSTS price 108821.8 cap 108716.0"
call-AS-2025-09-26T00:52:00+00:00-f17ddaf8ab3b,13046,2025-09-26T00:49:00Z,entry_attempt,BLOCKERS,"state WAIT_PRICE blockers CLOSE_OUTSIDE_RETURN_CORRIDOR,REWARD_RISK_BELOW_MINIMUM price 108894.3 cap 108716.0"
call-AS-2025-09-26T00:52:00+00:00-f17ddaf8ab3b,13047,2025-09-26T00:52:00Z,entry_attempt,BLOCKERS,state WAIT_PRICE blockers - price 109324.9 cap 108716.0
call-AS-2025-09-26T00:52:00+00:00-f17ddaf8ab3b,13048,2025-09-26T00:52:00Z,entry_attempt,RETURN_USABLE,state WAIT_PRICE blockers - price 109324.9 cap 108716.0 reason okx/BTC-USDT-SWAP/trade_bar_1m#obs@2025-09-26T00:51:00Z
call-AS-2025-09-26T00:52:00+00:00-f17ddaf8ab3b,13049,2025-09-26T00:52:00Z,entry_attempt,ISSUE,state ISSUED blockers - price None cap 108716.0 reason call-AS-2025-09-26T00:52:00+00:00-f17ddaf8ab3b
call-AS-2025-09-26T00:52:00+00:00-f17ddaf8ab3b,13050,2025-09-26T00:52:00Z,call,NEW_CALL,"SHORT RETURN ref 109324.9 V 109383.0 T 108716.0 area ['109178.3', '109355.2']"
call-AS-2025-09-26T00:52:00+00:00-f17ddaf8ab3b,,2025-09-26T00:52:00Z,path_ENTRY_DELAY_0,ENTRY,open 109324.9
call-AS-2025-09-26T00:52:00+00:00-f17ddaf8ab3b,,2025-09-26T00:52:00Z,path_ENTRY_DELAY_0,CLOSED,STOP exit 109383.0 price_net -0.0019318154418618265372298534002775214063767723547148
call-AS-2025-09-26T00:52:00+00:00-f17ddaf8ab3b,13052,2025-09-26T00:53:00Z,call_revision,INVALIDATED,r1 entry CLOSED THESIS_TERMINAL changed thesis terminal CERTIFIED_INVALIDATION_CONTACT:okx/BTC-USDT-SWAP/trade_bar_1m#obs@2025
call-AS-2025-09-26T00:52:00+00:00-f17ddaf8ab3b,13054,2025-09-26T00:53:00Z,scenario,TERMINAL,status TERMINAL anchor 2 R 109355.2 K 109178.3 V 109382.96 B 108688 term INVALIDATED reason V_CONTACT:okx/BTC-USDT-SWAP/trade_bar_1m#obs@2025-09-26T00:52:00Z
call-AS-2025-09-26T00:52:00+00:00-f17ddaf8ab3b,,2025-09-26T00:54:00Z,path_PRIMARY,NO_ENTRY,CALL_TERMINAL_BEFORE_QUALIFYING_OPEN exit None price_net None
call-AS-2025-09-26T00:52:00+00:00-f17ddaf8ab3b,,2025-09-26T00:54:00Z,path_HORIZON_ONLY,NO_ENTRY,PRIMARY_PATH_NO_ENTRY exit None price_net None
call-AS-2025-09-26T00:52:00+00:00-f17ddaf8ab3b,,2025-09-26T00:55:00Z,path_ENTRY_DELAY_120,NO_ENTRY,CALL_TERMINAL_BEFORE_QUALIFYING_OPEN exit None price_net None
call-AL-2025-10-06T18:26:00+00:00-9e8449f1f9d1,15316,2025-10-06T17:30:00Z,scenario,BIRTH,status WATCH anchor None R None K None V None B 125833.9 reason FALSE_AT_OR_AFTER_RELEASE_TO_TRUE
call-AL-2025-10-06T18:26:00+00:00-9e8449f1f9d1,15320,2025-10-06T17:45:00Z,scenario,ARM,status ARMED anchor 1 R 125071.2 K 125662 V 125032.665 B 125833.9
call-AL-2025-10-06T18:26:00+00:00-9e8449f1f9d1,15324,2025-10-06T18:05:00Z,scenario,ANCHOR_LOST,status WATCH anchor 1 R None K None V None B 125833.9 reason V_CONTACT:okx/BTC-USDT-SWAP/trade_bar_1m#obs@2025-10-06T18:04:00Z
call-AL-2025-10-06T18:26:00+00:00-9e8449f1f9d1,15326,2025-10-06T18:15:00Z,scenario,REARM,status ARMED anchor 2 R 125005 K 125269.7 V 124966.465 B 125833.9 reason NEW_COMPLETE_STRICTLY_DEEPER_CLEAN_REACTION
call-AL-2025-10-06T18:26:00+00:00-9e8449f1f9d1,15328,2025-10-06T18:16:00Z,scenario,CONFIRM,status CONFIRMED anchor 2 R 125005 K 125269.7 V 124966.465 B 125833.9 reason okx/BTC-USDT-SWAP/trade_bar_1m#obs@2025-10-06T18:15:00Z
call-AL-2025-10-06T18:26:00+00:00-9e8449f1f9d1,15329,2025-10-06T18:16:00Z,entry_attempt,WAIT_OPEN,state WAIT_PRICE blockers REWARD_RISK_BELOW_MINIMUM price 125292.9 cap 125763.0 reason IMMEDIATE_ECONOMIC_FAILURE_RETURN_CORRIDOR_USABLE
call-AL-2025-10-06T18:26:00+00:00-9e8449f1f9d1,15331,2025-10-06T18:17:00Z,entry_attempt,BLOCKERS,"state WAIT_PRICE blockers CLOSE_OUTSIDE_RETURN_CORRIDOR,REWARD_RISK_BELOW_MINIMUM price 125306.8 cap 125763.0"
call-AL-2025-10-06T18:26:00+00:00-9e8449f1f9d1,15332,2025-10-06T18:23:00Z,entry_attempt,BLOCKERS,state WAIT_PRICE blockers REWARD_RISK_BELOW_MINIMUM price 125253.3 cap 125763.0
call-AL-2025-10-06T18:26:00+00:00-9e8449f1f9d1,15333,2025-10-06T18:26:00Z,entry_attempt,BLOCKERS,state WAIT_PRICE blockers - price 125136.6 cap 125763.0
call-AL-2025-10-06T18:26:00+00:00-9e8449f1f9d1,15334,2025-10-06T18:26:00Z,entry_attempt,RETURN_USABLE,state WAIT_PRICE blockers - price 125136.6 cap 125763.0 reason okx/BTC-USDT-SWAP/trade_bar_1m#obs@2025-10-06T18:25:00Z
call-AL-2025-10-06T18:26:00+00:00-9e8449f1f9d1,15335,2025-10-06T18:26:00Z,entry_attempt,ISSUE,state ISSUED blockers - price None cap 125763.0 reason call-AL-2025-10-06T18:26:00+00:00-9e8449f1f9d1
call-AL-2025-10-06T18:26:00+00:00-9e8449f1f9d1,15336,2025-10-06T18:26:00Z,call,NEW_CALL,"LONG RETURN ref 125136.6 V 124966.4 T 125763.0 area ['125005', '125269.7']"
call-AL-2025-10-06T18:26:00+00:00-9e8449f1f9d1,,2025-10-06T18:26:00Z,path_ENTRY_DELAY_0,ENTRY,open 125136.6
call-AL-2025-10-06T18:26:00+00:00-9e8449f1f9d1,,2025-10-06T18:27:00Z,path_PRIMARY,ENTRY,open 125114.7
call-AL-2025-10-06T18:26:00+00:00-9e8449f1f9d1,,2025-10-06T18:27:00Z,path_HORIZON_ONLY,ENTRY,open 125114.7
call-AL-2025-10-06T18:26:00+00:00-9e8449f1f9d1,,2025-10-06T18:28:00Z,path_ENTRY_DELAY_120,ENTRY,open 125130.6
call-AL-2025-10-06T18:26:00+00:00-9e8449f1f9d1,15338,2025-10-06T18:29:00Z,call_revision,ONGOING,r1 entry CLOSED REWARD_RISK_BELOW_MINIMUM changed entry
call-AL-2025-10-06T18:26:00+00:00-9e8449f1f9d1,15342,2025-10-06T18:32:00Z,call_revision,ONGOING,"r2 entry CLOSED PRICE_OUTSIDE_STRUCTURAL_AREA,REWARD_RISK_BELOW_MINIMUM changed entry_reasons"
call-AL-2025-10-06T18:26:00+00:00-9e8449f1f9d1,15347,2025-10-06T18:49:00Z,call_revision,ONGOING,"r3 entry CLOSED NO_ROOM_AFTER_COSTS,PRICE_OUTSIDE_STRUCTURAL_AREA changed entry_reasons"
call-AL-2025-10-06T18:26:00+00:00-9e8449f1f9d1,,2025-10-06T18:50:00Z,path_PRIMARY,CLOSED,TARGET exit 125763.0 price_net 0.0037780181705267246774359847404022069349165206006707
call-AL-2025-10-06T18:26:00+00:00-9e8449f1f9d1,,2025-10-06T18:50:00Z,path_ENTRY_DELAY_0,CLOSED,TARGET exit 125763.0 price_net 0.0036022257277247424015036368256769002833703329002508
call-AL-2025-10-06T18:26:00+00:00-9e8449f1f9d1,,2025-10-06T18:50:00Z,path_ENTRY_DELAY_120,CLOSED,TARGET exit 125763.0 price_net 0.0036503819209689716184530402635326610757081001769353
call-AL-2025-10-06T18:26:00+00:00-9e8449f1f9d1,15348,2025-10-06T18:51:00Z,call_revision,TARGET_REACHED,r4 entry CLOSED THESIS_TERMINAL changed thesis terminal CERTIFIED_TARGET_CONTACT:okx/BTC-USDT-SWAP/trade_bar_1m#obs@2025-10-06
call-AL-2025-10-06T18:26:00+00:00-9e8449f1f9d1,15350,2025-10-06T18:51:00Z,scenario,TERMINAL,status TERMINAL anchor 2 R 125005 K 125269.7 V 124966.465 B 125833.9 term DESTINATION_REACHED reason DESTINATION_CONTACT:okx/BTC-USDT-SWAP/trade_bar_1m#obs@2025-10-06T18:5
call-AL-2025-10-06T18:26:00+00:00-9e8449f1f9d1,,2025-10-06T22:17:00Z,path_HORIZON_ONLY,CLOSED,HORIZON_EXIT exit 125140.3 price_net -0.0011955309807720435728175825862188855506187522329904
call-AL-2025-10-19T20:13:00+00:00-43d9ac9ddcac,18116,2025-10-19T18:30:00Z,scenario,BIRTH,status WATCH anchor None R None K None V None B 109385.2 reason FALSE_AT_OR_AFTER_RELEASE_TO_TRUE
call-AL-2025-10-19T20:13:00+00:00-43d9ac9ddcac,18124,2025-10-19T19:15:00Z,scenario,ARM,status ARMED anchor 1 R 108833 K 109330.2 V 108806.155 B 109385.2
call-AL-2025-10-19T20:13:00+00:00-43d9ac9ddcac,18128,2025-10-19T19:36:00Z,scenario,ANCHOR_LOST,status WATCH anchor 1 R None K None V None B 109385.2 reason V_CONTACT:okx/BTC-USDT-SWAP/trade_bar_1m#obs@2025-10-19T19:35:00Z
call-AL-2025-10-19T20:13:00+00:00-43d9ac9ddcac,18131,2025-10-19T19:45:00Z,scenario,REARM,status ARMED anchor 2 R 108758.2 K 109096 V 108731.355 B 109385.2 reason NEW_COMPLETE_STRICTLY_DEEPER_CLEAN_REACTION
call-AL-2025-10-19T20:13:00+00:00-43d9ac9ddcac,18133,2025-10-19T20:00:00Z,scenario,REVISE,status ARMED anchor 3 R 108750 K 108918.6 V 108723.155 B 109385.2 reason LOWER_CLEAN_REACTION_REANCHOR
call-AL-2025-10-19T20:13:00+00:00-43d9ac9ddcac,18134,2025-10-19T20:08:00Z,scenario,CONFIRM,status CONFIRMED anchor 3 R 108750 K 108918.6 V 108723.155 B 109385.2 reason okx/BTC-USDT-SWAP/trade_bar_1m#obs@2025-10-19T20:07:00Z
call-AL-2025-10-19T20:13:00+00:00-43d9ac9ddcac,18135,2025-10-19T20:08:00Z,entry_attempt,WAIT_OPEN,state WAIT_PRICE blockers REWARD_RISK_BELOW_MINIMUM price 108927.9 cap 109356.8 reason IMMEDIATE_ECONOMIC_FAILURE_RETURN_CORRIDOR_USABLE
call-AL-2025-10-19T20:13:00+00:00-43d9ac9ddcac,18137,2025-10-19T20:09:00Z,entry_attempt,BLOCKERS,state WAIT_PRICE blockers REWARD_RISK_BELOW_MINIMUM price 108893.8 cap 109356.8
call-AL-2025-10-19T20:13:00+00:00-43d9ac9ddcac,18138,2025-10-19T20:13:00Z,entry_attempt,BLOCKERS,state WAIT_PRICE blockers - price 108851.9 cap 109356.8
call-AL-2025-10-19T20:13:00+00:00-43d9ac9ddcac,18139,2025-10-19T20:13:00Z,entry_attempt,RETURN_USABLE,state WAIT_PRICE blockers - price 108851.9 cap 109356.8 reason okx/BTC-USDT-SWAP/trade_bar_1m#obs@2025-10-19T20:12:00Z
call-AL-2025-10-19T20:13:00+00:00-43d9ac9ddcac,18140,2025-10-19T20:13:00Z,entry_attempt,ISSUE,state ISSUED blockers - price None cap 109356.8 reason call-AL-2025-10-19T20:13:00+00:00-43d9ac9ddcac
call-AL-2025-10-19T20:13:00+00:00-43d9ac9ddcac,18141,2025-10-19T20:13:00Z,call,NEW_CALL,"LONG RETURN ref 108851.9 V 108723.1 T 109356.8 area ['108750', '108918.6']"
call-AL-2025-10-19T20:13:00+00:00-43d9ac9ddcac,,2025-10-19T20:13:00Z,path_ENTRY_DELAY_0,ENTRY,open 108851.9
call-AL-2025-10-19T20:13:00+00:00-43d9ac9ddcac,,2025-10-19T20:14:00Z,path_PRIMARY,ENTRY,open 108830.1
call-AL-2025-10-19T20:13:00+00:00-43d9ac9ddcac,,2025-10-19T20:14:00Z,path_HORIZON_ONLY,ENTRY,open 108830.1
call-AL-2025-10-19T20:13:00+00:00-43d9ac9ddcac,,2025-10-19T20:15:00Z,path_ENTRY_DELAY_120,ENTRY,open 108833.8
call-AL-2025-10-19T20:13:00+00:00-43d9ac9ddcac,18145,2025-10-19T20:22:00Z,call_revision,ONGOING,r1 entry CLOSED REWARD_RISK_BELOW_MINIMUM changed entry
call-AL-2025-10-19T20:13:00+00:00-43d9ac9ddcac,18147,2025-10-19T20:23:00Z,call_revision,ONGOING,r2 entry AVAILABLE  changed entry
call-AL-2025-10-19T20:13:00+00:00-43d9ac9ddcac,18149,2025-10-19T20:26:00Z,call_revision,ONGOING,r3 entry CLOSED REWARD_RISK_BELOW_MINIMUM changed entry
call-AL-2025-10-19T20:13:00+00:00-43d9ac9ddcac,18152,2025-10-19T20:30:00Z,scenario,OWNER_RELEASE,status CONFIRMED anchor 3 R 108750 K 108918.6 V 108723.155 B 109385.2 reason ORIGINAL_SETUP_EXPIRY
call-AL-2025-10-19T20:13:00+00:00-43d9ac9ddcac,18153,2025-10-19T20:31:00Z,call_revision,ONGOING,r4 entry AVAILABLE  changed entry
call-AL-2025-10-19T20:13:00+00:00-43d9ac9ddcac,18157,2025-10-19T20:46:00Z,call_revision,ONGOING,"r5 entry CLOSED PRICE_OUTSIDE_STRUCTURAL_AREA,REWARD_RISK_BELOW_MINIMUM changed entry"
call-AL-2025-10-19T20:13:00+00:00-43d9ac9ddcac,18159,2025-10-19T20:47:00Z,call_revision,ONGOING,r6 entry CLOSED REWARD_RISK_BELOW_MINIMUM changed entry_reasons
call-AL-2025-10-19T20:13:00+00:00-43d9ac9ddcac,18160,2025-10-19T20:49:00Z,call_revision,ONGOING,r7 entry AVAILABLE  changed entry
call-AL-2025-10-19T20:13:00+00:00-43d9ac9ddcac,18162,2025-10-19T20:56:00Z,call_revision,ONGOING,r8 entry CLOSED REWARD_RISK_BELOW_MINIMUM changed entry
call-AL-2025-10-19T20:13:00+00:00-43d9ac9ddcac,18164,2025-10-19T20:58:00Z,call_revision,ONGOING,r9 entry AVAILABLE  changed entry
call-AL-2025-10-19T20:13:00+00:00-43d9ac9ddcac,,2025-10-19T21:12:00Z,path_PRIMARY,CLOSED,STOP exit 108723.1 price_net -0.0023824956514787728762539040210382973092921903039650
call-AL-2025-10-19T20:13:00+00:00-43d9ac9ddcac,,2025-10-19T21:12:00Z,path_ENTRY_DELAY_0,CLOSED,STOP exit 108723.1 price_net -0.0025824308073630317890638564875762389080943924727074
call-AL-2025-10-19T20:13:00+00:00-43d9ac9ddcac,,2025-10-19T21:12:00Z,path_ENTRY_DELAY_120,CLOSED,STOP exit 108723.1 price_net -0.0024164352434629683058020578165974173464493567255767
call-AL-2025-10-19T20:13:00+00:00-43d9ac9ddcac,18168,2025-10-19T21:13:00Z,call_revision,INVALIDATED,r10 entry CLOSED THESIS_TERMINAL changed thesis terminal CERTIFIED_INVALIDATION_CONTACT:okx/BTC-USDT-SWAP/trade_bar_1m#obs@2025
call-AL-2025-10-19T20:13:00+00:00-43d9ac9ddcac,18170,2025-10-19T21:13:00Z,scenario,TERMINAL,status TERMINAL anchor 3 R 108750 K 108918.6 V 108723.155 B 109385.2 term INVALIDATED reason V_CONTACT:okx/BTC-USDT-SWAP/trade_bar_1m#obs@2025-10-19T21:12:00Z
call-AL-2025-10-19T20:13:00+00:00-43d9ac9ddcac,,2025-10-20T00:09:00Z,path_HORIZON_ONLY,CLOSED,HORIZON_EXIT exit 108280.1 price_net -0.0064502112926478979620527776782342385057075202540477
call-AL-2025-10-26T23:34:00+00:00-58912bffa1f8,19755,2025-10-26T23:00:00Z,scenario,BIRTH,status WATCH anchor None R None K None V None B 115759.3 reason FALSE_AT_OR_AFTER_RELEASE_TO_TRUE
call-AL-2025-10-26T23:34:00+00:00-58912bffa1f8,19759,2025-10-26T23:15:00Z,scenario,ARM,status ARMED anchor 1 R 114363.2 K 114940.6 V 114343.28 B 115759.3
call-AL-2025-10-26T23:34:00+00:00-58912bffa1f8,19763,2025-10-26T23:30:00Z,scenario,ANCHOR_LOST,status WATCH anchor 1 R None K None V None B 115759.3 reason V_CONTACT:okx/BTC-USDT-SWAP/trade_bar_1m#obs@2025-10-26T23:29:00Z
call-AL-2025-10-26T23:34:00+00:00-58912bffa1f8,19764,2025-10-26T23:30:00Z,scenario,REARM,status ARMED anchor 2 R 114329.5 K 114540.5 V 114309.58 B 115759.3 reason NEW_COMPLETE_STRICTLY_DEEPER_CLEAN_REACTION
call-AL-2025-10-26T23:34:00+00:00-58912bffa1f8,19767,2025-10-26T23:34:00Z,scenario,CONFIRM,status CONFIRMED anchor 2 R 114329.5 K 114540.5 V 114309.58 B 115759.3 reason okx/BTC-USDT-SWAP/trade_bar_1m#obs@2025-10-26T23:33:00Z
call-AL-2025-10-26T23:34:00+00:00-58912bffa1f8,19768,2025-10-26T23:34:00Z,entry_attempt,ISSUE,state ISSUED blockers - price 114599.9 cap None reason call-AL-2025-10-26T23:34:00+00:00-58912bffa1f8
call-AL-2025-10-26T23:34:00+00:00-58912bffa1f8,19769,2025-10-26T23:34:00Z,call,NEW_CALL,"LONG IMMEDIATE ref 114599.9 V 114309.5 T 115739.3 area ['114546.1', '114653.7']"
call-AL-2025-10-26T23:34:00+00:00-58912bffa1f8,,2025-10-26T23:34:00Z,path_ENTRY_DELAY_0,ENTRY,open 114599.9
call-AL-2025-10-26T23:34:00+00:00-58912bffa1f8,,2025-10-26T23:35:00Z,path_PRIMARY,ENTRY,open 114623.4
call-AL-2025-10-26T23:34:00+00:00-58912bffa1f8,,2025-10-26T23:35:00Z,path_HORIZON_ONLY,ENTRY,open 114623.4
call-AL-2025-10-26T23:34:00+00:00-58912bffa1f8,19772,2025-10-26T23:36:00Z,call_revision,ONGOING,r1 entry CLOSED PRICE_OUTSIDE_STRUCTURAL_AREA changed entry
call-AL-2025-10-26T23:34:00+00:00-58912bffa1f8,19774,2025-10-26T23:37:00Z,call_revision,ONGOING,r2 entry AVAILABLE  changed entry
call-AL-2025-10-26T23:34:00+00:00-58912bffa1f8,,2025-10-26T23:37:00Z,path_ENTRY_DELAY_120,ENTRY,open 114572.7
call-AL-2025-10-26T23:34:00+00:00-58912bffa1f8,19777,2025-10-26T23:48:00Z,call_revision,ONGOING,r3 entry CLOSED PRICE_OUTSIDE_STRUCTURAL_AREA changed entry
call-AL-2025-10-26T23:34:00+00:00-58912bffa1f8,19779,2025-10-26T23:49:00Z,call_revision,ONGOING,r4 entry AVAILABLE  changed entry
call-AL-2025-10-26T23:34:00+00:00-58912bffa1f8,19781,2025-10-26T23:50:00Z,call_revision,ONGOING,r5 entry CLOSED PRICE_OUTSIDE_STRUCTURAL_AREA changed entry
call-AL-2025-10-26T23:34:00+00:00-58912bffa1f8,19794,2025-10-27T00:03:00Z,call_revision,ONGOING,r6 entry AVAILABLE  changed entry
call-AL-2025-10-26T23:34:00+00:00-58912bffa1f8,19796,2025-10-27T00:05:00Z,call_revision,ONGOING,r7 entry CLOSED PRICE_OUTSIDE_STRUCTURAL_AREA changed entry
call-AL-2025-10-26T23:34:00+00:00-58912bffa1f8,19798,2025-10-27T00:10:00Z,call_revision,ONGOING,"r8 entry CLOSED PRICE_OUTSIDE_STRUCTURAL_AREA,REWARD_RISK_BELOW_MINIMUM changed entry_reasons"
call-AL-2025-10-26T23:34:00+00:00-58912bffa1f8,19799,2025-10-27T00:11:00Z,call_revision,ONGOING,r9 entry CLOSED PRICE_OUTSIDE_STRUCTURAL_AREA changed entry_reasons
call-AL-2025-10-26T23:34:00+00:00-58912bffa1f8,19800,2025-10-27T00:14:00Z,call_revision,ONGOING,"r10 entry CLOSED PRICE_OUTSIDE_STRUCTURAL_AREA,REWARD_RISK_BELOW_MINIMUM changed entry_reasons"
call-AL-2025-10-26T23:34:00+00:00-58912bffa1f8,19801,2025-10-27T00:20:00Z,call_revision,ONGOING,"r11 entry CLOSED AT_OPPOSING_AREA,PRICE_OUTSIDE_STRUCTURAL_AREA,REWARD_RISK_BELOW_MINIMUM changed entry_reasons"
call-AL-2025-10-26T23:34:00+00:00-58912bffa1f8,19802,2025-10-27T00:21:00Z,call_revision,ONGOING,"r12 entry CLOSED PRICE_OUTSIDE_STRUCTURAL_AREA,REWARD_RISK_BELOW_MINIMUM changed entry_reasons"
call-AL-2025-10-26T23:34:00+00:00-58912bffa1f8,19803,2025-10-27T00:22:00Z,call_revision,ONGOING,r13 entry CLOSED PRICE_OUTSIDE_STRUCTURAL_AREA changed entry_reasons
call-AL-2025-10-26T23:34:00+00:00-58912bffa1f8,19804,2025-10-27T00:28:00Z,call_revision,ONGOING,"r14 entry CLOSED PRICE_OUTSIDE_STRUCTURAL_AREA,REWARD_RISK_BELOW_MINIMUM changed entry_reasons"
call-AL-2025-10-26T23:34:00+00:00-58912bffa1f8,19805,2025-10-27T00:35:00Z,call_revision,ONGOING,"r15 entry CLOSED AT_OPPOSING_AREA,PRICE_OUTSIDE_STRUCTURAL_AREA,REWARD_RISK_BELOW_MINIMUM changed entry_reasons"
call-AL-2025-10-26T23:34:00+00:00-58912bffa1f8,19806,2025-10-27T00:36:00Z,call_revision,ONGOING,"r16 entry CLOSED PRICE_OUTSIDE_STRUCTURAL_AREA,REWARD_RISK_BELOW_MINIMUM changed entry_reasons"
call-AL-2025-10-26T23:34:00+00:00-58912bffa1f8,19807,2025-10-27T00:39:00Z,call_revision,ONGOING,"r17 entry CLOSED AT_OPPOSING_AREA,PRICE_OUTSIDE_STRUCTURAL_AREA,REWARD_RISK_BELOW_MINIMUM changed entry_reasons"
call-AL-2025-10-26T23:34:00+00:00-58912bffa1f8,19808,2025-10-27T00:40:00Z,call_revision,ONGOING,"r18 entry CLOSED PRICE_OUTSIDE_STRUCTURAL_AREA,REWARD_RISK_BELOW_MINIMUM changed entry_reasons"
call-AL-2025-10-26T23:34:00+00:00-58912bffa1f8,19809,2025-10-27T00:41:00Z,call_revision,ONGOING,r19 entry CLOSED PRICE_OUTSIDE_STRUCTURAL_AREA changed entry_reasons
call-AL-2025-10-26T23:34:00+00:00-58912bffa1f8,19811,2025-10-27T00:45:00Z,call_revision,ONGOING,"r20 entry CLOSED PRICE_OUTSIDE_STRUCTURAL_AREA,REWARD_RISK_BELOW_MINIMUM changed entry_reasons"
call-AL-2025-10-26T23:34:00+00:00-58912bffa1f8,19812,2025-10-27T00:48:00Z,call_revision,ONGOING,r21 entry CLOSED PRICE_OUTSIDE_STRUCTURAL_AREA changed entry_reasons
call-AL-2025-10-26T23:34:00+00:00-58912bffa1f8,19813,2025-10-27T00:52:00Z,call_revision,ONGOING,r22 entry AVAILABLE  changed entry
call-AL-2025-10-26T23:34:00+00:00-58912bffa1f8,19815,2025-10-27T00:53:00Z,call_revision,ONGOING,r23 entry CLOSED PRICE_OUTSIDE_STRUCTURAL_AREA changed entry
call-AL-2025-10-26T23:34:00+00:00-58912bffa1f8,19819,2025-10-27T01:00:00Z,scenario,OWNER_RELEASE,status CONFIRMED anchor 2 R 114329.5 K 114540.5 V 114309.58 B 115759.3 reason ORIGINAL_SETUP_EXPIRY
call-AL-2025-10-26T23:34:00+00:00-58912bffa1f8,19822,2025-10-27T01:02:00Z,call_revision,ONGOING,"r24 entry CLOSED PRICE_OUTSIDE_STRUCTURAL_AREA,REWARD_RISK_BELOW_MINIMUM changed entry_reasons"
call-AL-2025-10-26T23:34:00+00:00-58912bffa1f8,19823,2025-10-27T01:03:00Z,call_revision,ONGOING,r25 entry CLOSED PRICE_OUTSIDE_STRUCTURAL_AREA changed entry_reasons
call-AL-2025-10-26T23:34:00+00:00-58912bffa1f8,19824,2025-10-27T01:04:00Z,call_revision,ONGOING,"r26 entry CLOSED PRICE_OUTSIDE_STRUCTURAL_AREA,REWARD_RISK_BELOW_MINIMUM changed entry_reasons"
call-AL-2025-10-26T23:34:00+00:00-58912bffa1f8,19825,2025-10-27T01:06:00Z,call_revision,ONGOING,r27 entry CLOSED PRICE_OUTSIDE_STRUCTURAL_AREA changed entry_reasons
call-AL-2025-10-26T23:34:00+00:00-58912bffa1f8,19826,2025-10-27T01:07:00Z,call_revision,ONGOING,"r28 entry CLOSED PRICE_OUTSIDE_STRUCTURAL_AREA,REWARD_RISK_BELOW_MINIMUM changed entry_reasons"
call-AL-2025-10-26T23:34:00+00:00-58912bffa1f8,19827,2025-10-27T01:08:00Z,call_revision,ONGOING,r29 entry CLOSED PRICE_OUTSIDE_STRUCTURAL_AREA changed entry_reasons
call-AL-2025-10-26T23:34:00+00:00-58912bffa1f8,19828,2025-10-27T01:11:00Z,call_revision,ONGOING,"r30 entry CLOSED PRICE_OUTSIDE_STRUCTURAL_AREA,REWARD_RISK_BELOW_MINIMUM changed entry_reasons"
call-AL-2025-10-26T23:34:00+00:00-58912bffa1f8,19829,2025-10-27T01:12:00Z,call_revision,ONGOING,"r31 entry CLOSED AT_OPPOSING_AREA,PRICE_OUTSIDE_STRUCTURAL_AREA,REWARD_RISK_BELOW_MINIMUM changed entry_reasons"
call-AL-2025-10-26T23:34:00+00:00-58912bffa1f8,19830,2025-10-27T01:14:00Z,call_revision,ONGOING,"r32 entry CLOSED PRICE_OUTSIDE_STRUCTURAL_AREA,REWARD_RISK_BELOW_MINIMUM changed entry_reasons"
call-AL-2025-10-26T23:34:00+00:00-58912bffa1f8,19832,2025-10-27T01:15:00Z,call_revision,ONGOING,"r33 entry CLOSED AT_OPPOSING_AREA,PRICE_OUTSIDE_STRUCTURAL_AREA,REWARD_RISK_BELOW_MINIMUM changed entry_reasons"
call-AL-2025-10-26T23:34:00+00:00-58912bffa1f8,19835,2025-10-27T01:17:00Z,call_revision,ONGOING,"r34 entry CLOSED PRICE_OUTSIDE_STRUCTURAL_AREA,REWARD_RISK_BELOW_MINIMUM changed entry_reasons"
call-AL-2025-10-26T23:34:00+00:00-58912bffa1f8,19836,2025-10-27T01:18:00Z,call_revision,ONGOING,"r35 entry CLOSED AT_OPPOSING_AREA,PRICE_OUTSIDE_STRUCTURAL_AREA,REWARD_RISK_BELOW_MINIMUM changed entry_reasons"
call-AL-2025-10-26T23:34:00+00:00-58912bffa1f8,19837,2025-10-27T01:19:00Z,call_revision,ONGOING,"r36 entry CLOSED PRICE_OUTSIDE_STRUCTURAL_AREA,REWARD_RISK_BELOW_MINIMUM changed entry_reasons"
call-AL-2025-10-26T23:34:00+00:00-58912bffa1f8,19838,2025-10-27T01:20:00Z,call_revision,ONGOING,"r37 entry CLOSED AT_OPPOSING_AREA,PRICE_OUTSIDE_STRUCTURAL_AREA,REWARD_RISK_BELOW_MINIMUM changed entry_reasons"
call-AL-2025-10-26T23:34:00+00:00-58912bffa1f8,19839,2025-10-27T01:21:00Z,call_revision,ONGOING,"r38 entry CLOSED PRICE_OUTSIDE_STRUCTURAL_AREA,REWARD_RISK_BELOW_MINIMUM changed entry_reasons"
call-AL-2025-10-26T23:34:00+00:00-58912bffa1f8,19840,2025-10-27T01:23:00Z,call_revision,ONGOING,"r39 entry CLOSED AT_OPPOSING_AREA,PRICE_OUTSIDE_STRUCTURAL_AREA,REWARD_RISK_BELOW_MINIMUM changed entry_reasons"
call-AL-2025-10-26T23:34:00+00:00-58912bffa1f8,19841,2025-10-27T01:29:00Z,call_revision,ONGOING,"r40 entry CLOSED PRICE_OUTSIDE_STRUCTURAL_AREA,REWARD_RISK_BELOW_MINIMUM changed entry_reasons"
call-AL-2025-10-26T23:34:00+00:00-58912bffa1f8,19848,2025-10-27T01:36:00Z,call_revision,ONGOING,"r41 entry CLOSED AT_OPPOSING_AREA,PRICE_OUTSIDE_STRUCTURAL_AREA,REWARD_RISK_BELOW_MINIMUM changed entry_reasons"
call-AL-2025-10-26T23:34:00+00:00-58912bffa1f8,19849,2025-10-27T01:40:00Z,call_revision,ONGOING,"r42 entry CLOSED PRICE_OUTSIDE_STRUCTURAL_AREA,REWARD_RISK_BELOW_MINIMUM changed entry_reasons"
call-AL-2025-10-26T23:34:00+00:00-58912bffa1f8,19850,2025-10-27T01:42:00Z,call_revision,ONGOING,"r43 entry CLOSED AT_OPPOSING_AREA,PRICE_OUTSIDE_STRUCTURAL_AREA,REWARD_RISK_BELOW_MINIMUM changed entry_reasons"
call-AL-2025-10-26T23:34:00+00:00-58912bffa1f8,19854,2025-10-27T01:45:00Z,call_revision,ONGOING,"r44 entry CLOSED PRICE_OUTSIDE_STRUCTURAL_AREA,REWARD_RISK_BELOW_MINIMUM changed entry_reasons"
call-AL-2025-10-26T23:34:00+00:00-58912bffa1f8,19860,2025-10-27T02:35:00Z,call_revision,ONGOING,r45 entry CLOSED PRICE_OUTSIDE_STRUCTURAL_AREA changed entry_reasons
call-AL-2025-10-26T23:34:00+00:00-58912bffa1f8,19861,2025-10-27T02:36:00Z,call_revision,ONGOING,"r46 entry CLOSED PRICE_OUTSIDE_STRUCTURAL_AREA,REWARD_RISK_BELOW_MINIMUM changed entry_reasons"
call-AL-2025-10-26T23:34:00+00:00-58912bffa1f8,19866,2025-10-27T02:55:00Z,call_revision,ONGOING,r47 entry CLOSED PRICE_OUTSIDE_STRUCTURAL_AREA changed entry_reasons
call-AL-2025-10-26T23:34:00+00:00-58912bffa1f8,19867,2025-10-27T02:56:00Z,call_revision,ONGOING,"r48 entry CLOSED PRICE_OUTSIDE_STRUCTURAL_AREA,REWARD_RISK_BELOW_MINIMUM changed entry_reasons"
call-AL-2025-10-26T23:34:00+00:00-58912bffa1f8,19871,2025-10-27T03:01:00Z,call_revision,ONGOING,r49 entry CLOSED PRICE_OUTSIDE_STRUCTURAL_AREA changed entry_reasons
call-AL-2025-10-26T23:34:00+00:00-58912bffa1f8,19872,2025-10-27T03:03:00Z,call_revision,ONGOING,"r50 entry CLOSED PRICE_OUTSIDE_STRUCTURAL_AREA,REWARD_RISK_BELOW_MINIMUM changed entry_reasons"
call-AL-2025-10-26T23:34:00+00:00-58912bffa1f8,19873,2025-10-27T03:04:00.000001Z,call_revision,ONGOING,"r51 entry CLOSED PRICE_OUTSIDE_STRUCTURAL_AREA,REWARD_RISK_BELOW_MINIMUM,TOO_LATE changed entry_reasons"
call-AL-2025-10-26T23:34:00+00:00-58912bffa1f8,19880,2025-10-27T03:34:00Z,call_revision,TIME_EXPIRED,r52 entry CLOSED THESIS_TERMINAL changed thesis terminal HARD_DEADLINE
call-AL-2025-10-26T23:34:00+00:00-58912bffa1f8,19882,2025-10-27T03:34:00Z,scenario,TERMINAL,status TERMINAL anchor 2 R 114329.5 K 114540.5 V 114309.58 B 115759.3 term TIME_EXPIRED reason CONFIRMED_HARD_DEADLINE
call-AL-2025-10-26T23:34:00+00:00-58912bffa1f8,,2025-10-27T03:35:00Z,path_PRIMARY,CLOSED,GUIDANCE_TIME_EXPIRED exit 114899.7 price_net 0.0010088152157412884280173158360334800747491349933667
call-AL-2025-10-26T23:34:00+00:00-58912bffa1f8,,2025-10-27T03:35:00Z,path_ENTRY_DELAY_0,CLOSED,GUIDANCE_TIME_EXPIRED exit 114899.7 price_net 0.0012142268885051383116390153918109876186628435103663
call-AL-2025-10-26T23:34:00+00:00-58912bffa1f8,,2025-10-27T03:35:00Z,path_ENTRY_DELAY_120,CLOSED,GUIDANCE_TIME_EXPIRED exit 114899.7 price_net 0.0014520851825958539861590064648908509618783532202296
call-AL-2025-10-26T23:34:00+00:00-58912bffa1f8,,2025-10-27T03:35:00Z,path_HORIZON_ONLY,CLOSED,HORIZON_EXIT exit 114899.7 price_net 0.0010088152157412884280173158360334800747491349933667
call-AL-2025-10-31T03:32:00+00:00-2894bcfa65ed,20747,2025-10-31T02:00:00Z,scenario,BIRTH,status WATCH anchor None R None K None V None B 109983.7 reason FALSE_AT_OR_AFTER_RELEASE_TO_TRUE
call-AL-2025-10-31T03:32:00+00:00-2894bcfa65ed,20751,2025-10-31T02:15:00Z,scenario,ARM,status ARMED anchor 1 R 108953.3 K 109627.9 V 108919.31 B 109983.7
call-AL-2025-10-31T03:32:00+00:00-2894bcfa65ed,20755,2025-10-31T02:39:00Z,scenario,ANCHOR_LOST,status WATCH anchor 1 R None K None V None B 109983.7 reason V_CONTACT:okx/BTC-USDT-SWAP/trade_bar_1m#obs@2025-10-31T02:38:00Z
call-AL-2025-10-31T03:32:00+00:00-2894bcfa65ed,20758,2025-10-31T02:45:00Z,scenario,REARM,status ARMED anchor 2 R 108663.5 K 109350 V 108629.51 B 109983.7 reason NEW_COMPLETE_STRICTLY_DEEPER_CLEAN_REACTION
call-AL-2025-10-31T03:32:00+00:00-2894bcfa65ed,20760,2025-10-31T02:48:00Z,scenario,ANCHOR_LOST,status WATCH anchor 2 R None K None V None B 109983.7 reason V_CONTACT:okx/BTC-USDT-SWAP/trade_bar_1m#obs@2025-10-31T02:47:00Z
call-AL-2025-10-31T03:32:00+00:00-2894bcfa65ed,20762,2025-10-31T03:00:00Z,scenario,REARM,status ARMED anchor 3 R 108498.6 K 108914 V 108464.61 B 109983.7 reason NEW_COMPLETE_STRICTLY_DEEPER_CLEAN_REACTION
call-AL-2025-10-31T03:32:00+00:00-2894bcfa65ed,20764,2025-10-31T03:08:00Z,scenario,CONFIRM,status CONFIRMED anchor 3 R 108498.6 K 108914 V 108464.61 B 109983.7 reason okx/BTC-USDT-SWAP/trade_bar_1m#obs@2025-10-31T03:07:00Z
call-AL-2025-10-31T03:32:00+00:00-2894bcfa65ed,20765,2025-10-31T03:08:00Z,entry_attempt,WAIT_OPEN,state WAIT_PRICE blockers REWARD_RISK_BELOW_MINIMUM price 109015 cap 109947.8 reason IMMEDIATE_ECONOMIC_FAILURE_RETURN_CORRIDOR_USABLE
call-AL-2025-10-31T03:32:00+00:00-2894bcfa65ed,20767,2025-10-31T03:09:00Z,entry_attempt,BLOCKERS,"state WAIT_PRICE blockers CLOSE_OUTSIDE_RETURN_CORRIDOR,REWARD_RISK_BELOW_MINIMUM price 108990.9 cap 109947.8"
call-AL-2025-10-31T03:32:00+00:00-2894bcfa65ed,20768,2025-10-31T03:15:00Z,entry_attempt,BLOCKERS,state WAIT_PRICE blockers CLOSE_OUTSIDE_RETURN_CORRIDOR price 108972 cap 109947.8
call-AL-2025-10-31T03:32:00+00:00-2894bcfa65ed,20769,2025-10-31T03:18:00Z,entry_attempt,BLOCKERS,"state WAIT_PRICE blockers CLOSE_OUTSIDE_RETURN_CORRIDOR,REWARD_RISK_BELOW_MINIMUM price 109015.1 cap 109947.8"
call-AL-2025-10-31T03:32:00+00:00-2894bcfa65ed,20774,2025-10-31T03:32:00Z,entry_attempt,BLOCKERS,state WAIT_PRICE blockers - price 108873.9 cap 109947.8
call-AL-2025-10-31T03:32:00+00:00-2894bcfa65ed,20775,2025-10-31T03:32:00Z,entry_attempt,RETURN_USABLE,state WAIT_PRICE blockers - price 108873.9 cap 109947.8 reason okx/BTC-USDT-SWAP/trade_bar_1m#obs@2025-10-31T03:31:00Z
call-AL-2025-10-31T03:32:00+00:00-2894bcfa65ed,20776,2025-10-31T03:32:00Z,entry_attempt,ISSUE,state ISSUED blockers - price None cap 109947.8 reason call-AL-2025-10-31T03:32:00+00:00-2894bcfa65ed
call-AL-2025-10-31T03:32:00+00:00-2894bcfa65ed,20777,2025-10-31T03:32:00Z,call,NEW_CALL,"LONG RETURN ref 108873.9 V 108464.6 T 109947.8 area ['108498.6', '108914']"
call-AL-2025-10-31T03:32:00+00:00-2894bcfa65ed,,2025-10-31T03:32:00Z,path_ENTRY_DELAY_0,ENTRY,open 108873.9
call-AL-2025-10-31T03:32:00+00:00-2894bcfa65ed,,2025-10-31T03:33:00Z,path_PRIMARY,ENTRY,open 108876.9
call-AL-2025-10-31T03:32:00+00:00-2894bcfa65ed,,2025-10-31T03:33:00Z,path_HORIZON_ONLY,ENTRY,open 108876.9
call-AL-2025-10-31T03:32:00+00:00-2894bcfa65ed,,2025-10-31T03:34:00Z,path_ENTRY_DELAY_120,ENTRY,open 108899.1
call-AL-2025-10-31T03:32:00+00:00-2894bcfa65ed,20779,2025-10-31T03:35:00Z,call_revision,ONGOING,r1 entry CLOSED PRICE_OUTSIDE_STRUCTURAL_AREA changed entry
call-AL-2025-10-31T03:32:00+00:00-2894bcfa65ed,20781,2025-10-31T03:36:00Z,call_revision,ONGOING,"r2 entry CLOSED PRICE_OUTSIDE_STRUCTURAL_AREA,REWARD_RISK_BELOW_MINIMUM changed entry_reasons"
call-AL-2025-10-31T03:32:00+00:00-2894bcfa65ed,20782,2025-10-31T03:41:00Z,call_revision,ONGOING,r3 entry AVAILABLE  changed entry
call-AL-2025-10-31T03:32:00+00:00-2894bcfa65ed,20785,2025-10-31T03:46:00Z,call_revision,ONGOING,r4 entry CLOSED PRICE_OUTSIDE_STRUCTURAL_AREA changed entry
call-AL-2025-10-31T03:32:00+00:00-2894bcfa65ed,20787,2025-10-31T03:47:00Z,call_revision,ONGOING,"r5 entry CLOSED PRICE_OUTSIDE_STRUCTURAL_AREA,REWARD_RISK_BELOW_MINIMUM changed entry_reasons"
call-AL-2025-10-31T03:32:00+00:00-2894bcfa65ed,20789,2025-10-31T04:00:00Z,scenario,OWNER_RELEASE,status CONFIRMED anchor 3 R 108498.6 K 108914 V 108464.61 B 109983.7 reason ORIGINAL_SETUP_EXPIRY
call-AL-2025-10-31T03:32:00+00:00-2894bcfa65ed,,2025-10-31T04:40:00Z,path_PRIMARY,CLOSED,TARGET exit 109947.8 price_net 0.0084289937534959206222807592795165916737159121907684
call-AL-2025-10-31T03:32:00+00:00-2894bcfa65ed,,2025-10-31T04:40:00Z,path_ENTRY_DELAY_0,CLOSED,TARGET exit 109947.8 price_net 0.0084568001146280237963368631049314849564496174014056
call-AL-2025-10-31T03:32:00+00:00-2894bcfa65ed,,2025-10-31T04:40:00Z,path_ENTRY_DELAY_120,CLOSED,TARGET exit 109947.8 price_net 0.0082232742970327578464835797541026509860963038261559
call-AL-2025-10-31T03:32:00+00:00-2894bcfa65ed,20793,2025-10-31T04:41:00Z,call_revision,TARGET_REACHED,r6 entry CLOSED THESIS_TERMINAL changed thesis terminal CERTIFIED_TARGET_CONTACT:okx/BTC-USDT-SWAP/trade_bar_1m#obs@2025-10-31
call-AL-2025-10-31T03:32:00+00:00-2894bcfa65ed,20795,2025-10-31T04:41:00Z,scenario,TERMINAL,status TERMINAL anchor 3 R 108498.6 K 108914 V 108464.61 B 109983.7 term DESTINATION_REACHED reason DESTINATION_CONTACT:okx/BTC-USDT-SWAP/trade_bar_1m#obs@2025-10-31T04:4
call-AL-2025-10-31T03:32:00+00:00-2894bcfa65ed,,2025-10-31T07:09:00Z,path_HORIZON_ONLY,CLOSED,HORIZON_EXIT exit 109393.2 price_net 0.0033387332850218916960346960650055245878602348156909
call-AS-2025-11-17T21:44:00+00:00-e3460d418aaa,24761,2025-11-17T20:15:00Z,scenario,BIRTH,status WATCH anchor None R None K None V None B 91255.1 reason FALSE_AT_OR_AFTER_RELEASE_TO_TRUE
call-AS-2025-11-17T21:44:00+00:00-e3460d418aaa,24765,2025-11-17T20:30:00Z,scenario,ARM,status ARMED anchor 1 R 92079.6 K 91362.4 V 92134.575 B 91255.1
call-AS-2025-11-17T21:44:00+00:00-e3460d418aaa,24769,2025-11-17T20:52:00Z,scenario,ANCHOR_LOST,status WATCH anchor 1 R None K None V None B 91255.1 reason V_CONTACT:okx/BTC-USDT-SWAP/trade_bar_1m#obs@2025-11-17T20:51:00Z
call-AS-2025-11-17T21:44:00+00:00-e3460d418aaa,24772,2025-11-17T21:00:00Z,scenario,REARM,status ARMED anchor 2 R 92191.7 K 91579.1 V 92246.675 B 91255.1 reason NEW_COMPLETE_STRICTLY_DEEPER_CLEAN_REACTION
call-AS-2025-11-17T21:44:00+00:00-e3460d418aaa,24775,2025-11-17T21:15:00Z,scenario,REVISE,status ARMED anchor 3 R 92223.5 K 91877.4 V 92278.475 B 91255.1 reason LOWER_CLEAN_REACTION_REANCHOR
call-AS-2025-11-17T21:44:00+00:00-e3460d418aaa,24776,2025-11-17T21:18:00Z,scenario,CONFIRM,status CONFIRMED anchor 3 R 92223.5 K 91877.4 V 92278.475 B 91255.1 reason okx/BTC-USDT-SWAP/trade_bar_1m#obs@2025-11-17T21:17:00Z
call-AS-2025-11-17T21:44:00+00:00-e3460d418aaa,24777,2025-11-17T21:18:00Z,entry_attempt,WAIT_OPEN,state WAIT_PRICE blockers REWARD_RISK_BELOW_MINIMUM price 91843.5 cap 91310.1 reason IMMEDIATE_ECONOMIC_FAILURE_RETURN_CORRIDOR_USABLE
call-AS-2025-11-17T21:44:00+00:00-e3460d418aaa,24779,2025-11-17T21:19:00Z,entry_attempt,BLOCKERS,"state WAIT_PRICE blockers CLOSE_OUTSIDE_RETURN_CORRIDOR,REWARD_RISK_BELOW_MINIMUM price 91770 cap 91310.1"
call-AS-2025-11-17T21:44:00+00:00-e3460d418aaa,24780,2025-11-17T21:44:00Z,entry_attempt,BLOCKERS,state WAIT_PRICE blockers - price 92031 cap 91310.1
call-AS-2025-11-17T21:44:00+00:00-e3460d418aaa,24781,2025-11-17T21:44:00Z,entry_attempt,RETURN_USABLE,state WAIT_PRICE blockers - price 92031 cap 91310.1 reason okx/BTC-USDT-SWAP/trade_bar_1m#obs@2025-11-17T21:43:00Z
call-AS-2025-11-17T21:44:00+00:00-e3460d418aaa,24782,2025-11-17T21:44:00Z,entry_attempt,ISSUE,state ISSUED blockers - price None cap 91310.1 reason call-AS-2025-11-17T21:44:00+00:00-e3460d418aaa
call-AS-2025-11-17T21:44:00+00:00-e3460d418aaa,24783,2025-11-17T21:44:00Z,call,NEW_CALL,"SHORT RETURN ref 92031 V 92278.5 T 91310.1 area ['91877.4', '92223.5']"
call-AS-2025-11-17T21:44:00+00:00-e3460d418aaa,,2025-11-17T21:44:00Z,path_ENTRY_DELAY_0,ENTRY,open 92030.9
call-AS-2025-11-17T21:44:00+00:00-e3460d418aaa,24786,2025-11-17T21:45:00Z,call_revision,ONGOING,"r1 entry CLOSED PRICE_OUTSIDE_STRUCTURAL_AREA,REWARD_RISK_BELOW_MINIMUM changed entry"
call-AS-2025-11-17T21:44:00+00:00-e3460d418aaa,24790,2025-11-17T21:58:00Z,call_revision,ONGOING,r2 entry CLOSED REWARD_RISK_BELOW_MINIMUM changed entry_reasons
call-AS-2025-11-17T21:44:00+00:00-e3460d418aaa,24791,2025-11-17T22:02:00Z,call_revision,ONGOING,"r3 entry CLOSED PRICE_OUTSIDE_STRUCTURAL_AREA,REWARD_RISK_BELOW_MINIMUM changed entry_reasons"
call-AS-2025-11-17T21:44:00+00:00-e3460d418aaa,24792,2025-11-17T22:04:00Z,call_revision,ONGOING,r4 entry CLOSED REWARD_RISK_BELOW_MINIMUM changed entry_reasons
call-AS-2025-11-17T21:44:00+00:00-e3460d418aaa,24793,2025-11-17T22:05:00Z,call_revision,ONGOING,"r5 entry CLOSED PRICE_OUTSIDE_STRUCTURAL_AREA,REWARD_RISK_BELOW_MINIMUM changed entry_reasons"
call-AS-2025-11-17T21:44:00+00:00-e3460d418aaa,24794,2025-11-17T22:07:00Z,call_revision,ONGOING,r6 entry CLOSED REWARD_RISK_BELOW_MINIMUM changed entry_reasons
call-AS-2025-11-17T21:44:00+00:00-e3460d418aaa,24795,2025-11-17T22:08:00Z,call_revision,ONGOING,r7 entry AVAILABLE  changed entry
call-AS-2025-11-17T21:44:00+00:00-e3460d418aaa,,2025-11-17T22:08:00Z,path_PRIMARY,ENTRY,open 91976.4
call-AS-2025-11-17T21:44:00+00:00-e3460d418aaa,,2025-11-17T22:08:00Z,path_ENTRY_DELAY_120,ENTRY,open 91976.4
call-AS-2025-11-17T21:44:00+00:00-e3460d418aaa,,2025-11-17T22:08:00Z,path_HORIZON_ONLY,ENTRY,open 91976.4
call-AS-2025-11-17T21:44:00+00:00-e3460d418aaa,24798,2025-11-17T22:15:00Z,scenario,OWNER_RELEASE,status CONFIRMED anchor 3 R 92223.5 K 91877.4 V 92278.475 B 91255.1 reason ORIGINAL_SETUP_EXPIRY
call-AS-2025-11-17T21:44:00+00:00-e3460d418aaa,24801,2025-11-17T22:21:00Z,call_revision,ONGOING,r8 entry CLOSED REWARD_RISK_BELOW_MINIMUM changed entry
call-AS-2025-11-17T21:44:00+00:00-e3460d418aaa,24803,2025-11-17T22:22:00Z,call_revision,ONGOING,r9 entry AVAILABLE  changed entry
call-AS-2025-11-17T21:44:00+00:00-e3460d418aaa,,2025-11-17T22:42:00Z,path_PRIMARY,CLOSED,STOP exit 92278.5 price_net -0.0046868373843725129489738672094145889597766383550366
call-AS-2025-11-17T21:44:00+00:00-e3460d418aaa,,2025-11-17T22:42:00Z,path_ENTRY_DELAY_0,CLOSED,STOP exit 92278.5 price_net -0.0040922840046114946175686644377051620705654296546380
call-AS-2025-11-17T21:44:00+00:00-e3460d418aaa,,2025-11-17T22:42:00Z,path_ENTRY_DELAY_120,CLOSED,STOP exit 92278.5 price_net -0.0046868373843725129489738672094145889597766383550366
call-AS-2025-11-17T21:44:00+00:00-e3460d418aaa,24805,2025-11-17T22:43:00Z,call_revision,INVALIDATED,r10 entry CLOSED THESIS_TERMINAL changed thesis terminal CERTIFIED_INVALIDATION_CONTACT:okx/BTC-USDT-SWAP/trade_bar_1m#obs@2025
call-AS-2025-11-17T21:44:00+00:00-e3460d418aaa,24807,2025-11-17T22:43:00Z,scenario,TERMINAL,status TERMINAL anchor 3 R 92223.5 K 91877.4 V 92278.475 B 91255.1 term INVALIDATED reason V_CONTACT:okx/BTC-USDT-SWAP/trade_bar_1m#obs@2025-11-17T22:42:00Z
call-AS-2025-11-17T21:44:00+00:00-e3460d418aaa,,2025-11-18T01:19:00Z,path_HORIZON_ONLY,CLOSED,HORIZON_EXIT exit 92009.2 price_net -0.0017568628474260788637085165325018156831535045946171
call-AL-2025-11-23T06:18:00+00:00-6f3abde747e4,26004,2025-11-23T04:45:00Z,scenario,BIRTH,status WATCH anchor None R None K None V None B 86823.5 reason FALSE_AT_OR_AFTER_RELEASE_TO_TRUE
call-AL-2025-11-23T06:18:00+00:00-6f3abde747e4,26008,2025-11-23T05:00:00Z,scenario,ARM,status ARMED anchor 1 R 86408.9 K 86646.4 V 86375.305 B 86823.5
call-AL-2025-11-23T06:18:00+00:00-6f3abde747e4,26010,2025-11-23T05:04:00Z,scenario,ANCHOR_LOST,status WATCH anchor 1 R None K None V None B 86823.5 reason V_CONTACT:okx/BTC-USDT-SWAP/trade_bar_1m#obs@2025-11-23T05:03:00Z
call-AL-2025-11-23T06:18:00+00:00-6f3abde747e4,26013,2025-11-23T05:15:00Z,scenario,REARM,status ARMED anchor 2 R 86320 K 86542 V 86286.405 B 86823.5 reason NEW_COMPLETE_STRICTLY_DEEPER_CLEAN_REACTION
call-AL-2025-11-23T06:18:00+00:00-6f3abde747e4,26016,2025-11-23T05:24:00Z,scenario,ANCHOR_LOST,status WATCH anchor 2 R None K None V None B 86823.5 reason V_CONTACT:okx/BTC-USDT-SWAP/trade_bar_1m#obs@2025-11-23T05:23:00Z
call-AL-2025-11-23T06:18:00+00:00-6f3abde747e4,26019,2025-11-23T05:30:00Z,scenario,REARM,status ARMED anchor 3 R 86175.8 K 86400 V 86142.205 B 86823.5 reason NEW_COMPLETE_STRICTLY_DEEPER_CLEAN_REACTION
call-AL-2025-11-23T06:18:00+00:00-6f3abde747e4,26022,2025-11-23T05:35:00Z,scenario,ANCHOR_LOST,status WATCH anchor 3 R None K None V None B 86823.5 reason V_CONTACT:okx/BTC-USDT-SWAP/trade_bar_1m#obs@2025-11-23T05:34:00Z
call-AL-2025-11-23T06:18:00+00:00-6f3abde747e4,26024,2025-11-23T05:45:00Z,scenario,REARM,status ARMED anchor 4 R 85945.6 K 86232.3 V 85912.005 B 86823.5 reason NEW_COMPLETE_STRICTLY_DEEPER_CLEAN_REACTION
call-AL-2025-11-23T06:18:00+00:00-6f3abde747e4,26027,2025-11-23T05:55:00Z,scenario,CONFIRM,status CONFIRMED anchor 4 R 85945.6 K 86232.3 V 85912.005 B 86823.5 reason okx/BTC-USDT-SWAP/trade_bar_1m#obs@2025-11-23T05:54:00Z
call-AL-2025-11-23T06:18:00+00:00-6f3abde747e4,26028,2025-11-23T05:55:00Z,entry_attempt,WAIT_OPEN,state WAIT_PRICE blockers REWARD_RISK_BELOW_MINIMUM price 86234.8 cap 86789.9 reason IMMEDIATE_ECONOMIC_FAILURE_RETURN_CORRIDOR_USABLE
call-AL-2025-11-23T06:18:00+00:00-6f3abde747e4,26030,2025-11-23T05:56:00Z,entry_attempt,BLOCKERS,state WAIT_PRICE blockers REWARD_RISK_BELOW_MINIMUM price 86208 cap 86789.9
call-AL-2025-11-23T06:18:00+00:00-6f3abde747e4,26031,2025-11-23T05:58:00Z,entry_attempt,BLOCKERS,"state WAIT_PRICE blockers CLOSE_OUTSIDE_RETURN_CORRIDOR,REWARD_RISK_BELOW_MINIMUM price 86273.8 cap 86789.9"
call-AL-2025-11-23T06:18:00+00:00-6f3abde747e4,26036,2025-11-23T06:17:00Z,entry_attempt,BLOCKERS,state WAIT_PRICE blockers REWARD_RISK_BELOW_MINIMUM price 86219.3 cap 86789.9
call-AL-2025-11-23T06:18:00+00:00-6f3abde747e4,26037,2025-11-23T06:18:00Z,entry_attempt,BLOCKERS,state WAIT_PRICE blockers - price 86188 cap 86789.9
call-AL-2025-11-23T06:18:00+00:00-6f3abde747e4,26038,2025-11-23T06:18:00Z,entry_attempt,RETURN_USABLE,state WAIT_PRICE blockers - price 86188 cap 86789.9 reason okx/BTC-USDT-SWAP/trade_bar_1m#obs@2025-11-23T06:17:00Z
call-AL-2025-11-23T06:18:00+00:00-6f3abde747e4,26039,2025-11-23T06:18:00Z,entry_attempt,ISSUE,state ISSUED blockers - price None cap 86789.9 reason call-AL-2025-11-23T06:18:00+00:00-6f3abde747e4
call-AL-2025-11-23T06:18:00+00:00-6f3abde747e4,26040,2025-11-23T06:18:00Z,call,NEW_CALL,"LONG RETURN ref 86188 V 85912.0 T 86789.9 area ['85945.6', '86232.3']"
call-AL-2025-11-23T06:18:00+00:00-6f3abde747e4,,2025-11-23T06:18:00Z,path_ENTRY_DELAY_0,ENTRY,open 86188
call-AL-2025-11-23T06:18:00+00:00-6f3abde747e4,,2025-11-23T06:19:00Z,path_PRIMARY,ENTRY,open 86152.1
call-AL-2025-11-23T06:18:00+00:00-6f3abde747e4,,2025-11-23T06:19:00Z,path_HORIZON_ONLY,ENTRY,open 86152.1
call-AL-2025-11-23T06:18:00+00:00-6f3abde747e4,,2025-11-23T06:20:00Z,path_ENTRY_DELAY_120,ENTRY,open 86161.6
call-AL-2025-11-23T06:18:00+00:00-6f3abde747e4,26042,2025-11-23T06:21:00Z,call_revision,ONGOING,r1 entry CLOSED REWARD_RISK_BELOW_MINIMUM changed entry
call-AL-2025-11-23T06:18:00+00:00-6f3abde747e4,26044,2025-11-23T06:23:00Z,call_revision,ONGOING,r2 entry AVAILABLE  changed entry
call-AL-2025-11-23T06:18:00+00:00-6f3abde747e4,26047,2025-11-23T06:45:00Z,scenario,OWNER_RELEASE,status CONFIRMED anchor 4 R 85945.6 K 86232.3 V 85912.005 B 86823.5 reason ORIGINAL_SETUP_EXPIRY
call-AL-2025-11-23T06:18:00+00:00-6f3abde747e4,,2025-11-23T06:51:00Z,path_PRIMARY,CLOSED,STOP exit 85912.0 price_net -0.0041849806330896170842034030511154109998479433467081
call-AL-2025-11-23T06:18:00+00:00-6f3abde747e4,,2025-11-23T06:51:00Z,path_ENTRY_DELAY_0,CLOSED,STOP exit 85912.0 price_net -0.0046000603332250429294101266997725901517612660695271
call-AL-2025-11-23T06:18:00+00:00-6f3abde747e4,,2025-11-23T06:51:00Z,path_ENTRY_DELAY_120,CLOSED,STOP exit 85912.0 price_net -0.0042948543202540342797719633804386176672670888191460
call-AL-2025-11-23T06:18:00+00:00-6f3abde747e4,26050,2025-11-23T06:52:00Z,call_revision,INVALIDATED,r3 entry CLOSED THESIS_TERMINAL changed thesis terminal CERTIFIED_INVALIDATION_CONTACT:okx/BTC-USDT-SWAP/trade_bar_1m#obs@2025
call-AL-2025-11-23T06:18:00+00:00-6f3abde747e4,26052,2025-11-23T06:52:00Z,scenario,TERMINAL,status TERMINAL anchor 4 R 85945.6 K 86232.3 V 85912.005 B 86823.5 term INVALIDATED reason V_CONTACT:okx/BTC-USDT-SWAP/trade_bar_1m#obs@2025-11-23T06:51:00Z
call-AL-2025-11-23T06:18:00+00:00-6f3abde747e4,,2025-11-23T09:56:00Z,path_HORIZON_ONLY,CLOSED,HORIZON_EXIT exit 86311.9 price_net 0.00045356062127330616433029490865573793325989732114610
call-AS-2025-12-01T17:08:00+00:00-a03ce711ffdb,27827,2025-12-01T16:15:00Z,scenario,BIRTH,status WATCH anchor None R None K None V None B 83777 reason FALSE_AT_OR_AFTER_RELEASE_TO_TRUE
call-AS-2025-12-01T17:08:00+00:00-a03ce711ffdb,27831,2025-12-01T16:30:00Z,scenario,ARM,status ARMED anchor 1 R 84640.6 K 84000 V 84685.39 B 83777
call-AS-2025-12-01T17:08:00+00:00-a03ce711ffdb,27834,2025-12-01T16:32:00Z,scenario,ANCHOR_LOST,status WATCH anchor 1 R None K None V None B 83777 reason V_CONTACT:okx/BTC-USDT-SWAP/trade_bar_1m#obs@2025-12-01T16:31:00Z
call-AS-2025-12-01T17:08:00+00:00-a03ce711ffdb,27836,2025-12-01T16:45:00Z,scenario,REARM,status ARMED anchor 2 R 85419.2 K 84499.2 V 85463.99 B 83777 reason NEW_COMPLETE_STRICTLY_DEEPER_CLEAN_REACTION
call-AS-2025-12-01T17:08:00+00:00-a03ce711ffdb,27838,2025-12-01T16:55:00Z,scenario,CONFIRM,status CONFIRMED anchor 2 R 85419.2 K 84499.2 V 85463.99 B 83777 reason okx/BTC-USDT-SWAP/trade_bar_1m#obs@2025-12-01T16:54:00Z
call-AS-2025-12-01T17:08:00+00:00-a03ce711ffdb,27839,2025-12-01T16:55:00Z,entry_attempt,WAIT_OPEN,state WAIT_PRICE blockers REWARD_RISK_BELOW_MINIMUM price 84498.8 cap 83825.0 reason IMMEDIATE_ECONOMIC_FAILURE_RETURN_CORRIDOR_USABLE
call-AS-2025-12-01T17:08:00+00:00-a03ce711ffdb,27841,2025-12-01T16:56:00Z,entry_attempt,BLOCKERS,state WAIT_PRICE blockers REWARD_RISK_BELOW_MINIMUM price 84541.5 cap 83825.0
call-AS-2025-12-01T17:08:00+00:00-a03ce711ffdb,27842,2025-12-01T16:59:00Z,entry_attempt,BLOCKERS,"state WAIT_PRICE blockers CLOSE_OUTSIDE_RETURN_CORRIDOR,REWARD_RISK_BELOW_MINIMUM price 84463.4 cap 83825.0"
call-AS-2025-12-01T17:08:00+00:00-a03ce711ffdb,27845,2025-12-01T17:00:00Z,entry_attempt,BLOCKERS,state WAIT_PRICE blockers REWARD_RISK_BELOW_MINIMUM price 84539.4 cap 83825.0
call-AS-2025-12-01T17:08:00+00:00-a03ce711ffdb,27846,2025-12-01T17:08:00Z,entry_attempt,BLOCKERS,state WAIT_PRICE blockers - price 84937.9 cap 83825.0
call-AS-2025-12-01T17:08:00+00:00-a03ce711ffdb,27847,2025-12-01T17:08:00Z,entry_attempt,RETURN_USABLE,state WAIT_PRICE blockers - price 84937.9 cap 83825.0 reason okx/BTC-USDT-SWAP/trade_bar_1m#obs@2025-12-01T17:07:00Z
call-AS-2025-12-01T17:08:00+00:00-a03ce711ffdb,27848,2025-12-01T17:08:00Z,entry_attempt,ISSUE,state ISSUED blockers - price None cap 83825.0 reason call-AS-2025-12-01T17:08:00+00:00-a03ce711ffdb
call-AS-2025-12-01T17:08:00+00:00-a03ce711ffdb,27849,2025-12-01T17:08:00Z,call,NEW_CALL,"SHORT RETURN ref 84937.9 V 85464.0 T 83825.0 area ['84499.2', '85419.2']"
call-AS-2025-12-01T17:08:00+00:00-a03ce711ffdb,,2025-12-01T17:08:00Z,path_ENTRY_DELAY_0,ENTRY,open 84937.9
call-AS-2025-12-01T17:08:00+00:00-a03ce711ffdb,,2025-12-01T17:09:00Z,path_PRIMARY,ENTRY,open 84917.2
call-AS-2025-12-01T17:08:00+00:00-a03ce711ffdb,,2025-12-01T17:09:00Z,path_HORIZON_ONLY,ENTRY,open 84917.2
call-AS-2025-12-01T17:08:00+00:00-a03ce711ffdb,27851,2025-12-01T17:10:00Z,call_revision,ONGOING,r1 entry CLOSED REWARD_RISK_BELOW_MINIMUM changed entry
call-AS-2025-12-01T17:08:00+00:00-a03ce711ffdb,27854,2025-12-01T17:16:00Z,call_revision,ONGOING,"r2 entry CLOSED PRICE_OUTSIDE_STRUCTURAL_AREA,REWARD_RISK_BELOW_MINIMUM changed entry_reasons"
call-AS-2025-12-01T17:08:00+00:00-a03ce711ffdb,27855,2025-12-01T17:17:00Z,call_revision,ONGOING,r3 entry CLOSED REWARD_RISK_BELOW_MINIMUM changed entry_reasons
call-AS-2025-12-01T17:08:00+00:00-a03ce711ffdb,27856,2025-12-01T17:23:00Z,call_revision,ONGOING,r4 entry AVAILABLE  changed entry
call-AS-2025-12-01T17:08:00+00:00-a03ce711ffdb,,2025-12-01T17:23:00Z,path_ENTRY_DELAY_120,ENTRY,open 84859.3
call-AS-2025-12-01T17:08:00+00:00-a03ce711ffdb,27858,2025-12-01T17:24:00Z,call_revision,ONGOING,r5 entry CLOSED REWARD_RISK_BELOW_MINIMUM changed entry
call-AS-2025-12-01T17:08:00+00:00-a03ce711ffdb,27860,2025-12-01T17:25:00Z,call_revision,ONGOING,r6 entry AVAILABLE  changed entry
call-AS-2025-12-01T17:08:00+00:00-a03ce711ffdb,27862,2025-12-01T17:26:00Z,call_revision,ONGOING,r7 entry CLOSED REWARD_RISK_BELOW_MINIMUM changed entry
call-AS-2025-12-01T17:08:00+00:00-a03ce711ffdb,27864,2025-12-01T17:27:00Z,call_revision,ONGOING,r8 entry AVAILABLE  changed entry
call-AS-2025-12-01T17:08:00+00:00-a03ce711ffdb,27869,2025-12-01T17:31:00Z,call_revision,ONGOING,r9 entry CLOSED REWARD_RISK_BELOW_MINIMUM changed entry
call-AS-2025-12-01T17:08:00+00:00-a03ce711ffdb,27871,2025-12-01T17:37:00Z,call_revision,ONGOING,r10 entry AVAILABLE  changed entry
call-AS-2025-12-01T17:08:00+00:00-a03ce711ffdb,,2025-12-01T18:14:00Z,path_PRIMARY,CLOSED,STOP exit 85464.0 price_net -0.0078437211778061452803436759572854498264191471221832
call-AS-2025-12-01T17:08:00+00:00-a03ce711ffdb,,2025-12-01T18:14:00Z,path_ENTRY_DELAY_0,CLOSED,STOP exit 85464.0 price_net -0.0075982727380827639958134119162352730642033768200050
call-AS-2025-12-01T17:08:00+00:00-a03ce711ffdb,,2025-12-01T18:14:00Z,path_ENTRY_DELAY_120,CLOSED,STOP exit 85464.0 price_net -0.0085309012683347611870472652967912768547466217609412
call-AS-2025-12-01T17:08:00+00:00-a03ce711ffdb,27877,2025-12-01T18:15:00Z,call_revision,INVALIDATED,r11 entry CLOSED THESIS_TERMINAL changed thesis terminal CERTIFIED_INVALIDATION_CONTACT:okx/BTC-USDT-SWAP/trade_bar_1m#obs@2025
call-AS-2025-12-01T17:08:00+00:00-a03ce711ffdb,27879,2025-12-01T18:15:00Z,scenario,OWNER_RELEASE,status CONFIRMED anchor 2 R 85419.2 K 84499.2 V 85463.99 B 83777 reason ORIGINAL_SETUP_EXPIRY
call-AS-2025-12-01T17:08:00+00:00-a03ce711ffdb,27880,2025-12-01T18:15:00Z,scenario,TERMINAL,status TERMINAL anchor 2 R 85419.2 K 84499.2 V 85463.99 B 83777 term INVALIDATED reason V_CONTACT:okx/BTC-USDT-SWAP/trade_bar_1m#obs@2025-12-01T18:14:00Z
call-AS-2025-12-01T17:08:00+00:00-a03ce711ffdb,,2025-12-01T20:56:00Z,path_HORIZON_ONLY,CLOSED,HORIZON_EXIT exit 85359.2 price_net -0.0066087139001285958557276970978788749511288643526074
call-AS-2025-12-05T11:07:00+00:00-4a491491d702,28622,2025-12-05T10:00:00Z,scenario,BIRTH,status WATCH anchor None R None K None V None B 90942 reason FALSE_AT_OR_AFTER_RELEASE_TO_TRUE
call-AS-2025-12-05T11:07:00+00:00-4a491491d702,28626,2025-12-05T10:15:00Z,scenario,ARM,status ARMED anchor 1 R 91289.1 K 91046.1 V 91308.06 B 90942
call-AS-2025-12-05T11:07:00+00:00-4a491491d702,28628,2025-12-05T10:18:00Z,scenario,ANCHOR_LOST,status WATCH anchor 1 R None K None V None B 90942 reason V_CONTACT:okx/BTC-USDT-SWAP/trade_bar_1m#obs@2025-12-05T10:17:00Z
call-AS-2025-12-05T11:07:00+00:00-4a491491d702,28631,2025-12-05T10:30:00Z,scenario,REARM,status ARMED anchor 2 R 91432.9 K 91175.7 V 91451.86 B 90942 reason NEW_COMPLETE_STRICTLY_DEEPER_CLEAN_REACTION
call-AS-2025-12-05T11:07:00+00:00-4a491491d702,28633,2025-12-05T10:45:00Z,scenario,REVISE,status ARMED anchor 3 R 91450 K 91238.7 V 91468.96 B 90942 reason LOWER_CLEAN_REACTION_REANCHOR
call-AS-2025-12-05T11:07:00+00:00-4a491491d702,28636,2025-12-05T11:00:00Z,scenario,CONFIRM,status CONFIRMED anchor 3 R 91450 K 91238.7 V 91468.96 B 90942 reason okx/BTC-USDT-SWAP/trade_bar_1m#obs@2025-12-05T10:59:00Z
call-AS-2025-12-05T11:07:00+00:00-4a491491d702,28637,2025-12-05T11:00:00Z,entry_attempt,WAIT_OPEN,state WAIT_PRICE blockers REWARD_RISK_BELOW_MINIMUM price 91234.7 cap 90999.8 reason IMMEDIATE_ECONOMIC_FAILURE_RETURN_CORRIDOR_USABLE
call-AS-2025-12-05T11:07:00+00:00-4a491491d702,28639,2025-12-05T11:01:00Z,entry_attempt,BLOCKERS,"state WAIT_PRICE blockers CLOSE_OUTSIDE_RETURN_CORRIDOR,REWARD_RISK_BELOW_MINIMUM price 91209.9 cap 90999.8"
call-AS-2025-12-05T11:07:00+00:00-4a491491d702,28640,2025-12-05T11:03:00Z,entry_attempt,BLOCKERS,state WAIT_PRICE blockers REWARD_RISK_BELOW_MINIMUM price 91300.1 cap 90999.8
call-AS-2025-12-05T11:07:00+00:00-4a491491d702,28641,2025-12-05T11:07:00Z,entry_attempt,BLOCKERS,state WAIT_PRICE blockers - price 91395.2 cap 90999.8
call-AS-2025-12-05T11:07:00+00:00-4a491491d702,28642,2025-12-05T11:07:00Z,entry_attempt,RETURN_USABLE,state WAIT_PRICE blockers - price 91395.2 cap 90999.8 reason okx/BTC-USDT-SWAP/trade_bar_1m#obs@2025-12-05T11:06:00Z
call-AS-2025-12-05T11:07:00+00:00-4a491491d702,28643,2025-12-05T11:07:00Z,entry_attempt,ISSUE,state ISSUED blockers - price None cap 90999.8 reason call-AS-2025-12-05T11:07:00+00:00-4a491491d702
call-AS-2025-12-05T11:07:00+00:00-4a491491d702,28644,2025-12-05T11:07:00Z,call,NEW_CALL,"SHORT RETURN ref 91395.2 V 91469.0 T 90999.8 area ['91238.7', '91450']"
call-AS-2025-12-05T11:07:00+00:00-4a491491d702,,2025-12-05T11:07:00Z,path_ENTRY_DELAY_0,ENTRY,open 91395.2
call-AS-2025-12-05T11:07:00+00:00-4a491491d702,,2025-12-05T11:08:00Z,path_PRIMARY,ENTRY,open 91429.7
call-AS-2025-12-05T11:07:00+00:00-4a491491d702,,2025-12-05T11:08:00Z,path_PRIMARY,CLOSED,STOP exit 91469.0 price_net -0.0018301393310926318253259061333461665082571637006205
call-AS-2025-12-05T11:07:00+00:00-4a491491d702,,2025-12-05T11:08:00Z,path_ENTRY_DELAY_0,CLOSED,STOP exit 91469.0 price_net -0.0022080474685760302510416301950211827316970694303145
call-AS-2025-12-05T11:07:00+00:00-4a491491d702,,2025-12-05T11:08:00Z,path_HORIZON_ONLY,ENTRY,open 91429.7
call-AS-2025-12-05T11:07:00+00:00-4a491491d702,28646,2025-12-05T11:09:00Z,call_revision,INVALIDATED,r1 entry CLOSED THESIS_TERMINAL changed thesis terminal CERTIFIED_INVALIDATION_CONTACT:okx/BTC-USDT-SWAP/trade_bar_1m#obs@2025
call-AS-2025-12-05T11:07:00+00:00-4a491491d702,28648,2025-12-05T11:09:00Z,scenario,TERMINAL,status TERMINAL anchor 3 R 91450 K 91238.7 V 91468.96 B 90942 term INVALIDATED reason V_CONTACT:okx/BTC-USDT-SWAP/trade_bar_1m#obs@2025-12-05T11:08:00Z
call-AS-2025-12-05T11:07:00+00:00-4a491491d702,,2025-12-05T11:10:00Z,path_ENTRY_DELAY_120,NO_ENTRY,CALL_TERMINAL_BEFORE_QUALIFYING_OPEN exit None price_net None
call-AS-2025-12-05T11:07:00+00:00-4a491491d702,,2025-12-05T15:01:00Z,path_HORIZON_ONLY,CLOSED,HORIZON_EXIT exit 90439.5 price_net 0.0094377599401507387643183779450222411317110304419660
call-AS-2025-12-19T19:16:00+00:00-435ee8848a09,31905,2025-12-19T18:00:00Z,scenario,BIRTH,status WATCH anchor None R None K None V None B 86833.2 reason FALSE_AT_OR_AFTER_RELEASE_TO_TRUE
call-AS-2025-12-19T19:16:00+00:00-435ee8848a09,31908,2025-12-19T18:15:00Z,scenario,ARM,status ARMED anchor 1 R 87219.9 K 86808 V 87273.155 B 86833.2
call-AS-2025-12-19T19:16:00+00:00-435ee8848a09,31910,2025-12-19T18:17:00Z,scenario,ANCHOR_LOST,status WATCH anchor 1 R None K None V None B 86833.2 reason V_CONTACT:okx/BTC-USDT-SWAP/trade_bar_1m#obs@2025-12-19T18:16:00Z
call-AS-2025-12-19T19:16:00+00:00-435ee8848a09,31912,2025-12-19T18:30:00Z,scenario,REARM,status ARMED anchor 2 R 87439 K 87032 V 87492.255 B 86833.2 reason NEW_COMPLETE_STRICTLY_DEEPER_CLEAN_REACTION
call-AS-2025-12-19T19:16:00+00:00-435ee8848a09,31915,2025-12-19T18:40:00Z,scenario,CONFIRM,status CONFIRMED anchor 2 R 87439 K 87032 V 87492.255 B 86833.2 reason okx/BTC-USDT-SWAP/trade_bar_1m#obs@2025-12-19T18:39:00Z
call-AS-2025-12-19T19:16:00+00:00-435ee8848a09,31916,2025-12-19T18:40:00Z,entry_attempt,WAIT_OPEN,state WAIT_PRICE blockers REWARD_RISK_BELOW_MINIMUM price 87022 cap 86886.5 reason IMMEDIATE_ECONOMIC_FAILURE_RETURN_CORRIDOR_USABLE
call-AS-2025-12-19T19:16:00+00:00-435ee8848a09,31918,2025-12-19T18:41:00Z,entry_attempt,BLOCKERS,"state WAIT_PRICE blockers CLOSE_OUTSIDE_RETURN_CORRIDOR,NO_ROOM_AFTER_COSTS price 86966.1 cap 86886.5"
call-AS-2025-12-19T19:16:00+00:00-435ee8848a09,31919,2025-12-19T18:43:00Z,entry_attempt,BLOCKERS,"state WAIT_PRICE blockers CLOSE_OUTSIDE_RETURN_CORRIDOR,REWARD_RISK_BELOW_MINIMUM price 87026.5 cap 86886.5"
call-AS-2025-12-19T19:16:00+00:00-435ee8848a09,31920,2025-12-19T18:44:00Z,entry_attempt,BLOCKERS,"state WAIT_PRICE blockers CLOSE_OUTSIDE_RETURN_CORRIDOR,NO_ROOM_AFTER_COSTS price 86918.6 cap 86886.5"
call-AS-2025-12-19T19:16:00+00:00-435ee8848a09,31925,2025-12-19T18:49:00Z,entry_attempt,BLOCKERS,"state WAIT_PRICE blockers CLOSE_OUTSIDE_RETURN_CORRIDOR,REWARD_RISK_BELOW_MINIMUM price 87027.9 cap 86886.5"
call-AS-2025-12-19T19:16:00+00:00-435ee8848a09,31926,2025-12-19T18:50:00Z,entry_attempt,BLOCKERS,"state WAIT_PRICE blockers CLOSE_OUTSIDE_RETURN_CORRIDOR,NO_ROOM_AFTER_COSTS price 86980.1 cap 86886.5"
call-AS-2025-12-19T19:16:00+00:00-435ee8848a09,31927,2025-12-19T18:51:00Z,entry_attempt,BLOCKERS,state WAIT_PRICE blockers REWARD_RISK_BELOW_MINIMUM price 87115.1 cap 86886.5
call-AS-2025-12-19T19:16:00+00:00-435ee8848a09,31934,2025-12-19T19:16:00Z,entry_attempt,BLOCKERS,state WAIT_PRICE blockers - price 87343.1 cap 86886.5
call-AS-2025-12-19T19:16:00+00:00-435ee8848a09,31935,2025-12-19T19:16:00Z,entry_attempt,RETURN_USABLE,state WAIT_PRICE blockers - price 87343.1 cap 86886.5 reason okx/BTC-USDT-SWAP/trade_bar_1m#obs@2025-12-19T19:15:00Z
call-AS-2025-12-19T19:16:00+00:00-435ee8848a09,31936,2025-12-19T19:16:00Z,entry_attempt,ISSUE,state ISSUED blockers - price None cap 86886.5 reason call-AS-2025-12-19T19:16:00+00:00-435ee8848a09
call-AS-2025-12-19T19:16:00+00:00-435ee8848a09,31937,2025-12-19T19:16:00Z,call,NEW_CALL,"SHORT RETURN ref 87343.1 V 87492.3 T 86886.5 area ['87032', '87439']"
call-AS-2025-12-19T19:16:00+00:00-435ee8848a09,,2025-12-19T19:16:00Z,path_ENTRY_DELAY_0,ENTRY,open 87343.1
call-AS-2025-12-19T19:16:00+00:00-435ee8848a09,31939,2025-12-19T19:17:00Z,call_revision,ONGOING,r1 entry CLOSED REWARD_RISK_BELOW_MINIMUM changed entry
call-AS-2025-12-19T19:16:00+00:00-435ee8848a09,31941,2025-12-19T19:18:00Z,call_revision,ONGOING,r2 entry AVAILABLE  changed entry
call-AS-2025-12-19T19:16:00+00:00-435ee8848a09,,2025-12-19T19:18:00Z,path_PRIMARY,ENTRY,open 87343.4
call-AS-2025-12-19T19:16:00+00:00-435ee8848a09,,2025-12-19T19:18:00Z,path_ENTRY_DELAY_120,ENTRY,open 87343.4
call-AS-2025-12-19T19:16:00+00:00-435ee8848a09,,2025-12-19T19:18:00Z,path_HORIZON_ONLY,ENTRY,open 87343.4
call-AS-2025-12-19T19:16:00+00:00-435ee8848a09,,2025-12-19T19:19:00Z,path_PRIMARY,CLOSED,STOP exit 87492.3 price_net -0.0031059586643066333575290176475841334319479205068245
call-AS-2025-12-19T19:16:00+00:00-435ee8848a09,,2025-12-19T19:19:00Z,path_ENTRY_DELAY_0,CLOSED,STOP exit 87492.3 price_net -0.0031094016585168147226283472878796378878239952554888
call-AS-2025-12-19T19:16:00+00:00-435ee8848a09,,2025-12-19T19:19:00Z,path_ENTRY_DELAY_120,CLOSED,STOP exit 87492.3 price_net -0.0031059586643066333575290176475841334319479205068245
call-AS-2025-12-19T19:16:00+00:00-435ee8848a09,31943,2025-12-19T19:20:00Z,call_revision,INVALIDATED,r3 entry CLOSED THESIS_TERMINAL changed thesis terminal CERTIFIED_INVALIDATION_CONTACT:okx/BTC-USDT-SWAP/trade_bar_1m#obs@2025
call-AS-2025-12-19T19:16:00+00:00-435ee8848a09,31945,2025-12-19T19:20:00Z,scenario,TERMINAL,status TERMINAL anchor 2 R 87439 K 87032 V 87492.255 B 86833.2 term INVALIDATED reason V_CONTACT:okx/BTC-USDT-SWAP/trade_bar_1m#obs@2025-12-19T19:19:00Z
call-AS-2025-12-19T19:16:00+00:00-435ee8848a09,,2025-12-19T22:41:00Z,path_HORIZON_ONLY,CLOSED,HORIZON_EXIT exit 88320.9 price_net -0.012599292104497878488815411353347820213089941541072
call-AL-2025-12-25T16:38:00+00:00-5d27668b03ad,33216,2025-12-25T16:00:00Z,scenario,BIRTH,status WATCH anchor None R None K None V None B 88576.3 reason FALSE_AT_OR_AFTER_RELEASE_TO_TRUE
call-AL-2025-12-25T16:38:00+00:00-5d27668b03ad,33220,2025-12-25T16:15:00Z,scenario,ARM,status ARMED anchor 1 R 88125.9 K 88410.7 V 88113.96 B 88576.3
call-AL-2025-12-25T16:38:00+00:00-5d27668b03ad,33222,2025-12-25T16:27:00Z,scenario,CONFIRM,status CONFIRMED anchor 1 R 88125.9 K 88410.7 V 88113.96 B 88576.3 reason okx/BTC-USDT-SWAP/trade_bar_1m#obs@2025-12-25T16:26:00Z
call-AL-2025-12-25T16:38:00+00:00-5d27668b03ad,33223,2025-12-25T16:27:00Z,entry_attempt,WAIT_OPEN,state WAIT_PRICE blockers REWARD_RISK_BELOW_MINIMUM price 88416 cap 88564.3 reason IMMEDIATE_ECONOMIC_FAILURE_RETURN_CORRIDOR_USABLE
call-AL-2025-12-25T16:38:00+00:00-5d27668b03ad,33225,2025-12-25T16:28:00Z,entry_attempt,BLOCKERS,state WAIT_PRICE blockers REWARD_RISK_BELOW_MINIMUM price 88379.7 cap 88564.3
call-AL-2025-12-25T16:38:00+00:00-5d27668b03ad,33227,2025-12-25T16:30:00Z,entry_attempt,CAP_REVISION,state WAIT_PRICE blockers REWARD_RISK_BELOW_MINIMUM price None cap 88564.0 reason NEW_ELIGIBLE_ZONE:lm-pv15m-H-2025-12-25T15:45:00+00:00-4faf23af4fda
call-AL-2025-12-25T16:38:00+00:00-5d27668b03ad,33227,2025-12-25T16:30:00Z,evidence_S4,PRE_ISSUE,cap -> 88564.0
call-AL-2025-12-25T16:38:00+00:00-5d27668b03ad,33228,2025-12-25T16:38:00Z,entry_attempt,BLOCKERS,state WAIT_PRICE blockers - price 88169.5 cap 88564.0
call-AL-2025-12-25T16:38:00+00:00-5d27668b03ad,33229,2025-12-25T16:38:00Z,entry_attempt,RETURN_USABLE,state WAIT_PRICE blockers - price 88169.5 cap 88564.0 reason okx/BTC-USDT-SWAP/trade_bar_1m#obs@2025-12-25T16:37:00Z
call-AL-2025-12-25T16:38:00+00:00-5d27668b03ad,33230,2025-12-25T16:38:00Z,entry_attempt,ISSUE,state ISSUED blockers - price None cap 88564.0 reason call-AL-2025-12-25T16:38:00+00:00-5d27668b03ad
call-AL-2025-12-25T16:38:00+00:00-5d27668b03ad,33231,2025-12-25T16:38:00Z,call,NEW_CALL,"LONG RETURN ref 88169.5 V 88113.9 T 88564.0 area ['88125.9', '88410.7']"
call-AL-2025-12-25T16:38:00+00:00-5d27668b03ad,,2025-12-25T16:38:00Z,path_ENTRY_DELAY_0,ENTRY,open 88169.6
call-AL-2025-12-25T16:38:00+00:00-5d27668b03ad,,2025-12-25T16:39:00Z,path_PRIMARY,ENTRY,open 88190.1
call-AL-2025-12-25T16:38:00+00:00-5d27668b03ad,,2025-12-25T16:39:00Z,path_HORIZON_ONLY,ENTRY,open 88190.1
call-AL-2025-12-25T16:38:00+00:00-5d27668b03ad,,2025-12-25T16:40:00Z,path_ENTRY_DELAY_120,ENTRY,open 88192.6
call-AL-2025-12-25T16:38:00+00:00-5d27668b03ad,33233,2025-12-25T16:41:00Z,call_revision,ONGOING,r1 entry CLOSED REWARD_RISK_BELOW_MINIMUM changed entry
call-AL-2025-12-25T16:38:00+00:00-5d27668b03ad,33237,2025-12-25T16:49:00Z,call_revision,ONGOING,r2 entry AVAILABLE  changed entry
call-AL-2025-12-25T16:38:00+00:00-5d27668b03ad,,2025-12-25T16:50:00Z,path_PRIMARY,CLOSED,STOP exit 88113.9 price_net -0.0022634377328067436140791313310677729132861851840492
call-AL-2025-12-25T16:38:00+00:00-5d27668b03ad,,2025-12-25T16:50:00Z,path_ENTRY_DELAY_0,CLOSED,STOP exit 88113.9 price_net -0.0020312948000217762131165390338620113962181976554251
call-AL-2025-12-25T16:38:00+00:00-5d27668b03ad,,2025-12-25T16:50:00Z,path_ENTRY_DELAY_120,CLOSED,STOP exit 88113.9 price_net -0.0022917404634855985649589648111066007805643557395925
call-AL-2025-12-25T16:38:00+00:00-5d27668b03ad,33239,2025-12-25T16:51:00Z,call_revision,INVALIDATED,r3 entry CLOSED THESIS_TERMINAL changed thesis terminal CERTIFIED_INVALIDATION_CONTACT:okx/BTC-USDT-SWAP/trade_bar_1m#obs@2025
call-AL-2025-12-25T16:38:00+00:00-5d27668b03ad,33241,2025-12-25T16:51:00Z,scenario,TERMINAL,status TERMINAL anchor 1 R 88125.9 K 88410.7 V 88113.96 B 88576.3 term INVALIDATED reason V_CONTACT:okx/BTC-USDT-SWAP/trade_bar_1m#obs@2025-12-25T16:50:00Z
call-AL-2025-12-25T16:38:00+00:00-5d27668b03ad,,2025-12-25T20:28:00Z,path_HORIZON_ONLY,CLOSED,HORIZON_EXIT exit 87832.5 price_net -0.0054520384941166865668595454591841941442406800763304
