call_id,issue_month,family,direction,entry_mode,scenario_id,owner_id,scenario_born_at,anchor_epoch_at_confirmation,pre_confirmation_transitions,confirmed_at,wait_open_at,first_return_usable_at,issued_at,confirmation_to_issue_min,setup_expiry,hard_deadline,residual_at_issue_min,conf_close,R,K_trigger,V,V_structural_scenario,V_operational_tick,T_confirm,S15_conf,corridor,economic_initial,I0,conf_close_to_V_bps,conf_close_to_T_bps,issue_close,issue_side_price_source,issue_V,issue_T,target_type,structural_area,admissible_bounds,issue_close_to_V_bps,issue_close_to_T_bps,stored_gain_bps,stored_risk_bps,stored_reward_risk_margin,cap_history,S15_issue,issue_close_minus_conf_close_in_S15_conf,wait_records_before_issue,blockers_seen_before_issue,pre_issue_window_records,classification,pre_S1,pre_S2,pre_S3,pre_S4,pre_S5,pre_S6,classification_strict_seq,strict_seq_differs,observations_known_at_issue,context_at_confirmation,context_at_confirmation_published_at,context_at_issue,context_at_issue_published_at,phase_at_issue,phase_at_issue_published_at,first_candidate_boundary_primary,entry_status_timeline,primary_entry_at,primary_entry_price,primary_entry_after_issue_min,primary_entry_attempts,primary_rejected_opens,primary_no_entry_class,primary_entry_open_to_V_operational_bps,primary_entry_open_to_T_bps,entry_window_S1,entry_window_S2,entry_window_S3,entry_window_S4,entry_window_S5,entry_window_S6,guidance_terminal,guidance_terminal_reason,guidance_terminal_published_at,guidance_contact_bar_start,guidance_contact_bar_end,guidance_contact_intrabar_instant,scenario_terminal,scenario_terminal_reason,scenario_terminal_published_at,destination_B,primary_status,primary_exit_class,primary_exit_fill_start,primary_exit_fill_end,primary_exit_reason,primary_exit_price,primary_held_min,primary_price_net,primary_mfe,primary_mae,entry_delay_0_status,entry_delay_120_status,horizon_only_status,entry_delay_0_price_net,entry_delay_120_price_net,horizon_only_price_net,entry_delay_0_entry_open_at,entry_delay_120_entry_open_at,horizon_only_entry_open_at,entry_delay_0_exit_fill_start,entry_delay_120_exit_fill_start,horizon_only_exit_fill_start,hold_window_S1,hold_window_S2,hold_window_S3,hold_window_S4,hold_window_S5,hold_window_S6
call-AL-2025-09-03T16:26:00+00:00-553868e75a6a,2025-09,A,LONG,RETURN,AL-2025-09-03T14:30:00+00:00-cc2b187648bf,AL-2025-09-03T14:30:00+00:00-cc2b187648bf,2025-09-03T14:45:00Z,2,"{""ANCHOR_LOST"": 1, ""ARM"": 1, ""BIRTH"": 1, ""REARM"": 1}",2025-09-03T15:37:00Z,2025-09-03T15:37:00Z,2025-09-03T16:26:00Z,2025-09-03T16:26:00Z,49,2025-09-03T16:45:00+00:00,2025-09-03T19:37:00Z,191,112173,111850,112150,111826.0,111826.055,111826.0,112437.4,288.35,111850..112150,111850..111947.1,112101.0..112245.0,-30.93,23.57,111916.9,MODELED_RETURN_COMPLETE_MINUTE_CLOSE,111826.0,112437.4,LANDMARK,"[""111850"", ""112150""]","[""111850"", ""111947.1""]",-8.12,46.51,46.51,8.12,5.96,"[{""cap"": ""112437.4"", ""cursor"": ""162651"", ""near_edge"": ""112437.4"", ""since"": ""2025-09-03T15:37:00+00:00"", ""zone_id"": ""T_CONFIRM""}]",288.35,-0.89,18,"{""CLOSE_OUTSIDE_RETURN_CORRIDOR"": 8, ""NO_ROOM_AFTER_COSTS"": 1, ""REWARD_RISK_BELOW_MINIMUM"": 15}",22,NONE_RECORDED_H2_CONSISTENT,0,0,0,0,0,0,NONE_RECORDED_H2_CONSISTENT,False,True,UP,2025-09-03T14:00:00Z,UP,2025-09-03T14:00:00Z,TRANSITION,2025-09-03T15:45:00Z,2025-09-03T16:27:00Z,"[{""at"": ""2025-09-03T16:27:00Z"", ""entry_status"": ""CLOSED"", ""reasons"": [""REWARD_RISK_BELOW_MINIMUM""], ""rev"": 1, ""thesis"": ""ONGOING""}, {""at"": ""2025-09-03T16:28:00Z"", ""entry_status"": ""AVAILABLE"", ""reasons"": [], ""rev"": 2, ""thesis"": ""ONGOING""}, {""at"": ""2025-09-03T16:29:00Z"", ""entry_status"": ""CLOSED"", ""reasons"": [""REWARD_RISK_BELOW_MINIMUM""], ""rev"": 3, ""thesis"": ""ONGOING""}, {""at"": ""2025-09-03T16:30:00Z"", ""entry_status"": ""AVAILABLE"", ""reasons"": [], ""rev"": 4, ""thesis"": ""ONGOING""}, {""at"": ""2025-09-03T16:31:00Z"", ""entry_status"": ""CLOSED"", ""reasons"": [""REWARD_RISK_BELOW_MINIMUM""], ""rev"": 5, ""thesis"": ""ONGOING""}, {""at"": ""2025-09-03T16:41:00Z"", ""entry_status"": ""AVAILABLE"", ""reasons"": [], ""rev"": 6, ""thesis"": ""ONGOING""}, {""at"": ""2025-09-03T16:42:00Z"", ""entry_status"": ""CLOSED"", ""reasons"": [""PRICE_OUTSIDE_STRUCTURAL_AREA""], ""rev"": 7, ""thesis"": ""ONGOING""}, {""at"": ""2025-09-03T16:44:00Z"", ""entry_status"": ""CLOSED"", ""reasons"": [""THESIS_TERMINAL""], ""rev"": 8, ""thesis"": ""INVALIDATED""}]",2025-09-03T16:28:00Z,111927.5,2,2,1,,-9.07,45.56,0,0,0,0,0,0,INVALIDATED,CERTIFIED_INVALIDATION_CONTACT:okx/BTC-USDT-SWAP/trade_bar_1m#obs@2025-09-03T16:,2025-09-03T16:44:00Z,2025-09-03T16:43:00Z,2025-09-03T16:44:00Z,UNAVAILABLE,INVALIDATED,V_CONTACT:okx/BTC-USDT-SWAP/trade_bar_1m#obs@2025-09-03T16:43:00Z,2025-09-03T16:44:00Z,112465,CLOSED,STOP,2025-09-03T16:43:00Z,2025-09-03T16:44:00Z,STOP_TOUCH,111826.0,15,-0.0023062022291215295615465368207098344910768131156321,0.0014116280628085144401509905965915436331553907663443,-0.0014866766433628911572223090840052712693484621741752,CLOSED,CLOSED,CLOSED,-0.0022116412266601380131150880698089385964050112181424,-0.0023062022291215295615465368207098344910768131156321,-0.0025267263183757342922874181948136070224028947309643,2025-09-03T16:26:00Z,2025-09-03T16:28:00Z,2025-09-03T16:28:00Z,2025-09-03T16:43:00Z,2025-09-03T16:43:00Z,2025-09-03T19:38:00Z,0,0,0,0,0,0
call-AS-2025-09-13T18:16:00+00:00-d704b4d61ddd,2025-09,A,SHORT,RETURN,AS-2025-09-13T16:45:00+00:00-fe68ad5f7bc3,AS-2025-09-13T16:45:00+00:00-fe68ad5f7bc3,2025-09-13T17:00:00Z,3,"{""ANCHOR_LOST"": 2, ""ARM"": 1, ""BIRTH"": 1, ""REARM"": 2}",2025-09-13T18:03:00Z,2025-09-13T18:03:00Z,2025-09-13T18:16:00Z,2025-09-13T18:16:00Z,13,2025-09-13T19:00:00+00:00,2025-09-13T22:03:00Z,227,115458.6,115560.2,115469.7,115573.9,115573.9,115573.9,115093.8,177.75,115469.7..115560.2,115517.4..115560.2,115414.2..115503.0,-9.99,31.60,115519.9,MODELED_RETURN_COMPLETE_MINUTE_CLOSE,115573.9,115093.8,LANDMARK,"[""115469.7"", ""115560.2""]","[""115517.4"", ""115560.2""]",-4.67,36.89,36.89,4.67,0.48,"[{""cap"": ""115093.8"", ""cursor"": ""206289"", ""near_edge"": ""115093.8"", ""since"": ""2025-09-13T18:03:00+00:00"", ""zone_id"": ""T_CONFIRM""}]",177.75,-0.34,6,"{""CLOSE_OUTSIDE_RETURN_CORRIDOR"": 1, ""REWARD_RISK_BELOW_MINIMUM"": 4}",7,NONE_RECORDED_H2_CONSISTENT,0,0,0,0,0,0,NONE_RECORDED_H2_CONSISTENT,False,True,DOWN,2025-09-13T17:00:00Z,DOWN,2025-09-13T17:00:00Z,REACTION,2025-09-13T17:45:00Z,2025-09-13T18:17:00Z,"[{""at"": ""2025-09-13T18:17:00Z"", ""entry_status"": ""CLOSED"", ""reasons"": [""REWARD_RISK_BELOW_MINIMUM""], ""rev"": 1, ""thesis"": ""ONGOING""}, {""at"": ""2025-09-13T18:24:00Z"", ""entry_status"": ""AVAILABLE"", ""reasons"": [], ""rev"": 4, ""thesis"": ""ONGOING""}, {""at"": ""2025-09-13T18:28:00Z"", ""entry_status"": ""CLOSED"", ""reasons"": [""THESIS_TERMINAL""], ""rev"": 5, ""thesis"": ""INVALIDATED""}]",2025-09-13T18:24:00Z,115518.6,8,8,7,,-4.79,36.77,0,0,0,0,0,0,INVALIDATED,CERTIFIED_INVALIDATION_CONTACT:okx/BTC-USDT-SWAP/trade_bar_1m#obs@2025-09-13T18:,2025-09-13T18:28:00Z,2025-09-13T18:27:00Z,2025-09-13T18:28:00Z,UNAVAILABLE,INVALIDATED,V_CONTACT:okx/BTC-USDT-SWAP/trade_bar_1m#obs@2025-09-13T18:27:00Z,2025-09-13T18:28:00Z,115077,CLOSED,STOP,2025-09-13T18:27:00Z,2025-09-13T18:28:00Z,STOP_TOUCH,115573.9,3,-0.0018790458852513794315374320672168810910104519965081,0,-0.00089509395023831660009730034816903944473011272643540,CLOSED,CLOSED,CLOSED,-0.0018669124826869806094182825484764542936288088642687,-0.0018790458852513794315374320672168810910104519965081,-0.0043920876811180190895665286802298504310128412221412,2025-09-13T18:16:00Z,2025-09-13T18:24:00Z,2025-09-13T18:24:00Z,2025-09-13T18:27:00Z,2025-09-13T18:27:00Z,2025-09-13T22:04:00Z,0,0,0,0,0,0
call-AS-2025-09-26T00:52:00+00:00-f17ddaf8ab3b,2025-09,A,SHORT,RETURN,AS-2025-09-25T23:30:00+00:00-ac192b5174ef,AS-2025-09-25T23:30:00+00:00-ac192b5174ef,2025-09-25T23:45:00Z,2,"{""ANCHOR_LOST"": 1, ""ARM"": 1, ""BIRTH"": 1, ""REARM"": 1}",2025-09-26T00:32:00Z,2025-09-26T00:32:00Z,2025-09-26T00:52:00Z,2025-09-26T00:52:00Z,20,2025-09-26T01:45:00+00:00,2025-09-26T04:32:00Z,220,109168.1,109355.2,109178.3,109383.0,109382.96,109383.0,108716.0,267.35,109178.3..109355.2,109232.8..109355.2,109101.3..109234.9,-19.69,41.41,109324.9,MODELED_RETURN_COMPLETE_MINUTE_CLOSE,109383.0,108716.0,LANDMARK,"[""109178.3"", ""109355.2""]","[""109232.8"", ""109355.2""]",-5.31,55.70,55.70,5.31,18.52,"[{""cap"": ""108716.0"", ""cursor"": ""259296"", ""near_edge"": ""108716.0"", ""since"": ""2025-09-26T00:32:00+00:00"", ""zone_id"": ""T_CONFIRM""}]",267.35,-0.59,8,"{""CLOSE_OUTSIDE_RETURN_CORRIDOR"": 5, ""NO_ROOM_AFTER_COSTS"": 2, ""REWARD_RISK_BELOW_MINIMUM"": 4}",12,NONE_RECORDED_H2_CONSISTENT,0,0,0,0,0,0,NONE_RECORDED_H2_CONSISTENT,False,True,DOWN,2025-09-25T23:00:00Z,DOWN,2025-09-25T23:00:00Z,TRANSITION,2025-09-26T00:45:00Z,2025-09-26T00:53:00Z,"[{""at"": ""2025-09-26T00:53:00Z"", ""entry_status"": ""CLOSED"", ""reasons"": [""THESIS_TERMINAL""], ""rev"": 1, ""thesis"": ""INVALIDATED""}]",,,,0,0,CALL_TERMINAL_BEFORE_QUALIFYING_OPEN,,,0,0,0,0,0,0,INVALIDATED,CERTIFIED_INVALIDATION_CONTACT:okx/BTC-USDT-SWAP/trade_bar_1m#obs@2025-09-26T00:,2025-09-26T00:53:00Z,2025-09-26T00:52:00Z,2025-09-26T00:53:00Z,UNAVAILABLE,INVALIDATED,V_CONTACT:okx/BTC-USDT-SWAP/trade_bar_1m#obs@2025-09-26T00:52:00Z,2025-09-26T00:53:00Z,108688,NO_ENTRY,CALL_TERMINAL_BEFORE_QUALIFYING_OPEN,,,,,,,,,CLOSED,NO_ENTRY,NO_ENTRY,-0.0019318154418618265372298534002775214063767723547148,,,2025-09-26T00:52:00Z,,,2025-09-26T00:52:00Z,,,0,0,0,0,0,0
call-AL-2025-10-06T18:26:00+00:00-9e8449f1f9d1,2025-10,A,LONG,RETURN,AL-2025-10-06T17:15:00+00:00-9f6bbcabbcef,AL-2025-10-06T17:15:00+00:00-9f6bbcabbcef,2025-10-06T17:30:00Z,2,"{""ANCHOR_LOST"": 1, ""ARM"": 1, ""BIRTH"": 1, ""REARM"": 1}",2025-10-06T18:16:00Z,2025-10-06T18:16:00Z,2025-10-06T18:26:00Z,2025-10-06T18:26:00Z,10,2025-10-06T19:30:00+00:00,2025-10-06T22:16:00Z,230,125292.9,125005,125269.7,124966.4,124966.465,124966.4,125763.0,412.9,125005..125269.7,125005..125153.2,125189.7..125396.1,-26.06,37.52,125136.6,MODELED_RETURN_COMPLETE_MINUTE_CLOSE,124966.4,125763.0,LANDMARK,"[""125005"", ""125269.7""]","[""125005"", ""125153.2""]",-13.60,50.06,50.06,13.60,2.94,"[{""cap"": ""125763.0"", ""cursor"": ""305688"", ""near_edge"": ""125763.0"", ""since"": ""2025-10-06T18:16:00+00:00"", ""zone_id"": ""T_CONFIRM""}]",412.9,-0.38,5,"{""CLOSE_OUTSIDE_RETURN_CORRIDOR"": 1, ""REWARD_RISK_BELOW_MINIMUM"": 3}",6,NONE_RECORDED_H2_CONSISTENT,0,0,0,0,0,0,NONE_RECORDED_H2_CONSISTENT,False,True,UP,2025-10-06T16:00:00Z,UP,2025-10-06T16:00:00Z,REACTION,2025-10-06T17:45:00Z,2025-10-06T18:27:00Z,"[{""at"": ""2025-10-06T18:29:00Z"", ""entry_status"": ""CLOSED"", ""reasons"": [""REWARD_RISK_BELOW_MINIMUM""], ""rev"": 1, ""thesis"": ""ONGOING""}, {""at"": ""2025-10-06T18:51:00Z"", ""entry_status"": ""CLOSED"", ""reasons"": [""THESIS_TERMINAL""], ""rev"": 4, ""thesis"": ""TARGET_REACHED""}]",2025-10-06T18:27:00Z,125114.7,1,1,0,,-11.85,51.82,0,0,0,0,0,0,TARGET_REACHED,CERTIFIED_TARGET_CONTACT:okx/BTC-USDT-SWAP/trade_bar_1m#obs@2025-10-06T18:50:00Z,2025-10-06T18:51:00Z,2025-10-06T18:50:00Z,2025-10-06T18:51:00Z,UNAVAILABLE,DESTINATION_REACHED,DESTINATION_CONTACT:okx/BTC-USDT-SWAP/trade_bar_1m#obs@2025-10-06T18:50:00Z,2025-10-06T18:51:00Z,125833.9,CLOSED,TARGET,2025-10-06T18:50:00Z,2025-10-06T18:51:00Z,TARGET_TOUCH,125763.0,23,0.0037780181705267246774359847404022069349165206006707,0.0060800209727553996452854860380115206286711313698550,-0.00014147018695644876261542408685789919170169452510376,CLOSED,CLOSED,CLOSED,0.0036022257277247424015036368256769002833703329002508,0.0036503819209689716184530402635326610757081001769353,-0.0011955309807720435728175825862188855506187522329904,2025-10-06T18:26:00Z,2025-10-06T18:28:00Z,2025-10-06T18:27:00Z,2025-10-06T18:50:00Z,2025-10-06T18:50:00Z,2025-10-06T22:17:00Z,0,0,0,0,0,0
call-AL-2025-10-19T20:13:00+00:00-43d9ac9ddcac,2025-10,A,LONG,RETURN,AL-2025-10-19T18:15:00+00:00-197f01368771,AL-2025-10-19T18:15:00+00:00-197f01368771,2025-10-19T18:30:00Z,3,"{""ANCHOR_LOST"": 1, ""ARM"": 1, ""BIRTH"": 1, ""REARM"": 1, ""REVISE"": 1}",2025-10-19T20:08:00Z,2025-10-19T20:08:00Z,2025-10-19T20:13:00Z,2025-10-19T20:13:00Z,5,2025-10-19T20:30:00+00:00,2025-10-20T00:08:00Z,235,108927.9,108750,108918.6,108723.1,108723.155,108723.1,109356.8,225.15,108750..108918.6,108750..108858.7,108871.7..108984.1,-18.80,39.37,108851.9,MODELED_RETURN_COMPLETE_MINUTE_CLOSE,108723.1,109356.8,LANDMARK,"[""108750"", ""108918.6""]","[""108750"", ""108858.7""]",-11.83,46.38,46.38,11.83,1.39,"[{""cap"": ""109356.8"", ""cursor"": ""362184"", ""near_edge"": ""109356.8"", ""since"": ""2025-10-19T20:08:00+00:00"", ""zone_id"": ""T_CONFIRM""}]",225.15,-0.34,4,"{""REWARD_RISK_BELOW_MINIMUM"": 2}",5,NONE_RECORDED_H2_CONSISTENT,0,0,0,0,0,0,NONE_RECORDED_H2_CONSISTENT,False,True,UP,2025-10-19T14:00:00Z,UP,2025-10-19T14:00:00Z,REACTION,2025-10-19T19:15:00Z,2025-10-19T20:14:00Z,"[{""at"": ""2025-10-19T20:22:00Z"", ""entry_status"": ""CLOSED"", ""reasons"": [""REWARD_RISK_BELOW_MINIMUM""], ""rev"": 1, ""thesis"": ""ONGOING""}, {""at"": ""2025-10-19T20:23:00Z"", ""entry_status"": ""AVAILABLE"", ""reasons"": [], ""rev"": 2, ""thesis"": ""ONGOING""}, {""at"": ""2025-10-19T20:26:00Z"", ""entry_status"": ""CLOSED"", ""reasons"": [""REWARD_RISK_BELOW_MINIMUM""], ""rev"": 3, ""thesis"": ""ONGOING""}, {""at"": ""2025-10-19T20:31:00Z"", ""entry_status"": ""AVAILABLE"", ""reasons"": [], ""rev"": 4, ""thesis"": ""ONGOING""}, {""at"": ""2025-10-19T20:46:00Z"", ""entry_status"": ""CLOSED"", ""reasons"": [""PRICE_OUTSIDE_STRUCTURAL_AREA"", ""REWARD_RISK_BELOW_MINIMUM""], ""rev"": 5, ""thesis"": ""ONGOING""}, {""at"": ""2025-10-19T20:49:00Z"", ""entry_status"": ""AVAILABLE"", ""reasons"": [], ""rev"": 7, ""thesis"": ""ONGOING""}, {""at"": ""2025-10-19T20:56:00Z"", ""entry_status"": ""CLOSED"", ""reasons"": [""REWARD_RISK_BELOW_MINIMUM""], ""rev"": 8, ""thesis"": ""ONGOING""}, {""at"": ""2025-10-19T20:58:00Z"", ""entry_status"": ""AVAILABLE"", ""reasons"": [], ""rev"": 9, ""thesis"": ""ONGOING""}, {""at"": ""2025-10-19T21:13:00Z"", ""entry_status"": ""CLOSED"", ""reasons"": [""THESIS_TERMINAL""], ""rev"": 10, ""thesis"": ""INVALIDATED""}]",2025-10-19T20:14:00Z,108830.1,1,1,0,,-9.83,48.40,0,0,0,0,0,0,INVALIDATED,CERTIFIED_INVALIDATION_CONTACT:okx/BTC-USDT-SWAP/trade_bar_1m#obs@2025-10-19T21:,2025-10-19T21:13:00Z,2025-10-19T21:12:00Z,2025-10-19T21:13:00Z,UNAVAILABLE,INVALIDATED,V_CONTACT:okx/BTC-USDT-SWAP/trade_bar_1m#obs@2025-10-19T21:12:00Z,2025-10-19T21:13:00Z,109385.2,CLOSED,STOP,2025-10-19T21:12:00Z,2025-10-19T21:13:00Z,STOP_TOUCH,108723.1,58,-0.0023824956514787728762539040210382973092921903039650,0.00098042728987660582871834170877358377875238559920463,-0.0016585485081792629061261544370537195132596588627595,CLOSED,CLOSED,CLOSED,-0.0025824308073630317890638564875762389080943924727074,-0.0024164352434629683058020578165974173464493567255767,-0.0064502112926478979620527776782342385057075202540477,2025-10-19T20:13:00Z,2025-10-19T20:15:00Z,2025-10-19T20:14:00Z,2025-10-19T21:12:00Z,2025-10-19T21:12:00Z,2025-10-20T00:09:00Z,0,0,0,0,1,0
call-AL-2025-10-26T23:34:00+00:00-58912bffa1f8,2025-10,A,LONG,IMMEDIATE,AL-2025-10-26T22:45:00+00:00-2a485c6148ab,AL-2025-10-26T22:45:00+00:00-2a485c6148ab,2025-10-26T23:00:00Z,2,"{""ANCHOR_LOST"": 1, ""ARM"": 1, ""BIRTH"": 1, ""REARM"": 1}",2025-10-26T23:34:00Z,,,2025-10-26T23:34:00Z,0,,2025-10-27T03:34:00Z,240,114599.9,114329.5,114540.5,114309.5,114309.58,114309.5,115739.3,215.5,114329.5..114540.5,114329.5..114540.5,114546.1..114653.7,-25.34,99.42,114599.9,MODELED_CONFIRMATION_COMPLETE_MINUTE_CLOSE,114309.5,115739.3,LANDMARK,"[""114546.1"", ""114653.7""]","[""114546.1"", ""114653.7""]",-25.34,99.42,99.42,25.34,38.22,[],215.5,0.00,0,{},0,NOT_APPLICABLE_IMMEDIATE,0,0,0,0,0,0,NOT_APPLICABLE_IMMEDIATE,False,True,UP,2025-10-26T23:00:00Z,UP,2025-10-26T23:00:00Z,REACTION,2025-10-26T23:30:00Z,2025-10-26T23:35:00Z,"[{""at"": ""2025-10-26T23:36:00Z"", ""entry_status"": ""CLOSED"", ""reasons"": [""PRICE_OUTSIDE_STRUCTURAL_AREA""], ""rev"": 1, ""thesis"": ""ONGOING""}, {""at"": ""2025-10-26T23:37:00Z"", ""entry_status"": ""AVAILABLE"", ""reasons"": [], ""rev"": 2, ""thesis"": ""ONGOING""}, {""at"": ""2025-10-26T23:48:00Z"", ""entry_status"": ""CLOSED"", ""reasons"": [""PRICE_OUTSIDE_STRUCTURAL_AREA""], ""rev"": 3, ""thesis"": ""ONGOING""}, {""at"": ""2025-10-26T23:49:00Z"", ""entry_status"": ""AVAILABLE"", ""reasons"": [], ""rev"": 4, ""thesis"": ""ONGOING""}, {""at"": ""2025-10-26T23:50:00Z"", ""entry_status"": ""CLOSED"", ""reasons"": [""PRICE_OUTSIDE_STRUCTURAL_AREA""], ""rev"": 5, ""thesis"": ""ONGOING""}, {""at"": ""2025-10-27T00:03:00Z"", ""entry_status"": ""AVAILABLE"", ""reasons"": [], ""rev"": 6, ""thesis"": ""ONGOING""}, {""at"": ""2025-10-27T00:05:00Z"", ""entry_status"": ""CLOSED"", ""reasons"": [""PRICE_OUTSIDE_STRUCTURAL_AREA""], ""rev"": 7, ""thesis"": ""ONGOING""}, {""at"": ""2025-10-27T00:52:00Z"", ""entry_status"": ""AVAILABLE"", ""reasons"": [], ""rev"": 22, ""thesis"": ""ONGOING""}, {""at"": ""2025-10-27T00:53:00Z"", ""entry_status"": ""CLOSED"", ""reasons"": [""PRICE_OUTSIDE_STRUCTURAL_AREA""], ""rev"": 23, ""thesis"": ""ONGOING""}, {""at"": ""2025-10-27T03:34:00Z"", ""entry_status"": ""CLOSED"", ""reasons"": [""THESIS_TERMINAL""], ""rev"": 52, ""thesis"": ""TIME_EXPIRED""}]",2025-10-26T23:35:00Z,114623.4,1,1,0,,-27.39,97.35,0,0,0,0,0,0,TIME_EXPIRED,HARD_DEADLINE,2025-10-27T03:34:00Z,,,,TIME_EXPIRED,CONFIRMED_HARD_DEADLINE,2025-10-27T03:34:00Z,115759.3,CLOSED,GUIDANCE_TIME_EXPIRED,2025-10-27T03:35:00Z,2025-10-27T03:35:00Z,DISCRETIONARY_OPEN,114899.7,240,0.0010088152157412884280173158360334800747491349933667,0.0069479704842117752570592043160471596550093610903184,-0.0025919663873170748730189472655670657125857372927343,CLOSED,CLOSED,CLOSED,0.0012142268885051383116390153918109876186628435103663,0.0014520851825958539861590064648908509618783532202296,0.0010088152157412884280173158360334800747491349933667,2025-10-26T23:34:00Z,2025-10-26T23:37:00Z,2025-10-26T23:35:00Z,2025-10-27T03:35:00Z,2025-10-27T03:35:00Z,2025-10-27T03:35:00Z,0,0,0,0,0,0
call-AL-2025-10-31T03:32:00+00:00-2894bcfa65ed,2025-10,A,LONG,RETURN,AL-2025-10-31T01:45:00+00:00-b8d25b1ba9c7,AL-2025-10-31T01:45:00+00:00-b8d25b1ba9c7,2025-10-31T02:00:00Z,3,"{""ANCHOR_LOST"": 2, ""ARM"": 1, ""BIRTH"": 1, ""REARM"": 2}",2025-10-31T03:08:00Z,2025-10-31T03:08:00Z,2025-10-31T03:32:00Z,2025-10-31T03:32:00Z,24,2025-10-31T04:00:00+00:00,2025-10-31T07:08:00Z,216,109015,108498.6,108914,108464.6,108464.61,108464.6,109947.8,373.6,108498.6..108914,108498.6..108914,108921.6..109108.4,-50.49,85.57,108873.9,MODELED_RETURN_COMPLETE_MINUTE_CLOSE,108464.6,109947.8,LANDMARK,"[""108498.6"", ""108914""]","[""108498.6"", ""108914""]",-37.59,98.64,98.64,37.59,22.72,"[{""cap"": ""109947.8"", ""cursor"": ""410964"", ""near_edge"": ""109947.8"", ""since"": ""2025-10-31T03:08:00+00:00"", ""zone_id"": ""T_CONFIRM""}]",401.95,-0.38,6,"{""CLOSE_OUTSIDE_RETURN_CORRIDOR"": 3, ""REWARD_RISK_BELOW_MINIMUM"": 3}",11,NONE_RECORDED_H2_CONSISTENT,0,0,0,0,0,0,NONE_RECORDED_H2_CONSISTENT,False,True,UP,2025-10-31T02:00:00Z,UP,2025-10-31T02:00:00Z,TRANSITION,2025-10-31T03:30:00Z,2025-10-31T03:33:00Z,"[{""at"": ""2025-10-31T03:35:00Z"", ""entry_status"": ""CLOSED"", ""reasons"": [""PRICE_OUTSIDE_STRUCTURAL_AREA""], ""rev"": 1, ""thesis"": ""ONGOING""}, {""at"": ""2025-10-31T03:41:00Z"", ""entry_status"": ""AVAILABLE"", ""reasons"": [], ""rev"": 3, ""thesis"": ""ONGOING""}, {""at"": ""2025-10-31T03:46:00Z"", ""entry_status"": ""CLOSED"", ""reasons"": [""PRICE_OUTSIDE_STRUCTURAL_AREA""], ""rev"": 4, ""thesis"": ""ONGOING""}, {""at"": ""2025-10-31T04:41:00Z"", ""entry_status"": ""CLOSED"", ""reasons"": [""THESIS_TERMINAL""], ""rev"": 6, ""thesis"": ""TARGET_REACHED""}]",2025-10-31T03:33:00Z,108876.9,1,1,0,,-37.87,98.36,0,0,0,0,0,0,TARGET_REACHED,CERTIFIED_TARGET_CONTACT:okx/BTC-USDT-SWAP/trade_bar_1m#obs@2025-10-31T04:40:00Z,2025-10-31T04:41:00Z,2025-10-31T04:40:00Z,2025-10-31T04:41:00Z,UNAVAILABLE,DESTINATION_REACHED,DESTINATION_CONTACT:okx/BTC-USDT-SWAP/trade_bar_1m#obs@2025-10-31T04:40:00Z,2025-10-31T04:41:00Z,109983.7,CLOSED,TARGET,2025-10-31T04:40:00Z,2025-10-31T04:41:00Z,TARGET_TOUCH,109947.8,67,0.0084289937534959206222807592795165916737159121907684,0.012140316265433714589596140228092460384158623179021,-0.0010562387430207876969311212938649061462991690615732,CLOSED,CLOSED,CLOSED,0.0084568001146280237963368631049314849564496174014056,0.0082232742970327578464835797541026509860963038261559,0.0033387332850218916960346960650055245878602348156909,2025-10-31T03:32:00Z,2025-10-31T03:34:00Z,2025-10-31T03:33:00Z,2025-10-31T04:40:00Z,2025-10-31T04:40:00Z,2025-10-31T07:09:00Z,0,0,0,0,0,0
call-AS-2025-11-17T21:44:00+00:00-e3460d418aaa,2025-11,A,SHORT,RETURN,AS-2025-11-17T20:00:00+00:00-bf292f9b7a57,AS-2025-11-17T20:00:00+00:00-bf292f9b7a57,2025-11-17T20:15:00Z,3,"{""ANCHOR_LOST"": 1, ""ARM"": 1, ""BIRTH"": 1, ""REARM"": 1, ""REVISE"": 1}",2025-11-17T21:18:00Z,2025-11-17T21:18:00Z,2025-11-17T21:44:00Z,2025-11-17T21:44:00Z,26,2025-11-17T22:15:00+00:00,2025-11-18T01:18:00Z,214,91843.5,92223.5,91877.4,92278.5,92278.475,92278.5,91310.1,527.15,91877.4..92223.5,91967.1..92223.5,91711.8..91975.2,-47.36,58.08,92031,MODELED_RETURN_COMPLETE_MINUTE_CLOSE,92278.5,91310.1,LANDMARK,"[""91877.4"", ""92223.5""]","[""91967.1"", ""92223.5""]",-26.89,78.33,78.33,26.89,15.26,"[{""cap"": ""91310.1"", ""cursor"": ""487674"", ""near_edge"": ""91310.1"", ""since"": ""2025-11-17T21:18:00+00:00"", ""zone_id"": ""T_CONFIRM""}]",546.75,-0.36,4,"{""CLOSE_OUTSIDE_RETURN_CORRIDOR"": 1, ""REWARD_RISK_BELOW_MINIMUM"": 2}",5,NONE_RECORDED_H2_CONSISTENT,0,0,0,0,0,0,NONE_RECORDED_H2_CONSISTENT,False,True,DOWN,2025-11-17T18:00:00Z,DOWN,2025-11-17T18:00:00Z,REACTION,2025-11-17T21:00:00Z,2025-11-17T21:45:00Z,"[{""at"": ""2025-11-17T21:45:00Z"", ""entry_status"": ""CLOSED"", ""reasons"": [""PRICE_OUTSIDE_STRUCTURAL_AREA"", ""REWARD_RISK_BELOW_MINIMUM""], ""rev"": 1, ""thesis"": ""ONGOING""}, {""at"": ""2025-11-17T22:08:00Z"", ""entry_status"": ""AVAILABLE"", ""reasons"": [], ""rev"": 7, ""thesis"": ""ONGOING""}, {""at"": ""2025-11-17T22:21:00Z"", ""entry_status"": ""CLOSED"", ""reasons"": [""REWARD_RISK_BELOW_MINIMUM""], ""rev"": 8, ""thesis"": ""ONGOING""}, {""at"": ""2025-11-17T22:22:00Z"", ""entry_status"": ""AVAILABLE"", ""reasons"": [], ""rev"": 9, ""thesis"": ""ONGOING""}, {""at"": ""2025-11-17T22:43:00Z"", ""entry_status"": ""CLOSED"", ""reasons"": [""THESIS_TERMINAL""], ""rev"": 10, ""thesis"": ""INVALIDATED""}]",2025-11-17T22:08:00Z,91976.4,24,24,23,,-32.85,72.44,0,0,0,0,0,0,INVALIDATED,CERTIFIED_INVALIDATION_CONTACT:okx/BTC-USDT-SWAP/trade_bar_1m#obs@2025-11-17T22:,2025-11-17T22:43:00Z,2025-11-17T22:42:00Z,2025-11-17T22:43:00Z,UNAVAILABLE,INVALIDATED,V_CONTACT:okx/BTC-USDT-SWAP/trade_bar_1m#obs@2025-11-17T22:42:00Z,2025-11-17T22:43:00Z,91255.1,CLOSED,STOP,2025-11-17T22:42:00Z,2025-11-17T22:43:00Z,STOP_TOUCH,92278.5,34,-0.0046868373843725129489738672094145889597766383550366,0.0010915843629452772667771297854667066769301690433633,-0.0036270173653241483684945268568893759703576134747609,CLOSED,CLOSED,CLOSED,-0.0040922840046114946175686644377051620705654296546380,-0.0046868373843725129489738672094145889597766383550366,-0.0017568628474260788637085165325018156831535045946171,2025-11-17T21:44:00Z,2025-11-17T22:08:00Z,2025-11-17T22:08:00Z,2025-11-17T22:42:00Z,2025-11-17T22:42:00Z,2025-11-18T01:19:00Z,0,0,0,0,0,0
call-AL-2025-11-23T06:18:00+00:00-6f3abde747e4,2025-11,A,LONG,RETURN,AL-2025-11-23T04:30:00+00:00-e6e2d43cfa95,AL-2025-11-23T04:30:00+00:00-e6e2d43cfa95,2025-11-23T04:45:00Z,4,"{""ANCHOR_LOST"": 3, ""ARM"": 1, ""BIRTH"": 1, ""REARM"": 3}",2025-11-23T05:55:00Z,2025-11-23T05:55:00Z,2025-11-23T06:18:00Z,2025-11-23T06:18:00Z,23,2025-11-23T06:45:00+00:00,2025-11-23T09:55:00Z,217,86234.8,85945.6,86232.3,85912.0,85912.005,85912.0,86789.9,316.65,85945.6..86232.3,85945.6..86190.3,86155.7..86313.9,-37.43,64.37,86188,MODELED_RETURN_COMPLETE_MINUTE_CLOSE,85912.0,86789.9,LANDMARK,"[""85945.6"", ""86232.3""]","[""85945.6"", ""86190.3""]",-32.02,69.84,69.84,32.02,0.61,"[{""cap"": ""86789.9"", ""cursor"": ""510825"", ""near_edge"": ""86789.9"", ""since"": ""2025-11-23T05:55:00+00:00"", ""zone_id"": ""T_CONFIRM""}]",312.5,-0.15,6,"{""CLOSE_OUTSIDE_RETURN_CORRIDOR"": 1, ""REWARD_RISK_BELOW_MINIMUM"": 4}",11,NONE_RECORDED_H2_CONSISTENT,0,0,0,0,0,0,NONE_RECORDED_H2_CONSISTENT,False,True,UP,2025-11-23T02:00:00Z,UP,2025-11-23T02:00:00Z,TRANSITION,2025-11-23T06:15:00Z,2025-11-23T06:19:00Z,"[{""at"": ""2025-11-23T06:21:00Z"", ""entry_status"": ""CLOSED"", ""reasons"": [""REWARD_RISK_BELOW_MINIMUM""], ""rev"": 1, ""thesis"": ""ONGOING""}, {""at"": ""2025-11-23T06:23:00Z"", ""entry_status"": ""AVAILABLE"", ""reasons"": [], ""rev"": 2, ""thesis"": ""ONGOING""}, {""at"": ""2025-11-23T06:52:00Z"", ""entry_status"": ""CLOSED"", ""reasons"": [""THESIS_TERMINAL""], ""rev"": 3, ""thesis"": ""INVALIDATED""}]",2025-11-23T06:19:00Z,86152.1,1,1,0,,-27.87,74.03,0,0,0,0,0,0,INVALIDATED,CERTIFIED_INVALIDATION_CONTACT:okx/BTC-USDT-SWAP/trade_bar_1m#obs@2025-11-23T06:,2025-11-23T06:52:00Z,2025-11-23T06:51:00Z,2025-11-23T06:52:00Z,UNAVAILABLE,INVALIDATED,V_CONTACT:okx/BTC-USDT-SWAP/trade_bar_1m#obs@2025-11-23T06:51:00Z,2025-11-23T06:52:00Z,86823.5,CLOSED,STOP,2025-11-23T06:51:00Z,2025-11-23T06:52:00Z,STOP_TOUCH,85912.0,32,-0.0041849806330896170842034030511154109998479433467081,0.0012733293790865225571982575003975527003984812906476,-0.0032175652131520879932120052790355661672785689495671,CLOSED,CLOSED,CLOSED,-0.0046000603332250429294101266997725901517612660695271,-0.0042948543202540342797719633804386176672670888191460,0.00045356062127330616433029490865573793325989732114610,2025-11-23T06:18:00Z,2025-11-23T06:20:00Z,2025-11-23T06:19:00Z,2025-11-23T06:51:00Z,2025-11-23T06:51:00Z,2025-11-23T09:56:00Z,0,0,0,0,0,0
call-AS-2025-12-01T17:08:00+00:00-a03ce711ffdb,2025-12,A,SHORT,RETURN,AS-2025-12-01T16:00:00+00:00-3c4839a654e4,AS-2025-12-01T16:00:00+00:00-3c4839a654e4,2025-12-01T16:15:00Z,2,"{""ANCHOR_LOST"": 1, ""ARM"": 1, ""BIRTH"": 1, ""REARM"": 1}",2025-12-01T16:55:00Z,2025-12-01T16:55:00Z,2025-12-01T17:08:00Z,2025-12-01T17:08:00Z,13,2025-12-01T18:15:00+00:00,2025-12-01T20:55:00Z,227,84498.8,85419.2,84499.2,85464.0,85463.99,85464.0,83825.0,522.9,84499.2..85419.2,84837.8..85419.2,84368.1..84629.5,-114.23,79.74,84937.9,MODELED_RETURN_COMPLETE_MINUTE_CLOSE,85464.0,83825.0,LANDMARK,"[""84499.2"", ""85419.2""]","[""84837.8"", ""85419.2""]",-61.94,131.03,131.03,61.94,25.90,"[{""cap"": ""83825.0"", ""cursor"": ""547365"", ""near_edge"": ""83825.0"", ""since"": ""2025-12-01T16:55:00+00:00"", ""zone_id"": ""T_CONFIRM""}]",600.6,-0.84,6,"{""CLOSE_OUTSIDE_RETURN_CORRIDOR"": 1, ""REWARD_RISK_BELOW_MINIMUM"": 4}",9,NONE_RECORDED_H2_CONSISTENT,0,0,0,0,0,0,NONE_RECORDED_H2_CONSISTENT,False,True,DOWN,2025-12-01T16:00:00Z,DOWN,2025-12-01T16:00:00Z,REACTION,2025-12-01T16:30:00Z,2025-12-01T17:09:00Z,"[{""at"": ""2025-12-01T17:10:00Z"", ""entry_status"": ""CLOSED"", ""reasons"": [""REWARD_RISK_BELOW_MINIMUM""], ""rev"": 1, ""thesis"": ""ONGOING""}, {""at"": ""2025-12-01T17:23:00Z"", ""entry_status"": ""AVAILABLE"", ""reasons"": [], ""rev"": 4, ""thesis"": ""ONGOING""}, {""at"": ""2025-12-01T17:24:00Z"", ""entry_status"": ""CLOSED"", ""reasons"": [""REWARD_RISK_BELOW_MINIMUM""], ""rev"": 5, ""thesis"": ""ONGOING""}, {""at"": ""2025-12-01T17:25:00Z"", ""entry_status"": ""AVAILABLE"", ""reasons"": [], ""rev"": 6, ""thesis"": ""ONGOING""}, {""at"": ""2025-12-01T17:26:00Z"", ""entry_status"": ""CLOSED"", ""reasons"": [""REWARD_RISK_BELOW_MINIMUM""], ""rev"": 7, ""thesis"": ""ONGOING""}, {""at"": ""2025-12-01T17:27:00Z"", ""entry_status"": ""AVAILABLE"", ""reasons"": [], ""rev"": 8, ""thesis"": ""ONGOING""}, {""at"": ""2025-12-01T17:31:00Z"", ""entry_status"": ""CLOSED"", ""reasons"": [""REWARD_RISK_BELOW_MINIMUM""], ""rev"": 9, ""thesis"": ""ONGOING""}, {""at"": ""2025-12-01T17:37:00Z"", ""entry_status"": ""AVAILABLE"", ""reasons"": [], ""rev"": 10, ""thesis"": ""ONGOING""}, {""at"": ""2025-12-01T18:15:00Z"", ""entry_status"": ""CLOSED"", ""reasons"": [""THESIS_TERMINAL""], ""rev"": 11, ""thesis"": ""INVALIDATED""}]",2025-12-01T17:09:00Z,84917.2,1,1,0,,-64.39,128.62,0,0,0,0,0,0,INVALIDATED,CERTIFIED_INVALIDATION_CONTACT:okx/BTC-USDT-SWAP/trade_bar_1m#obs@2025-12-01T18:,2025-12-01T18:15:00Z,2025-12-01T18:14:00Z,2025-12-01T18:15:00Z,UNAVAILABLE,INVALIDATED,V_CONTACT:okx/BTC-USDT-SWAP/trade_bar_1m#obs@2025-12-01T18:14:00Z,2025-12-01T18:15:00Z,83777,CLOSED,STOP,2025-12-01T18:14:00Z,2025-12-01T18:15:00Z,STOP_TOUCH,85464.0,65,-0.0078437211778061452803436759572854498264191471221832,0.0059928966098740891126885954788900246357628372108360,-0.0066994672457405566834516446609167518476822127908127,CLOSED,CLOSED,CLOSED,-0.0075982727380827639958134119162352730642033768200050,-0.0085309012683347611870472652967912768547466217609412,-0.0066087139001285958557276970978788749511288643526074,2025-12-01T17:08:00Z,2025-12-01T17:23:00Z,2025-12-01T17:09:00Z,2025-12-01T18:14:00Z,2025-12-01T18:14:00Z,2025-12-01T20:56:00Z,0,0,0,0,0,0
call-AS-2025-12-05T11:07:00+00:00-4a491491d702,2025-12,A,SHORT,RETURN,AS-2025-12-05T09:45:00+00:00-f8fb627e151e,AS-2025-12-05T09:45:00+00:00-f8fb627e151e,2025-12-05T10:00:00Z,3,"{""ANCHOR_LOST"": 1, ""ARM"": 1, ""BIRTH"": 1, ""REARM"": 1, ""REVISE"": 1}",2025-12-05T11:00:00Z,2025-12-05T11:00:00Z,2025-12-05T11:07:00Z,2025-12-05T11:07:00Z,7,2025-12-05T12:00:00+00:00,2025-12-05T15:00:00Z,233,91234.7,91450,91238.7,91469.0,91468.96,91469.0,90999.8,210.25,91238.7..91450,91383.7..91450,91182.2..91287.2,-25.68,25.75,91395.2,MODELED_RETURN_COMPLETE_MINUTE_CLOSE,91469.0,90999.8,LANDMARK,"[""91238.7"", ""91450""]","[""91383.7"", ""91450""]",-8.07,43.26,43.26,8.07,2.77,"[{""cap"": ""90999.8"", ""cursor"": ""563580"", ""near_edge"": ""90999.8"", ""since"": ""2025-12-05T11:00:00+00:00"", ""zone_id"": ""T_CONFIRM""}]",210.25,-0.76,5,"{""CLOSE_OUTSIDE_RETURN_CORRIDOR"": 1, ""REWARD_RISK_BELOW_MINIMUM"": 3}",6,NONE_RECORDED_H2_CONSISTENT,0,0,0,0,0,0,NONE_RECORDED_H2_CONSISTENT,False,True,DOWN,2025-12-05T10:00:00Z,DOWN,2025-12-05T10:00:00Z,REACTION,2025-12-05T10:45:00Z,2025-12-05T11:08:00Z,"[{""at"": ""2025-12-05T11:09:00Z"", ""entry_status"": ""CLOSED"", ""reasons"": [""THESIS_TERMINAL""], ""rev"": 1, ""thesis"": ""INVALIDATED""}]",2025-12-05T11:08:00Z,91429.7,1,1,0,,-4.30,47.02,0,0,0,0,0,0,INVALIDATED,CERTIFIED_INVALIDATION_CONTACT:okx/BTC-USDT-SWAP/trade_bar_1m#obs@2025-12-05T11:,2025-12-05T11:09:00Z,2025-12-05T11:08:00Z,2025-12-05T11:09:00Z,UNAVAILABLE,INVALIDATED,V_CONTACT:okx/BTC-USDT-SWAP/trade_bar_1m#obs@2025-12-05T11:08:00Z,2025-12-05T11:09:00Z,90942,CLOSED,STOP,2025-12-05T11:08:00Z,2025-12-05T11:09:00Z,STOP_TOUCH,91469.0,0,-0.0018301393310926318253259061333461665082571637006205,0,-0.00061030496654806917227115477793320988694045807872059,CLOSED,NO_ENTRY,CLOSED,-0.0022080474685760302510416301950211827316970694303145,,0.0094377599401507387643183779450222411317110304419660,2025-12-05T11:07:00Z,,2025-12-05T11:08:00Z,2025-12-05T11:08:00Z,,2025-12-05T15:01:00Z,0,0,0,0,0,0
call-AS-2025-12-19T19:16:00+00:00-435ee8848a09,2025-12,A,SHORT,RETURN,AS-2025-12-19T17:45:00+00:00-e344deda87eb,AS-2025-12-19T17:45:00+00:00-e344deda87eb,2025-12-19T18:00:00Z,2,"{""ANCHOR_LOST"": 1, ""ARM"": 1, ""BIRTH"": 1, ""REARM"": 1}",2025-12-19T18:40:00Z,2025-12-19T18:40:00Z,2025-12-19T19:16:00Z,2025-12-19T19:16:00Z,36,2025-12-19T20:00:00+00:00,2025-12-19T22:40:00Z,204,87022,87439,87032,87492.3,87492.255,87492.3,86886.5,532.55,87032..87439,87339.3..87439,86888.9..87155.1,-54.04,15.57,87343.1,MODELED_RETURN_COMPLETE_MINUTE_CLOSE,87492.3,86886.5,LANDMARK,"[""87032"", ""87439""]","[""87339.3"", ""87439""]",-17.08,52.28,52.28,17.08,0.98,"[{""cap"": ""86886.5"", ""cursor"": ""625440"", ""near_edge"": ""86886.5"", ""since"": ""2025-12-19T18:40:00+00:00"", ""zone_id"": ""T_CONFIRM""}]",532.55,-0.60,9,"{""CLOSE_OUTSIDE_RETURN_CORRIDOR"": 5, ""NO_ROOM_AFTER_COSTS"": 3, ""REWARD_RISK_BELOW_MINIMUM"": 4}",20,NONE_RECORDED_H2_CONSISTENT,0,0,0,0,0,0,NONE_RECORDED_H2_CONSISTENT,False,True,DOWN,2025-12-19T18:00:00Z,DOWN,2025-12-19T18:00:00Z,COMPRESSION,2025-12-19T19:15:00Z,2025-12-19T19:17:00Z,"[{""at"": ""2025-12-19T19:17:00Z"", ""entry_status"": ""CLOSED"", ""reasons"": [""REWARD_RISK_BELOW_MINIMUM""], ""rev"": 1, ""thesis"": ""ONGOING""}, {""at"": ""2025-12-19T19:18:00Z"", ""entry_status"": ""AVAILABLE"", ""reasons"": [], ""rev"": 2, ""thesis"": ""ONGOING""}, {""at"": ""2025-12-19T19:20:00Z"", ""entry_status"": ""CLOSED"", ""reasons"": [""THESIS_TERMINAL""], ""rev"": 3, ""thesis"": ""INVALIDATED""}]",2025-12-19T19:18:00Z,87343.4,2,2,1,,-17.05,52.31,0,0,0,0,0,0,INVALIDATED,CERTIFIED_INVALIDATION_CONTACT:okx/BTC-USDT-SWAP/trade_bar_1m#obs@2025-12-19T19:,2025-12-19T19:20:00Z,2025-12-19T19:19:00Z,2025-12-19T19:20:00Z,UNAVAILABLE,INVALIDATED,V_CONTACT:okx/BTC-USDT-SWAP/trade_bar_1m#obs@2025-12-19T19:19:00Z,2025-12-19T19:20:00Z,86833.2,CLOSED,STOP,2025-12-19T19:19:00Z,2025-12-19T19:20:00Z,STOP_TOUCH,87492.3,1,-0.0031059586643066333575290176475841334319479205068245,0.00013738874374022536333598188300432545561542142852236,-0.0026893846587149114873018453598096707936718744633252,CLOSED,CLOSED,CLOSED,-0.0031094016585168147226283472878796378878239952554888,-0.0031059586643066333575290176475841334319479205068245,-0.012599292104497878488815411353347820213089941541072,2025-12-19T19:16:00Z,2025-12-19T19:18:00Z,2025-12-19T19:18:00Z,2025-12-19T19:19:00Z,2025-12-19T19:19:00Z,2025-12-19T22:41:00Z,0,0,0,0,0,0
call-AL-2025-12-25T16:38:00+00:00-5d27668b03ad,2025-12,A,LONG,RETURN,AL-2025-12-25T15:45:00+00:00-203f7791345b,AL-2025-12-25T15:45:00+00:00-203f7791345b,2025-12-25T16:00:00Z,1,"{""ARM"": 1, ""BIRTH"": 1}",2025-12-25T16:27:00Z,2025-12-25T16:27:00Z,2025-12-25T16:38:00Z,2025-12-25T16:38:00Z,11,2025-12-25T18:00:00+00:00,2025-12-25T20:27:00Z,229,88416,88125.9,88410.7,88113.9,88113.96,88113.9,88564.3,119.4,88125.9..88410.7,88125.9..88195.1,88386.2..88445.8,-34.17,16.77,88169.5,MODELED_RETURN_COMPLETE_MINUTE_CLOSE,88113.9,88564.0,LANDMARK_CAP,"[""88125.9"", ""88410.7""]","[""88125.9"", ""88195.0""]",-6.31,44.74,44.74,6.31,6.38,"[{""cap"": ""88564.3"", ""cursor"": ""650961"", ""near_edge"": ""88564.3"", ""since"": ""2025-12-25T16:27:00+00:00"", ""zone_id"": ""T_CONFIRM""}, {""cap"": ""88564.0"", ""cursor"": ""650970"", ""near_edge"": ""88564.085"", ""since"": ""2025-12-25T16:30:00+00:00"", ""zone_id"": ""lm-pv15m-H-2025-12-25T15:45:00+00:00-4faf23af4fda""}]",122.15,-2.06,5,"{""REWARD_RISK_BELOW_MINIMUM"": 3}",7,OBSTACLE_ONLY,0,0,0,1,0,0,OBSTACLE_ONLY,False,True,UP,2025-12-25T16:00:00Z,UP,2025-12-25T16:00:00Z,EXPANSION,2025-12-25T15:30:00Z,2025-12-25T16:39:00Z,"[{""at"": ""2025-12-25T16:41:00Z"", ""entry_status"": ""CLOSED"", ""reasons"": [""REWARD_RISK_BELOW_MINIMUM""], ""rev"": 1, ""thesis"": ""ONGOING""}, {""at"": ""2025-12-25T16:49:00Z"", ""entry_status"": ""AVAILABLE"", ""reasons"": [], ""rev"": 2, ""thesis"": ""ONGOING""}, {""at"": ""2025-12-25T16:51:00Z"", ""entry_status"": ""CLOSED"", ""reasons"": [""THESIS_TERMINAL""], ""rev"": 3, ""thesis"": ""INVALIDATED""}]",2025-12-25T16:39:00Z,88190.1,1,1,0,,-8.64,42.40,0,0,0,0,0,0,INVALIDATED,CERTIFIED_INVALIDATION_CONTACT:okx/BTC-USDT-SWAP/trade_bar_1m#obs@2025-12-25T16:,2025-12-25T16:51:00Z,2025-12-25T16:50:00Z,2025-12-25T16:51:00Z,UNAVAILABLE,INVALIDATED,V_CONTACT:okx/BTC-USDT-SWAP/trade_bar_1m#obs@2025-12-25T16:50:00Z,2025-12-25T16:51:00Z,88576.3,CLOSED,STOP,2025-12-25T16:50:00Z,2025-12-25T16:51:00Z,STOP_TOUCH,88113.9,11,-0.0022634377328067436140791313310677729132861851840492,0.0015738728043170378534552064233967304720144324589722,-0.0014616153060264133956078970315262143936791091063509,CLOSED,CLOSED,CLOSED,-0.0020312948000217762131165390338620113962181976554251,-0.0022917404634855985649589648111066007805643557395925,-0.0054520384941166865668595454591841941442406800763304,2025-12-25T16:38:00Z,2025-12-25T16:40:00Z,2025-12-25T16:39:00Z,2025-12-25T16:50:00Z,2025-12-25T16:50:00Z,2025-12-25T20:28:00Z,0,0,0,0,0,0
