attempt_id,scenario_id,open_month,direction,owner_id,anchor_epoch_at_confirmation,wait_open_at,setup_expiry,hard_deadline,open_reason,open_blockers,conf_close,R,K_trigger,V,T_confirm,S15,corridor,economic_initial,conf_close_to_V_bps,conf_close_to_T_bps,n_records,n_blocker_updates,blockers_seen,cap_revisions,return_usable_at,end_transition,end_reason,end_at,minutes_open,issued_call_id,class,scenario_terminal,scenario_terminal_reason,scenario_terminal_at,scenario_terminal_same_dispatch_as_entry_end,scenario_terminal_before_entry_end,owner_release_during_wait,window_class,win_S1,win_S2,win_S3,win_S4,win_S5,win_S6,window_unavailable,window_class_strict_seq
AL-2025-09-03T14:30:00+00:00-cc2b187648bf#entry,AL-2025-09-03T14:30:00+00:00-cc2b187648bf,2025-09,LONG,AL-2025-09-03T14:30:00+00:00-cc2b187648bf,2,2025-09-03T15:37:00Z,2025-09-03T16:45:00+00:00,2025-09-03T19:37:00+00:00,IMMEDIATE_ECONOMIC_FAILURE_RETURN_CORRIDOR_USABLE,"[""REWARD_RISK_BELOW_MINIMUM""]",112173,111850,112150,111826.0,112437.4,288.35,111850..112150,111850..111947.1,-30.93,23.57,19,16,"{""CLOSE_OUTSIDE_RETURN_CORRIDOR"": 8, ""NO_ROOM_AFTER_COSTS"": 1, ""REWARD_RISK_BELOW_MINIMUM"": 14}",[],"[""2025-09-03T16:26:00Z""]",ISSUE,call-AL-2025-09-03T16:26:00+00:00-553868e75a6a,2025-09-03T16:26:00Z,49,call-AL-2025-09-03T16:26:00+00:00-553868e75a6a,ISSUED,INVALIDATED,V_CONTACT:okx/BTC-USDT-SWAP/trade_bar_1m#obs@2025-09-03T16:43:00Z,2025-09-03T16:44:00Z,False,False,[],NONE_RECORDED_H2_CONSISTENT,0,0,0,0,0,0,0,NONE_RECORDED_H2_CONSISTENT
AL-2025-09-08T15:15:00+00:00-c69b2ac46569#entry,AL-2025-09-08T15:15:00+00:00-c69b2ac46569,2025-09,LONG,AL-2025-09-08T15:15:00+00:00-c69b2ac46569,5,2025-09-08T17:16:00Z,2025-09-08T17:30:00+00:00,2025-09-08T21:16:00+00:00,IMMEDIATE_ECONOMIC_FAILURE_RETURN_CORRIDOR_USABLE,"[""REWARD_RISK_BELOW_MINIMUM""]",112382.8,112218,112373.9,112196.3,112866.3,247.7,112218..112373.9,112218..112343.5,-16.60,43.02,4,2,"{""CLOSE_OUTSIDE_RETURN_CORRIDOR"": 1, ""REWARD_RISK_BELOW_MINIMUM"": 2}",[],[],TERMINAL,ORIGINAL_SETUP_DEADLINE,2025-09-08T17:30:00Z,14,,ENDED_WITHOUT_USABLE_RETURN,INVALIDATED,V_CONTACT:okx/BTC-USDT-SWAP/trade_bar_1m#obs@2025-09-08T17:51:00Z,2025-09-08T17:52:00Z,False,False,"[{""at"": ""2025-09-08T17:30:00Z"", ""reason"": ""ORIGINAL_SETUP_EXPIRY""}]",NONE_RECORDED,0,0,0,0,0,0,0,NONE_RECORDED
AS-2025-09-13T16:45:00+00:00-fe68ad5f7bc3#entry,AS-2025-09-13T16:45:00+00:00-fe68ad5f7bc3,2025-09,SHORT,AS-2025-09-13T16:45:00+00:00-fe68ad5f7bc3,3,2025-09-13T18:03:00Z,2025-09-13T19:00:00+00:00,2025-09-13T22:03:00+00:00,IMMEDIATE_ECONOMIC_FAILURE_RETURN_CORRIDOR_USABLE,"[""REWARD_RISK_BELOW_MINIMUM""]",115458.6,115560.2,115469.7,115573.9,115093.8,177.75,115469.7..115560.2,115517.4..115560.2,-9.99,31.60,7,4,"{""CLOSE_OUTSIDE_RETURN_CORRIDOR"": 1, ""REWARD_RISK_BELOW_MINIMUM"": 3}",[],"[""2025-09-13T18:16:00Z""]",ISSUE,call-AS-2025-09-13T18:16:00+00:00-d704b4d61ddd,2025-09-13T18:16:00Z,13,call-AS-2025-09-13T18:16:00+00:00-d704b4d61ddd,ISSUED,INVALIDATED,V_CONTACT:okx/BTC-USDT-SWAP/trade_bar_1m#obs@2025-09-13T18:27:00Z,2025-09-13T18:28:00Z,False,False,[],NONE_RECORDED_H2_CONSISTENT,0,0,0,0,0,0,0,NONE_RECORDED_H2_CONSISTENT
AS-2025-09-14T13:45:00+00:00-476e8a18994d#entry,AS-2025-09-14T13:45:00+00:00-476e8a18994d,2025-09,SHORT,AS-2025-09-14T13:45:00+00:00-476e8a18994d,1,2025-09-14T14:38:00Z,2025-09-14T16:00:00+00:00,2025-09-14T18:38:00+00:00,IMMEDIATE_ECONOMIC_FAILURE_RETURN_CORRIDOR_USABLE,"[""NO_ROOM_AFTER_COSTS""]",115235.1,115694.4,115306,115706.3,115194.1,131.4,115306..115694.4,115635.4..115694.4,-40.89,3.56,3,1,"{""CLOSE_OUTSIDE_RETURN_CORRIDOR"": 1, ""NO_ROOM_AFTER_COSTS"": 1}",[],[],TERMINAL,SCENARIO_TERMINAL:DESTINATION_REACHED:DESTINATION_CONTACT,2025-09-14T14:41:00Z,3,,ENDED_WITHOUT_USABLE_RETURN,DESTINATION_REACHED,DESTINATION_CONTACT:okx/BTC-USDT-SWAP/trade_bar_1m#obs@2025-09-14T14:40:00Z,2025-09-14T14:41:00Z,True,True,[],NONE_RECORDED,0,0,0,0,0,0,0,NONE_RECORDED
AS-2025-09-17T14:45:00+00:00-bc884b5336e4#entry,AS-2025-09-17T14:45:00+00:00-bc884b5336e4,2025-09,SHORT,AS-2025-09-17T14:45:00+00:00-bc884b5336e4,4,2025-09-17T16:04:00Z,2025-09-17T17:00:00+00:00,2025-09-17T20:04:00+00:00,IMMEDIATE_ECONOMIC_FAILURE_RETURN_CORRIDOR_USABLE,"[""REWARD_RISK_BELOW_MINIMUM""]",115673,115828,115680,115844.5,115411.3,194.45,115680..115828,115809.8..115828,-14.83,22.62,10,8,"{""CLOSE_OUTSIDE_RETURN_CORRIDOR"": 7, ""NO_ROOM_AFTER_COSTS"": 3, ""REWARD_RISK_BELOW_MINIMUM"": 5}",[],[],TERMINAL,SCENARIO_TERMINAL:DESTINATION_REACHED:DESTINATION_CONTACT,2025-09-17T16:43:00Z,39,,ENDED_WITHOUT_USABLE_RETURN,DESTINATION_REACHED,DESTINATION_CONTACT:okx/BTC-USDT-SWAP/trade_bar_1m#obs@2025-09-17T16:42:00Z,2025-09-17T16:43:00Z,True,True,[],NONE_RECORDED,0,0,0,0,0,0,0,NONE_RECORDED
AS-2025-09-22T00:45:00+00:00-882dcfac0b19#entry,AS-2025-09-22T00:45:00+00:00-882dcfac0b19,2025-09,SHORT,AS-2025-09-22T00:45:00+00:00-882dcfac0b19,3,2025-09-22T01:53:00Z,2025-09-22T03:00:00+00:00,2025-09-22T05:53:00+00:00,IMMEDIATE_ECONOMIC_FAILURE_RETURN_CORRIDOR_USABLE,"[""NO_ROOM_AFTER_COSTS""]",114400.1,114716.5,114483,114731.6,114337.6,185.9,114483..114716.5,114713.2..114716.5,-28.98,5.46,2,0,{},[],[],TERMINAL,PRE_ENTRY_TARGET_CONTACT,2025-09-22T01:54:00Z,1,,ENDED_WITHOUT_USABLE_RETURN,DESTINATION_REACHED,DESTINATION_CONTACT:okx/BTC-USDT-SWAP/trade_bar_1m#obs@2025-09-22T01:56:00Z,2025-09-22T01:57:00Z,False,False,[],NONE_RECORDED,0,0,0,0,0,0,0,NONE_RECORDED
AL-2025-09-24T15:15:00+00:00-d634400a5865#entry,AL-2025-09-24T15:15:00+00:00-d634400a5865,2025-09,LONG,AL-2025-09-24T15:15:00+00:00-d634400a5865,2,2025-09-24T16:19:00Z,2025-09-24T17:30:00+00:00,2025-09-24T20:19:00+00:00,IMMEDIATE_ECONOMIC_FAILURE_RETURN_CORRIDOR_USABLE,"[""REWARD_RISK_BELOW_MINIMUM""]",113391.7,113080,113376,113062.9,113832.9,190.4,113080..113376,113080..113254.3,-29.00,38.91,8,5,"{""CLOSE_OUTSIDE_RETURN_CORRIDOR"": 4, ""NO_ROOM_AFTER_COSTS"": 2, ""REWARD_RISK_BELOW_MINIMUM"": 3}","[{""at"": ""2025-09-24T17:00:00Z"", ""cap"": ""113827.4"", ""reason"": ""NEW_ELIGIBLE_ZONE:lm-pv1h-H-2025-09-24T14:00:00+00:00-04e4c9cf26d4""}]",[],TERMINAL,SCENARIO_TERMINAL:DESTINATION_REACHED:DESTINATION_CONTACT,2025-09-24T17:14:00Z,55,,ENDED_WITHOUT_USABLE_RETURN,DESTINATION_REACHED,DESTINATION_CONTACT:okx/BTC-USDT-SWAP/trade_bar_1m#obs@2025-09-24T17:13:00Z,2025-09-24T17:14:00Z,True,True,[],OBSTACLE_ONLY,0,0,0,1,0,0,0,OBSTACLE_ONLY
AL-2025-09-24T17:30:00+00:00-a602270a7fa7#entry,AL-2025-09-24T17:30:00+00:00-a602270a7fa7,2025-09,LONG,AL-2025-09-24T17:30:00+00:00-a602270a7fa7,3,2025-09-24T18:41:00Z,2025-09-24T19:45:00+00:00,2025-09-24T22:41:00+00:00,IMMEDIATE_ECONOMIC_FAILURE_RETURN_CORRIDOR_USABLE,"[""REWARD_RISK_BELOW_MINIMUM""]",113626,113440.3,113622.9,113413.2,113827.4,285.15,113440.3..113622.9,113440.3..113442.6,-18.73,17.72,3,1,"{""REWARD_RISK_BELOW_MINIMUM"": 1}",[],[],TERMINAL,CONTEXT_FORBIDDEN_PREISSUE:BALANCED/COMPRESSION,2025-09-24T19:00:00Z,19,,ENDED_WITHOUT_USABLE_RETURN,INVALIDATED,V_CONTACT:okx/BTC-USDT-SWAP/trade_bar_1m#obs@2025-09-24T19:29:00Z,2025-09-24T19:30:00Z,False,False,[],H1_RECORDED,0,0,0,0,0,1,0,NONE_RECORDED
AS-2025-09-25T20:45:00+00:00-ab2901f8e24f#entry,AS-2025-09-25T20:45:00+00:00-ab2901f8e24f,2025-09,SHORT,AS-2025-09-25T20:45:00+00:00-ab2901f8e24f,1,2025-09-25T21:33:00Z,2025-09-25T23:00:00+00:00,2025-09-26T01:33:00+00:00,IMMEDIATE_ECONOMIC_FAILURE_RETURN_CORRIDOR_USABLE,"[""NO_ROOM_AFTER_COSTS""]",109064.6,109613.1,109112.5,109648.4,109039.0,352.4,109112.5..109613.1,109524.8..109613.1,-53.53,2.35,2,0,{},[],[],TERMINAL,PRE_ENTRY_TARGET_CONTACT,2025-09-25T21:34:00Z,1,,ENDED_WITHOUT_USABLE_RETURN,STALLED,SCENARIO_PROGRESS_BELOW_HALF_SCALE,2025-09-25T23:33:00Z,False,False,[],NONE_RECORDED,0,0,0,0,0,0,0,NONE_RECORDED
AS-2025-09-25T23:30:00+00:00-ac192b5174ef#entry,AS-2025-09-25T23:30:00+00:00-ac192b5174ef,2025-09,SHORT,AS-2025-09-25T23:30:00+00:00-ac192b5174ef,2,2025-09-26T00:32:00Z,2025-09-26T01:45:00+00:00,2025-09-26T04:32:00+00:00,IMMEDIATE_ECONOMIC_FAILURE_RETURN_CORRIDOR_USABLE,"[""REWARD_RISK_BELOW_MINIMUM""]",109168.1,109355.2,109178.3,109383.0,108716.0,267.35,109178.3..109355.2,109232.8..109355.2,-19.69,41.41,9,6,"{""CLOSE_OUTSIDE_RETURN_CORRIDOR"": 5, ""NO_ROOM_AFTER_COSTS"": 2, ""REWARD_RISK_BELOW_MINIMUM"": 3}",[],"[""2025-09-26T00:52:00Z""]",ISSUE,call-AS-2025-09-26T00:52:00+00:00-f17ddaf8ab3b,2025-09-26T00:52:00Z,20,call-AS-2025-09-26T00:52:00+00:00-f17ddaf8ab3b,ISSUED,INVALIDATED,V_CONTACT:okx/BTC-USDT-SWAP/trade_bar_1m#obs@2025-09-26T00:52:00Z,2025-09-26T00:53:00Z,False,False,[],NONE_RECORDED_H2_CONSISTENT,0,0,0,0,0,0,0,NONE_RECORDED_H2_CONSISTENT
AL-2025-09-30T01:00:00+00:00-606277510d31#entry,AL-2025-09-30T01:00:00+00:00-606277510d31,2025-09,LONG,AL-2025-09-30T01:00:00+00:00-606277510d31,3,2025-09-30T02:02:00Z,2025-09-30T03:15:00+00:00,2025-09-30T06:02:00+00:00,IMMEDIATE_ECONOMIC_FAILURE_RETURN_CORRIDOR_USABLE,"[""REWARD_RISK_BELOW_MINIMUM""]",114475.7,114216.1,114471.4,114200.0,114769.9,167.6,114216.1..114471.4,114216.1..114299.0,-24.08,25.70,13,10,"{""CLOSE_OUTSIDE_RETURN_CORRIDOR"": 5, ""REWARD_RISK_BELOW_MINIMUM"": 10}","[{""at"": ""2025-09-30T03:00:00Z"", ""cap"": ""114766.4"", ""reason"": ""NEW_ELIGIBLE_ZONE:lm-pv1h-H-2025-09-30T00:00:00+00:00-b7279e8101a8""}]",[],TERMINAL,ORIGINAL_SETUP_DEADLINE,2025-09-30T03:15:00Z,73,,ENDED_WITHOUT_USABLE_RETURN,STALLED,SCENARIO_PROGRESS_BELOW_HALF_SCALE,2025-09-30T04:02:00Z,False,False,"[{""at"": ""2025-09-30T03:15:00Z"", ""reason"": ""ORIGINAL_SETUP_EXPIRY""}]",OBSTACLE_ONLY,0,0,0,1,0,0,0,OBSTACLE_ONLY
AL-2025-10-01T08:45:00+00:00-bd4b502e87b9#entry,AL-2025-10-01T08:45:00+00:00-bd4b502e87b9,2025-10,LONG,AL-2025-10-01T08:45:00+00:00-bd4b502e87b9,1,2025-10-01T10:18:00Z,2025-10-01T11:00:00+00:00,2025-10-01T14:18:00+00:00,IMMEDIATE_ECONOMIC_FAILURE_RETURN_CORRIDOR_USABLE,"[""REWARD_RISK_BELOW_MINIMUM""]",116333,115906.5,116314.8,115883.2,116564.7,213.6,115906.5..116314.8,115906.5..116030.5,-38.66,19.92,6,3,"{""CLOSE_OUTSIDE_RETURN_CORRIDOR"": 1, ""REWARD_RISK_BELOW_MINIMUM"": 3}","[{""at"": ""2025-10-01T10:45:00Z"", ""cap"": ""116478.7"", ""reason"": ""NEW_ELIGIBLE_ZONE:lm-pv15m-H-2025-10-01T10:00:00+00:00-3c37bc7c4ab6""}]",[],TERMINAL,ORIGINAL_SETUP_DEADLINE,2025-10-01T11:00:00Z,42,,ENDED_WITHOUT_USABLE_RETURN,DESTINATION_REACHED,DESTINATION_CONTACT:okx/BTC-USDT-SWAP/trade_bar_1m#obs@2025-10-01T11:50:00Z,2025-10-01T11:51:00Z,False,False,"[{""at"": ""2025-10-01T11:00:00Z"", ""reason"": ""ORIGINAL_SETUP_EXPIRY""}]",OBSTACLE_ONLY,0,0,0,1,0,0,0,OBSTACLE_ONLY
AL-2025-10-06T02:15:00+00:00-5d5cdb482ed9#entry,AL-2025-10-06T02:15:00+00:00-5d5cdb482ed9,2025-10,LONG,AL-2025-10-06T02:15:00+00:00-5d5cdb482ed9,1,2025-10-06T02:48:00Z,2025-10-06T04:30:00+00:00,2025-10-06T06:48:00+00:00,IMMEDIATE_ECONOMIC_FAILURE_RETURN_CORRIDOR_USABLE,"[""REWARD_RISK_BELOW_MINIMUM""]",123900.1,123414.7,123880.4,123385.0,124153.4,337.4,123414.7..123880.4,123414.7..123561.2,-41.57,20.44,3,1,"{""CLOSE_OUTSIDE_RETURN_CORRIDOR"": 1, ""NO_ROOM_AFTER_COSTS"": 1}",[],[],TERMINAL,SCENARIO_TERMINAL:DESTINATION_REACHED:DESTINATION_CONTACT,2025-10-06T02:50:00Z,2,,ENDED_WITHOUT_USABLE_RETURN,DESTINATION_REACHED,DESTINATION_CONTACT:okx/BTC-USDT-SWAP/trade_bar_1m#obs@2025-10-06T02:49:00Z,2025-10-06T02:50:00Z,True,True,[],NONE_RECORDED,0,0,0,0,0,0,0,NONE_RECORDED
AL-2025-10-06T17:15:00+00:00-9f6bbcabbcef#entry,AL-2025-10-06T17:15:00+00:00-9f6bbcabbcef,2025-10,LONG,AL-2025-10-06T17:15:00+00:00-9f6bbcabbcef,2,2025-10-06T18:16:00Z,2025-10-06T19:30:00+00:00,2025-10-06T22:16:00+00:00,IMMEDIATE_ECONOMIC_FAILURE_RETURN_CORRIDOR_USABLE,"[""REWARD_RISK_BELOW_MINIMUM""]",125292.9,125005,125269.7,124966.4,125763.0,412.9,125005..125269.7,125005..125153.2,-26.06,37.52,6,3,"{""CLOSE_OUTSIDE_RETURN_CORRIDOR"": 1, ""REWARD_RISK_BELOW_MINIMUM"": 2}",[],"[""2025-10-06T18:26:00Z""]",ISSUE,call-AL-2025-10-06T18:26:00+00:00-9e8449f1f9d1,2025-10-06T18:26:00Z,10,call-AL-2025-10-06T18:26:00+00:00-9e8449f1f9d1,ISSUED,DESTINATION_REACHED,DESTINATION_CONTACT:okx/BTC-USDT-SWAP/trade_bar_1m#obs@2025-10-06T18:50:00Z,2025-10-06T18:51:00Z,False,False,[],NONE_RECORDED_H2_CONSISTENT,0,0,0,0,0,0,0,NONE_RECORDED_H2_CONSISTENT
AS-2025-10-10T15:45:00+00:00-d1b3d8fe3573#entry,AS-2025-10-10T15:45:00+00:00-d1b3d8fe3573,2025-10,SHORT,AS-2025-10-10T15:45:00+00:00-d1b3d8fe3573,2,2025-10-10T16:46:00Z,2025-10-10T18:00:00+00:00,2025-10-10T20:46:00+00:00,IMMEDIATE_ECONOMIC_FAILURE_RETURN_CORRIDOR_USABLE,"[""REWARD_RISK_BELOW_MINIMUM""]",118720.9,119400,118767.4,119434.3,118473.1,616.5,118767.4..119400,119164.3..119400,-60.09,20.87,5,3,"{""CLOSE_OUTSIDE_RETURN_CORRIDOR"": 2, ""NO_ROOM_AFTER_COSTS"": 1, ""REWARD_RISK_BELOW_MINIMUM"": 2}",[],[],TERMINAL,SCENARIO_TERMINAL:DESTINATION_REACHED:DESTINATION_CONTACT,2025-10-10T16:51:00Z,5,,ENDED_WITHOUT_USABLE_RETURN,DESTINATION_REACHED,DESTINATION_CONTACT:okx/BTC-USDT-SWAP/trade_bar_1m#obs@2025-10-10T16:50:00Z,2025-10-10T16:51:00Z,True,True,[],NONE_RECORDED,0,0,0,0,0,0,0,NONE_RECORDED
AL-2025-10-12T21:00:00+00:00-561e07256796#entry,AL-2025-10-12T21:00:00+00:00-561e07256796,2025-10,LONG,AL-2025-10-12T21:00:00+00:00-561e07256796,2,2025-10-12T22:01:00Z,2025-10-12T23:15:00+00:00,2025-10-13T02:01:00+00:00,IMMEDIATE_ECONOMIC_FAILURE_RETURN_CORRIDOR_USABLE,"[""NO_ROOM_AFTER_COSTS""]",115431.1,114174.9,114916,114128.9,115552.2,459.35,114174.9..114916,114174.9..114615.3,-112.81,10.49,2,0,{},[],[],TERMINAL,SCENARIO_TERMINAL:DESTINATION_REACHED:DESTINATION_CONTACT,2025-10-12T22:02:00Z,1,,ENDED_WITHOUT_USABLE_RETURN,DESTINATION_REACHED,DESTINATION_CONTACT:okx/BTC-USDT-SWAP/trade_bar_1m#obs@2025-10-12T22:01:00Z,2025-10-12T22:02:00Z,True,True,[],NONE_RECORDED,0,0,0,0,0,0,0,NONE_RECORDED
AS-2025-10-14T07:30:00+00:00-ca8023240c68#entry,AS-2025-10-14T07:30:00+00:00-ca8023240c68,2025-10,SHORT,AS-2025-10-14T07:30:00+00:00-ca8023240c68,4,2025-10-14T08:47:00Z,2025-10-14T09:45:00+00:00,2025-10-14T12:47:00+00:00,IMMEDIATE_ECONOMIC_FAILURE_RETURN_CORRIDOR_USABLE,"[""REWARD_RISK_BELOW_MINIMUM""]",111854.1,112096.9,111857.3,112137.1,111456.6,403.4,111857.3..112096.9,111984.6..112096.9,-25.30,35.54,6,4,"{""CLOSE_OUTSIDE_RETURN_CORRIDOR"": 3, ""NO_ROOM_AFTER_COSTS"": 1, ""REWARD_RISK_BELOW_MINIMUM"": 3}",[],[],TERMINAL,ORIGINAL_SETUP_DEADLINE,2025-10-14T09:45:00Z,58,,ENDED_WITHOUT_USABLE_RETURN,DESTINATION_REACHED,DESTINATION_CONTACT:okx/BTC-USDT-SWAP/trade_bar_1m#obs@2025-10-14T09:45:00Z,2025-10-14T09:46:00Z,False,False,"[{""at"": ""2025-10-14T09:45:00Z"", ""reason"": ""ORIGINAL_SETUP_EXPIRY""}]",NONE_RECORDED,0,0,0,0,0,0,0,NONE_RECORDED
AS-2025-10-16T18:15:00+00:00-db07994f6679#entry,AS-2025-10-16T18:15:00+00:00-db07994f6679,2025-10,SHORT,AS-2025-10-16T18:15:00+00:00-db07994f6679,3,2025-10-16T19:20:00Z,2025-10-16T20:30:00+00:00,2025-10-16T23:20:00+00:00,IMMEDIATE_ECONOMIC_FAILURE_RETURN_CORRIDOR_USABLE,"[""NO_ROOM_AFTER_COSTS""]",107831.8,108684.5,107970.5,108760.0,107697.2,754.35,107970.5..108684.5,108428.8..108684.5,-86.08,12.48,3,1,"{""CLOSE_OUTSIDE_RETURN_CORRIDOR"": 1, ""NO_ROOM_AFTER_COSTS"": 1}",[],[],TERMINAL,PRE_ENTRY_TARGET_CONTACT,2025-10-16T19:22:00Z,2,,ENDED_WITHOUT_USABLE_RETURN,DESTINATION_REACHED,DESTINATION_CONTACT:okx/BTC-USDT-SWAP/trade_bar_1m#obs@2025-10-16T20:33:00Z,2025-10-16T20:34:00Z,False,False,[],NONE_RECORDED,0,0,0,0,0,0,0,NONE_RECORDED
AL-2025-10-19T18:15:00+00:00-197f01368771#entry,AL-2025-10-19T18:15:00+00:00-197f01368771,2025-10,LONG,AL-2025-10-19T18:15:00+00:00-197f01368771,3,2025-10-19T20:08:00Z,2025-10-19T20:30:00+00:00,2025-10-20T00:08:00+00:00,IMMEDIATE_ECONOMIC_FAILURE_RETURN_CORRIDOR_USABLE,"[""REWARD_RISK_BELOW_MINIMUM""]",108927.9,108750,108918.6,108723.1,109356.8,225.15,108750..108918.6,108750..108858.7,-18.80,39.37,5,2,"{""REWARD_RISK_BELOW_MINIMUM"": 1}",[],"[""2025-10-19T20:13:00Z""]",ISSUE,call-AL-2025-10-19T20:13:00+00:00-43d9ac9ddcac,2025-10-19T20:13:00Z,5,call-AL-2025-10-19T20:13:00+00:00-43d9ac9ddcac,ISSUED,INVALIDATED,V_CONTACT:okx/BTC-USDT-SWAP/trade_bar_1m#obs@2025-10-19T21:12:00Z,2025-10-19T21:13:00Z,False,False,[],NONE_RECORDED_H2_CONSISTENT,0,0,0,0,0,0,0,NONE_RECORDED_H2_CONSISTENT
AS-2025-10-21T22:45:00+00:00-efe08de272f0#entry,AS-2025-10-21T22:45:00+00:00-efe08de272f0,2025-10,SHORT,AS-2025-10-21T22:45:00+00:00-efe08de272f0,2,2025-10-21T23:31:00Z,2025-10-22T01:00:00+00:00,2025-10-22T03:31:00+00:00,IMMEDIATE_ECONOMIC_FAILURE_RETURN_CORRIDOR_USABLE,"[""REWARD_RISK_BELOW_MINIMUM""]",108954.7,109420,109043.9,109472.0,108267.8,456.8,109043.9..109420,109077.4..109420,-47.48,63.04,4,2,"{""CLOSE_OUTSIDE_RETURN_CORRIDOR"": 2, ""NO_ROOM_AFTER_COSTS"": 1, ""REWARD_RISK_BELOW_MINIMUM"": 1}",[],[],TERMINAL,PRE_ENTRY_TARGET_CONTACT,2025-10-21T23:40:00Z,9,,ENDED_WITHOUT_USABLE_RETURN,DESTINATION_REACHED,DESTINATION_CONTACT:okx/BTC-USDT-SWAP/trade_bar_1m#obs@2025-10-21T23:40:00Z,2025-10-21T23:41:00Z,False,False,[],NONE_RECORDED,0,0,0,0,0,0,0,NONE_RECORDED
AS-2025-10-22T03:30:00+00:00-bf0c26e434c0#entry,AS-2025-10-22T03:30:00+00:00-bf0c26e434c0,2025-10,SHORT,AS-2025-10-22T03:30:00+00:00-bf0c26e434c0,5,2025-10-22T05:08:00Z,2025-10-22T05:45:00+00:00,2025-10-22T09:08:00+00:00,IMMEDIATE_ECONOMIC_FAILURE_RETURN_CORRIDOR_USABLE,"[""REWARD_RISK_BELOW_MINIMUM""]",108318.2,108566.3,108393.6,108604.6,107957.7,288.4,108393.6..108566.3,108462.5..108566.3,-26.44,33.28,6,4,"{""CLOSE_OUTSIDE_RETURN_CORRIDOR"": 4, ""NO_ROOM_AFTER_COSTS"": 2, ""REWARD_RISK_BELOW_MINIMUM"": 2}",[],[],TERMINAL,PRE_ENTRY_TARGET_CONTACT,2025-10-22T05:27:00Z,19,,ENDED_WITHOUT_USABLE_RETURN,DESTINATION_REACHED,DESTINATION_CONTACT:okx/BTC-USDT-SWAP/trade_bar_1m#obs@2025-10-22T07:05:00Z,2025-10-22T07:06:00Z,False,False,[],NONE_RECORDED,0,0,0,0,0,0,0,NONE_RECORDED
AS-2025-10-27T21:45:00+00:00-0010d5805420#entry,AS-2025-10-27T21:45:00+00:00-0010d5805420,2025-10,SHORT,AS-2025-10-27T21:45:00+00:00-0010d5805420,2,2025-10-27T22:31:00Z,2025-10-28T00:00:00+00:00,2025-10-28T02:31:00+00:00,IMMEDIATE_ECONOMIC_FAILURE_RETURN_CORRIDOR_USABLE,"[""REWARD_RISK_BELOW_MINIMUM""]",114283.7,114550,114332.1,114574.5,114112.5,244.8,114332.1..114550,114524.9..114550,-25.45,14.98,5,3,"{""CLOSE_OUTSIDE_RETURN_CORRIDOR"": 3, ""NO_ROOM_AFTER_COSTS"": 2, ""REWARD_RISK_BELOW_MINIMUM"": 1}",[],[],TERMINAL,SCENARIO_TERMINAL:DESTINATION_REACHED:DESTINATION_CONTACT,2025-10-27T22:46:00Z,15,,ENDED_WITHOUT_USABLE_RETURN,DESTINATION_REACHED,DESTINATION_CONTACT:okx/BTC-USDT-SWAP/trade_bar_1m#obs@2025-10-27T22:45:00Z,2025-10-27T22:46:00Z,True,True,[],NONE_RECORDED,0,0,0,0,0,0,0,NONE_RECORDED
AS-2025-10-30T13:45:00+00:00-151c60e89cb7#entry,AS-2025-10-30T13:45:00+00:00-151c60e89cb7,2025-10,SHORT,AS-2025-10-30T13:45:00+00:00-151c60e89cb7,3,2025-10-30T15:18:00Z,2025-10-30T16:00:00+00:00,2025-10-30T19:18:00+00:00,IMMEDIATE_ECONOMIC_FAILURE_RETURN_CORRIDOR_USABLE,"[""REWARD_RISK_BELOW_MINIMUM""]",107839.4,108352.1,107850,108393.2,107362.3,435.75,107850..108352.1,108076.0..108352.1,-51.35,44.24,10,8,"{""CLOSE_OUTSIDE_RETURN_CORRIDOR"": 7, ""NO_ROOM_AFTER_COSTS"": 3, ""REWARD_RISK_BELOW_MINIMUM"": 5}",[],[],TERMINAL,SCENARIO_TERMINAL:DESTINATION_REACHED:DESTINATION_CONTACT,2025-10-30T15:48:00Z,30,,ENDED_WITHOUT_USABLE_RETURN,DESTINATION_REACHED,DESTINATION_CONTACT:okx/BTC-USDT-SWAP/trade_bar_1m#obs@2025-10-30T15:47:00Z,2025-10-30T15:48:00Z,True,True,[],NONE_RECORDED,0,0,0,0,0,0,0,NONE_RECORDED
AS-2025-10-30T17:30:00+00:00-f8cea6daed85#entry,AS-2025-10-30T17:30:00+00:00-f8cea6daed85,2025-10,SHORT,AS-2025-10-30T17:30:00+00:00-f8cea6daed85,1,2025-10-30T18:36:00Z,2025-10-30T19:45:00+00:00,2025-10-30T22:36:00+00:00,IMMEDIATE_ECONOMIC_FAILURE_RETURN_CORRIDOR_USABLE,"[""REWARD_RISK_BELOW_MINIMUM""]",107111.1,107624,107129.9,107669.1,106794.6,473.0,107129.9..107624,107422.0..107624,-52.10,29.55,16,14,"{""CLOSE_OUTSIDE_RETURN_CORRIDOR"": 12, ""NO_ROOM_AFTER_COSTS"": 5, ""REWARD_RISK_BELOW_MINIMUM"": 9}",[],[],TERMINAL,PRE_ENTRY_TARGET_CONTACT,2025-10-30T18:59:00Z,23,,ENDED_WITHOUT_USABLE_RETURN,DESTINATION_REACHED,DESTINATION_CONTACT:okx/BTC-USDT-SWAP/trade_bar_1m#obs@2025-10-30T18:59:00Z,2025-10-30T19:00:00Z,False,False,[],NONE_RECORDED,0,0,0,0,0,0,0,NONE_RECORDED
AL-2025-10-31T01:45:00+00:00-b8d25b1ba9c7#entry,AL-2025-10-31T01:45:00+00:00-b8d25b1ba9c7,2025-10,LONG,AL-2025-10-31T01:45:00+00:00-b8d25b1ba9c7,3,2025-10-31T03:08:00Z,2025-10-31T04:00:00+00:00,2025-10-31T07:08:00+00:00,IMMEDIATE_ECONOMIC_FAILURE_RETURN_CORRIDOR_USABLE,"[""REWARD_RISK_BELOW_MINIMUM""]",109015,108498.6,108914,108464.6,109947.8,373.6,108498.6..108914,108498.6..108914,-50.49,85.57,7,4,"{""CLOSE_OUTSIDE_RETURN_CORRIDOR"": 3, ""REWARD_RISK_BELOW_MINIMUM"": 2}",[],"[""2025-10-31T03:32:00Z""]",ISSUE,call-AL-2025-10-31T03:32:00+00:00-2894bcfa65ed,2025-10-31T03:32:00Z,24,call-AL-2025-10-31T03:32:00+00:00-2894bcfa65ed,ISSUED,DESTINATION_REACHED,DESTINATION_CONTACT:okx/BTC-USDT-SWAP/trade_bar_1m#obs@2025-10-31T04:40:00Z,2025-10-31T04:41:00Z,False,False,[],NONE_RECORDED_H2_CONSISTENT,0,0,0,0,0,0,0,NONE_RECORDED_H2_CONSISTENT
AS-2025-11-04T05:45:00+00:00-2853dffcb458#entry,AS-2025-11-04T05:45:00+00:00-2853dffcb458,2025-11,SHORT,AS-2025-11-04T05:45:00+00:00-2853dffcb458,2,2025-11-04T06:38:00Z,2025-11-04T08:00:00+00:00,2025-11-04T10:38:00+00:00,IMMEDIATE_ECONOMIC_FAILURE_RETURN_CORRIDOR_USABLE,"[""REWARD_RISK_BELOW_MINIMUM""]",104614.1,105184.3,104650,105220.5,104167.2,361.2,104650..105184.3,104888.6..105184.3,-57.97,42.72,7,5,"{""CLOSE_OUTSIDE_RETURN_CORRIDOR"": 3, ""REWARD_RISK_BELOW_MINIMUM"": 5}",[],[],TERMINAL,CONTEXT_FORBIDDEN_PREISSUE:BALANCED/TRANSITION,2025-11-04T07:00:00Z,22,,ENDED_WITHOUT_USABLE_RETURN,DESTINATION_REACHED,DESTINATION_CONTACT:okx/BTC-USDT-SWAP/trade_bar_1m#obs@2025-11-04T08:05:00Z,2025-11-04T08:06:00Z,False,False,[],H1_RECORDED,0,0,0,0,0,1,0,NONE_RECORDED
AL-2025-11-05T15:30:00+00:00-4f5b39d24610#entry,AL-2025-11-05T15:30:00+00:00-4f5b39d24610,2025-11,LONG,AL-2025-11-05T15:30:00+00:00-4f5b39d24610,2,2025-11-05T16:32:00Z,2025-11-05T17:45:00+00:00,2025-11-05T20:32:00+00:00,IMMEDIATE_ECONOMIC_FAILURE_RETURN_CORRIDOR_USABLE,"[""REWARD_RISK_BELOW_MINIMUM""]",103541.3,103031,103499.6,102990.6,103722.9,456.65,103031..103499.6,103031..103179.0,-53.19,17.54,6,4,"{""CLOSE_OUTSIDE_RETURN_CORRIDOR"": 3, ""NO_ROOM_AFTER_COSTS"": 2, ""REWARD_RISK_BELOW_MINIMUM"": 2}",[],[],TERMINAL,PRE_ENTRY_TARGET_CONTACT,2025-11-05T16:38:00Z,6,,ENDED_WITHOUT_USABLE_RETURN,DESTINATION_REACHED,DESTINATION_CONTACT:okx/BTC-USDT-SWAP/trade_bar_1m#obs@2025-11-05T16:38:00Z,2025-11-05T16:39:00Z,False,False,[],NONE_RECORDED,0,0,0,0,0,0,0,NONE_RECORDED
AS-2025-11-07T11:15:00+00:00-b0c329016d62#entry,AS-2025-11-07T11:15:00+00:00-b0c329016d62,2025-11,SHORT,AS-2025-11-07T11:15:00+00:00-b0c329016d62,3,2025-11-07T12:17:00Z,2025-11-07T13:30:00+00:00,2025-11-07T16:17:00+00:00,IMMEDIATE_ECONOMIC_FAILURE_RETURN_CORRIDOR_USABLE,"[""REWARD_RISK_BELOW_MINIMUM""]",100217,100585.4,100217.7,100616.1,99773.0,341.35,100217.7..100585.4,100373.4..100585.4,-39.82,44.30,4,2,"{""CLOSE_OUTSIDE_RETURN_CORRIDOR"": 2, ""NO_ROOM_AFTER_COSTS"": 1, ""REWARD_RISK_BELOW_MINIMUM"": 1}",[],[],TERMINAL,SCENARIO_TERMINAL:DESTINATION_REACHED:DESTINATION_CONTACT,2025-11-07T12:31:00Z,14,,ENDED_WITHOUT_USABLE_RETURN,DESTINATION_REACHED,DESTINATION_CONTACT:okx/BTC-USDT-SWAP/trade_bar_1m#obs@2025-11-07T12:30:00Z,2025-11-07T12:31:00Z,True,True,[],NONE_RECORDED,0,0,0,0,0,0,0,NONE_RECORDED
AL-2025-11-07T20:30:00+00:00-5a898f043932#entry,AL-2025-11-07T20:30:00+00:00-5a898f043932,2025-11,LONG,AL-2025-11-07T20:30:00+00:00-5a898f043932,3,2025-11-07T21:55:00Z,2025-11-07T22:45:00+00:00,2025-11-08T01:55:00+00:00,IMMEDIATE_ECONOMIC_FAILURE_RETURN_CORRIDOR_USABLE,"[""REWARD_RISK_BELOW_MINIMUM""]",103563.2,103300,103556.9,103252.2,103783.2,465.5,103300..103556.9,103300..103348.8,-30.03,21.24,3,1,"{""CLOSE_OUTSIDE_RETURN_CORRIDOR"": 1, ""NO_ROOM_AFTER_COSTS"": 1}",[],[],TERMINAL,PRE_ENTRY_TARGET_CONTACT,2025-11-07T21:57:00Z,2,,ENDED_WITHOUT_USABLE_RETURN,DESTINATION_REACHED,DESTINATION_CONTACT:okx/BTC-USDT-SWAP/trade_bar_1m#obs@2025-11-07T21:59:00Z,2025-11-07T22:00:00Z,False,False,[],NONE_RECORDED,0,0,0,0,0,0,0,NONE_RECORDED
AS-2025-11-08T06:00:00+00:00-c27d69661719#entry,AS-2025-11-08T06:00:00+00:00-c27d69661719,2025-11,SHORT,AS-2025-11-08T06:00:00+00:00-c27d69661719,2,2025-11-08T06:54:00Z,2025-11-08T08:15:00+00:00,2025-11-08T10:54:00+00:00,IMMEDIATE_ECONOMIC_FAILURE_RETURN_CORRIDOR_USABLE,"[""REWARD_RISK_BELOW_MINIMUM""]",102259.7,102488,102284.1,102513.5,102069.5,254.05,102284.1..102488,102455.2..102488,-24.82,18.60,8,6,"{""CLOSE_OUTSIDE_RETURN_CORRIDOR"": 5, ""NO_ROOM_AFTER_COSTS"": 2, ""REWARD_RISK_BELOW_MINIMUM"": 4}",[],[],TERMINAL,SCENARIO_TERMINAL:DESTINATION_REACHED:DESTINATION_CONTACT,2025-11-08T07:22:00Z,28,,ENDED_WITHOUT_USABLE_RETURN,DESTINATION_REACHED,DESTINATION_CONTACT:okx/BTC-USDT-SWAP/trade_bar_1m#obs@2025-11-08T07:21:00Z,2025-11-08T07:22:00Z,True,True,[],NONE_RECORDED,0,0,0,0,0,0,0,NONE_RECORDED
AS-2025-11-11T16:15:00+00:00-c5aa24389246#entry,AS-2025-11-11T16:15:00+00:00-c5aa24389246,2025-11,SHORT,AS-2025-11-11T16:15:00+00:00-c5aa24389246,2,2025-11-11T17:03:00Z,2025-11-11T18:30:00+00:00,2025-11-11T21:03:00+00:00,IMMEDIATE_ECONOMIC_FAILURE_RETURN_CORRIDOR_USABLE,"[""NO_ROOM_AFTER_COSTS""]",103260,103612.1,103302.1,103648.6,103186.5,363.9,103302.1..103612.1,103583.6..103612.1,-37.63,7.12,7,5,"{""CLOSE_OUTSIDE_RETURN_CORRIDOR"": 2, ""NO_ROOM_AFTER_COSTS"": 3, ""REWARD_RISK_BELOW_MINIMUM"": 2}",[],[],TERMINAL,SCENARIO_TERMINAL:DESTINATION_REACHED:DESTINATION_CONTACT,2025-11-11T17:37:00Z,34,,ENDED_WITHOUT_USABLE_RETURN,DESTINATION_REACHED,DESTINATION_CONTACT:okx/BTC-USDT-SWAP/trade_bar_1m#obs@2025-11-11T17:36:00Z,2025-11-11T17:37:00Z,True,True,[],NONE_RECORDED,0,0,0,0,0,0,0,NONE_RECORDED
AL-2025-11-12T11:00:00+00:00-5b73b09b612d#entry,AL-2025-11-12T11:00:00+00:00-5b73b09b612d,2025-11,LONG,AL-2025-11-12T11:00:00+00:00-5b73b09b612d,2,2025-11-12T11:53:00Z,2025-11-12T13:15:00+00:00,2025-11-12T15:53:00+00:00,IMMEDIATE_ECONOMIC_FAILURE_RETURN_CORRIDOR_USABLE,"[""REWARD_RISK_BELOW_MINIMUM""]",104912.2,104700,104902.5,104679.6,105081.6,257.7,104700..104902.5,104700..104715.7,-22.17,16.15,10,8,"{""CLOSE_OUTSIDE_RETURN_CORRIDOR"": 6, ""NO_ROOM_AFTER_COSTS"": 3, ""REWARD_RISK_BELOW_MINIMUM"": 5}",[],[],TERMINAL,PRE_ENTRY_TARGET_CONTACT,2025-11-12T12:11:00Z,18,,ENDED_WITHOUT_USABLE_RETURN,DESTINATION_REACHED,DESTINATION_CONTACT:okx/BTC-USDT-SWAP/trade_bar_1m#obs@2025-11-12T12:19:00Z,2025-11-12T12:20:00Z,False,False,[],NONE_RECORDED,0,0,0,0,0,0,0,NONE_RECORDED
AS-2025-11-12T16:45:00+00:00-39f429d9e5ab#entry,AS-2025-11-12T16:45:00+00:00-39f429d9e5ab,2025-11,SHORT,AS-2025-11-12T16:45:00+00:00-39f429d9e5ab,2,2025-11-12T18:45:00Z,2025-11-12T19:00:00+00:00,2025-11-12T22:45:00+00:00,IMMEDIATE_ECONOMIC_FAILURE_RETURN_CORRIDOR_USABLE,"[""NO_ROOM_AFTER_COSTS""]",101450,102134.7,101488.2,102172.9,101442.9,401.45,101488.2..102134.7,101983.9..102134.7,-71.26,0.70,2,0,{},[],[],TERMINAL,PRE_ENTRY_TARGET_CONTACT,2025-11-12T18:46:00Z,1,,ENDED_WITHOUT_USABLE_RETURN,DESTINATION_REACHED,DESTINATION_CONTACT:okx/BTC-USDT-SWAP/trade_bar_1m#obs@2025-11-12T19:07:00Z,2025-11-12T19:08:00Z,False,False,[],NONE_RECORDED,0,0,0,0,0,0,0,NONE_RECORDED
AS-2025-11-17T20:00:00+00:00-bf292f9b7a57#entry,AS-2025-11-17T20:00:00+00:00-bf292f9b7a57,2025-11,SHORT,AS-2025-11-17T20:00:00+00:00-bf292f9b7a57,3,2025-11-17T21:18:00Z,2025-11-17T22:15:00+00:00,2025-11-18T01:18:00+00:00,IMMEDIATE_ECONOMIC_FAILURE_RETURN_CORRIDOR_USABLE,"[""REWARD_RISK_BELOW_MINIMUM""]",91843.5,92223.5,91877.4,92278.5,91310.1,527.15,91877.4..92223.5,91967.1..92223.5,-47.36,58.08,5,2,"{""CLOSE_OUTSIDE_RETURN_CORRIDOR"": 1, ""REWARD_RISK_BELOW_MINIMUM"": 1}",[],"[""2025-11-17T21:44:00Z""]",ISSUE,call-AS-2025-11-17T21:44:00+00:00-e3460d418aaa,2025-11-17T21:44:00Z,26,call-AS-2025-11-17T21:44:00+00:00-e3460d418aaa,ISSUED,INVALIDATED,V_CONTACT:okx/BTC-USDT-SWAP/trade_bar_1m#obs@2025-11-17T22:42:00Z,2025-11-17T22:43:00Z,False,False,[],NONE_RECORDED_H2_CONSISTENT,0,0,0,0,0,0,0,NONE_RECORDED_H2_CONSISTENT
AL-2025-11-20T02:15:00+00:00-27086e503ba8#entry,AL-2025-11-20T02:15:00+00:00-27086e503ba8,2025-11,LONG,AL-2025-11-20T02:15:00+00:00-27086e503ba8,1,2025-11-20T02:51:00Z,2025-11-20T04:30:00+00:00,2025-11-20T06:51:00+00:00,IMMEDIATE_ECONOMIC_FAILURE_RETURN_CORRIDOR_USABLE,"[""REWARD_RISK_BELOW_MINIMUM""]",92576.9,92309.4,92575.6,92271.0,92738.6,377.8,92309.4..92575.6,92309.4..92354.2,-33.04,17.47,19,16,"{""CLOSE_OUTSIDE_RETURN_CORRIDOR"": 7, ""NO_ROOM_AFTER_COSTS"": 6, ""REWARD_RISK_BELOW_MINIMUM"": 10}","[{""at"": ""2025-11-20T03:30:00Z"", ""cap"": ""92674.0"", ""reason"": ""NEW_ELIGIBLE_ZONE:lm-pv15m-H-2025-11-20T02:45:00+00:00-e5e8e66af27c""}]",[],TERMINAL,SCENARIO_TERMINAL:INVALIDATED:V_CONTACT,2025-11-20T04:18:00Z,87,,ENDED_WITHOUT_USABLE_RETURN,INVALIDATED,V_CONTACT:okx/BTC-USDT-SWAP/trade_bar_1m#obs@2025-11-20T04:17:00Z,2025-11-20T04:18:00Z,True,True,[],OBSTACLE_ONLY,0,0,0,1,0,0,0,OBSTACLE_ONLY
AS-2025-11-20T14:00:00+00:00-b652687765f5#entry,AS-2025-11-20T14:00:00+00:00-b652687765f5,2025-11,SHORT,AS-2025-11-20T14:00:00+00:00-b652687765f5,2,2025-11-20T14:50:00Z,2025-11-20T16:15:00+00:00,2025-11-20T18:50:00+00:00,IMMEDIATE_ECONOMIC_FAILURE_RETURN_CORRIDOR_USABLE,"[""REWARD_RISK_BELOW_MINIMUM""]",90730.8,91644.9,90810.2,91676.2,90426.2,317.0,90810.2..91644.9,91235.8..91644.9,-104.20,33.57,6,4,"{""CLOSE_OUTSIDE_RETURN_CORRIDOR"": 2, ""REWARD_RISK_BELOW_MINIMUM"": 4}",[],[],TERMINAL,PRE_ENTRY_TARGET_CONTACT,2025-11-20T15:07:00Z,17,,ENDED_WITHOUT_USABLE_RETURN,DESTINATION_REACHED,DESTINATION_CONTACT:okx/BTC-USDT-SWAP/trade_bar_1m#obs@2025-11-20T15:07:00Z,2025-11-20T15:08:00Z,False,False,[],NONE_RECORDED,0,0,0,0,0,0,0,NONE_RECORDED
AL-2025-11-21T17:45:00+00:00-f017a580af8a#entry,AL-2025-11-21T17:45:00+00:00-f017a580af8a,2025-11,LONG,AL-2025-11-21T17:45:00+00:00-f017a580af8a,2,2025-11-21T18:32:00Z,2025-11-21T20:00:00+00:00,2025-11-21T22:32:00+00:00,IMMEDIATE_ECONOMIC_FAILURE_RETURN_CORRIDOR_USABLE,"[""REWARD_RISK_BELOW_MINIMUM""]",84218.7,83245.1,84148.3,83166.7,85363.5,821.7,83245.1..84148.3,83245.1..84047.5,-124.91,135.93,3,1,"{""CLOSE_OUTSIDE_RETURN_CORRIDOR"": 1, ""REWARD_RISK_BELOW_MINIMUM"": 1}",[],[],TERMINAL,CONTEXT_FORBIDDEN_PREISSUE:BALANCED/TRANSITION,2025-11-21T19:00:00Z,28,,ENDED_WITHOUT_USABLE_RETURN,TIME_EXPIRED,CONFIRMED_HARD_DEADLINE,2025-11-21T22:32:00Z,False,False,[],H1_RECORDED,0,0,0,0,0,1,0,NONE_RECORDED
AL-2025-11-23T04:30:00+00:00-e6e2d43cfa95#entry,AL-2025-11-23T04:30:00+00:00-e6e2d43cfa95,2025-11,LONG,AL-2025-11-23T04:30:00+00:00-e6e2d43cfa95,4,2025-11-23T05:55:00Z,2025-11-23T06:45:00+00:00,2025-11-23T09:55:00+00:00,IMMEDIATE_ECONOMIC_FAILURE_RETURN_CORRIDOR_USABLE,"[""REWARD_RISK_BELOW_MINIMUM""]",86234.8,85945.6,86232.3,85912.0,86789.9,316.65,85945.6..86232.3,85945.6..86190.3,-37.43,64.37,7,4,"{""CLOSE_OUTSIDE_RETURN_CORRIDOR"": 1, ""REWARD_RISK_BELOW_MINIMUM"": 3}",[],"[""2025-11-23T06:18:00Z""]",ISSUE,call-AL-2025-11-23T06:18:00+00:00-6f3abde747e4,2025-11-23T06:18:00Z,23,call-AL-2025-11-23T06:18:00+00:00-6f3abde747e4,ISSUED,INVALIDATED,V_CONTACT:okx/BTC-USDT-SWAP/trade_bar_1m#obs@2025-11-23T06:51:00Z,2025-11-23T06:52:00Z,False,False,[],NONE_RECORDED_H2_CONSISTENT,0,0,0,0,0,0,0,NONE_RECORDED_H2_CONSISTENT
AL-2025-11-24T21:00:00+00:00-e565be1e5a72#entry,AL-2025-11-24T21:00:00+00:00-e565be1e5a72,2025-11,LONG,AL-2025-11-24T21:00:00+00:00-e565be1e5a72,1,2025-11-24T21:31:00Z,2025-11-24T23:15:00+00:00,2025-11-25T01:31:00+00:00,IMMEDIATE_ECONOMIC_FAILURE_RETURN_CORRIDOR_USABLE,"[""NO_ROOM_AFTER_COSTS""]",89047.7,88795.5,89008,88757.9,89145.6,340.95,88795.5..89008,88795.5..88809.7,-32.54,10.99,4,2,"{""CLOSE_OUTSIDE_RETURN_CORRIDOR"": 1, ""REWARD_RISK_BELOW_MINIMUM"": 1}",[],[],TERMINAL,SCENARIO_TERMINAL:INVALIDATED:V_CONTACT,2025-11-24T21:45:00Z,14,,ENDED_WITHOUT_USABLE_RETURN,INVALIDATED,V_CONTACT:okx/BTC-USDT-SWAP/trade_bar_1m#obs@2025-11-24T21:44:00Z,2025-11-24T21:45:00Z,True,True,[],NONE_RECORDED,0,0,0,0,0,0,0,NONE_RECORDED
AS-2025-11-25T07:45:00+00:00-bb75d08e1f0d#entry,AS-2025-11-25T07:45:00+00:00-bb75d08e1f0d,2025-11,SHORT,AS-2025-11-25T07:45:00+00:00-bb75d08e1f0d,2,2025-11-25T08:32:00Z,2025-11-25T10:00:00+00:00,2025-11-25T12:32:00+00:00,IMMEDIATE_ECONOMIC_FAILURE_RETURN_CORRIDOR_USABLE,"[""NO_ROOM_AFTER_COSTS""]",87356.5,87578.8,87372.3,87602.8,87279.0,216.15,87372.3..87578.8,87578.3..87578.8,-28.19,8.87,13,11,"{""CLOSE_OUTSIDE_RETURN_CORRIDOR"": 5, ""NO_ROOM_AFTER_COSTS"": 10, ""REWARD_RISK_BELOW_MINIMUM"": 1}",[],[],TERMINAL,SCENARIO_TERMINAL:DESTINATION_REACHED:DESTINATION_CONTACT,2025-11-25T08:49:00Z,17,,ENDED_WITHOUT_USABLE_RETURN,DESTINATION_REACHED,DESTINATION_CONTACT:okx/BTC-USDT-SWAP/trade_bar_1m#obs@2025-11-25T08:48:00Z,2025-11-25T08:49:00Z,True,True,[],NONE_RECORDED,0,0,0,0,0,0,0,NONE_RECORDED
AS-2025-11-26T09:45:00+00:00-8c8a2170755c#entry,AS-2025-11-26T09:45:00+00:00-8c8a2170755c,2025-11,SHORT,AS-2025-11-26T09:45:00+00:00-8c8a2170755c,1,2025-11-26T10:22:00Z,2025-11-26T12:00:00+00:00,2025-11-26T14:22:00+00:00,IMMEDIATE_ECONOMIC_FAILURE_RETURN_CORRIDOR_USABLE,"[""NO_ROOM_AFTER_COSTS""]",86783.6,87027.7,86805.9,87047.7,86732.0,199.3,86805.9..87027.7,87026.1..87027.7,-30.43,5.95,7,5,"{""CLOSE_OUTSIDE_RETURN_CORRIDOR"": 3, ""NO_ROOM_AFTER_COSTS"": 5}",[],[],TERMINAL,SCENARIO_TERMINAL:DESTINATION_REACHED:DESTINATION_CONTACT,2025-11-26T10:33:00Z,11,,ENDED_WITHOUT_USABLE_RETURN,DESTINATION_REACHED,DESTINATION_CONTACT:okx/BTC-USDT-SWAP/trade_bar_1m#obs@2025-11-26T10:32:00Z,2025-11-26T10:33:00Z,True,True,[],NONE_RECORDED,0,0,0,0,0,0,0,NONE_RECORDED
AS-2025-12-01T16:00:00+00:00-3c4839a654e4#entry,AS-2025-12-01T16:00:00+00:00-3c4839a654e4,2025-12,SHORT,AS-2025-12-01T16:00:00+00:00-3c4839a654e4,2,2025-12-01T16:55:00Z,2025-12-01T18:15:00+00:00,2025-12-01T20:55:00+00:00,IMMEDIATE_ECONOMIC_FAILURE_RETURN_CORRIDOR_USABLE,"[""REWARD_RISK_BELOW_MINIMUM""]",84498.8,85419.2,84499.2,85464.0,83825.0,522.9,84499.2..85419.2,84837.8..85419.2,-114.23,79.74,7,4,"{""CLOSE_OUTSIDE_RETURN_CORRIDOR"": 1, ""REWARD_RISK_BELOW_MINIMUM"": 3}",[],"[""2025-12-01T17:08:00Z""]",ISSUE,call-AS-2025-12-01T17:08:00+00:00-a03ce711ffdb,2025-12-01T17:08:00Z,13,call-AS-2025-12-01T17:08:00+00:00-a03ce711ffdb,ISSUED,INVALIDATED,V_CONTACT:okx/BTC-USDT-SWAP/trade_bar_1m#obs@2025-12-01T18:14:00Z,2025-12-01T18:15:00Z,False,False,[],NONE_RECORDED_H2_CONSISTENT,0,0,0,0,0,0,0,NONE_RECORDED_H2_CONSISTENT
AS-2025-12-05T09:45:00+00:00-f8fb627e151e#entry,AS-2025-12-05T09:45:00+00:00-f8fb627e151e,2025-12,SHORT,AS-2025-12-05T09:45:00+00:00-f8fb627e151e,3,2025-12-05T11:00:00Z,2025-12-05T12:00:00+00:00,2025-12-05T15:00:00+00:00,IMMEDIATE_ECONOMIC_FAILURE_RETURN_CORRIDOR_USABLE,"[""REWARD_RISK_BELOW_MINIMUM""]",91234.7,91450,91238.7,91469.0,90999.8,210.25,91238.7..91450,91383.7..91450,-25.68,25.75,6,3,"{""CLOSE_OUTSIDE_RETURN_CORRIDOR"": 1, ""REWARD_RISK_BELOW_MINIMUM"": 2}",[],"[""2025-12-05T11:07:00Z""]",ISSUE,call-AS-2025-12-05T11:07:00+00:00-4a491491d702,2025-12-05T11:07:00Z,7,call-AS-2025-12-05T11:07:00+00:00-4a491491d702,ISSUED,INVALIDATED,V_CONTACT:okx/BTC-USDT-SWAP/trade_bar_1m#obs@2025-12-05T11:08:00Z,2025-12-05T11:09:00Z,False,False,[],NONE_RECORDED_H2_CONSISTENT,0,0,0,0,0,0,0,NONE_RECORDED_H2_CONSISTENT
AL-2025-12-08T09:00:00+00:00-6ed6baa0830d#entry,AL-2025-12-08T09:00:00+00:00-6ed6baa0830d,2025-12,LONG,AL-2025-12-08T09:00:00+00:00-6ed6baa0830d,4,2025-12-08T10:35:00Z,2025-12-08T11:15:00+00:00,2025-12-08T14:35:00+00:00,IMMEDIATE_ECONOMIC_FAILURE_RETURN_CORRIDOR_USABLE,"[""NO_ROOM_AFTER_COSTS""]",92111.5,91769.8,92057.2,91748.3,92233.5,179.5,91769.8..92057.2,91769.8..91840.2,-39.43,13.24,14,12,"{""CLOSE_OUTSIDE_RETURN_CORRIDOR"": 10, ""NO_ROOM_AFTER_COSTS"": 4, ""REWARD_RISK_BELOW_MINIMUM"": 8}",[],[],TERMINAL,ORIGINAL_SETUP_DEADLINE,2025-12-08T11:15:00Z,40,,ENDED_WITHOUT_USABLE_RETURN,INVALIDATED,V_CONTACT:okx/BTC-USDT-SWAP/trade_bar_1m#obs@2025-12-08T12:09:00Z,2025-12-08T12:10:00Z,False,False,"[{""at"": ""2025-12-08T11:15:00Z"", ""reason"": ""ORIGINAL_SETUP_EXPIRY""}]",NONE_RECORDED,0,0,0,0,0,0,0,NONE_RECORDED
AS-2025-12-08T15:45:00+00:00-491cf57c5493#entry,AS-2025-12-08T15:45:00+00:00-491cf57c5493,2025-12,SHORT,AS-2025-12-08T15:45:00+00:00-491cf57c5493,2,2025-12-08T16:50:00Z,2025-12-08T18:00:00+00:00,2025-12-08T20:50:00+00:00,IMMEDIATE_ECONOMIC_FAILURE_RETURN_CORRIDOR_USABLE,"[""REWARD_RISK_BELOW_MINIMUM""]",89802,90449.4,90046.9,90483.4,89597.8,416.4,90046.9..90449.4,90207.2..90449.4,-75.88,22.74,11,8,"{""CLOSE_OUTSIDE_RETURN_CORRIDOR"": 5, ""NO_ROOM_AFTER_COSTS"": 1, ""REWARD_RISK_BELOW_MINIMUM"": 7}","[{""at"": ""2025-12-08T17:30:00Z"", ""cap"": ""89734.7"", ""reason"": ""NEW_ELIGIBLE_ZONE:lm-pv15m-L-2025-12-08T16:45:00+00:00-d4f044510386""}]",[],TERMINAL,PRE_ENTRY_TARGET_CONTACT,2025-12-08T17:42:00Z,52,,ENDED_WITHOUT_USABLE_RETURN,STALLED,SCENARIO_PROGRESS_BELOW_HALF_SCALE,2025-12-08T18:50:00Z,False,False,[],OBSTACLE_ONLY,0,0,0,1,0,0,0,OBSTACLE_ONLY
AS-2025-12-14T17:45:00+00:00-1ae1e75b3b0a#entry,AS-2025-12-14T17:45:00+00:00-1ae1e75b3b0a,2025-12,SHORT,AS-2025-12-14T17:45:00+00:00-1ae1e75b3b0a,2,2025-12-14T19:11:00Z,2025-12-14T20:00:00+00:00,2025-12-14T23:11:00+00:00,IMMEDIATE_ECONOMIC_FAILURE_RETURN_CORRIDOR_USABLE,"[""REWARD_RISK_BELOW_MINIMUM""]",88657.5,89029.2,88664.9,89054.3,88528.9,242.1,88664.9..89029.2,88940.0..89029.2,-44.76,14.51,5,3,"{""CLOSE_OUTSIDE_RETURN_CORRIDOR"": 2, ""NO_ROOM_AFTER_COSTS"": 2, ""REWARD_RISK_BELOW_MINIMUM"": 1}",[],[],TERMINAL,PRE_ENTRY_TARGET_CONTACT,2025-12-14T19:18:00Z,7,,ENDED_WITHOUT_USABLE_RETURN,DESTINATION_REACHED,DESTINATION_CONTACT:okx/BTC-USDT-SWAP/trade_bar_1m#obs@2025-12-14T20:10:00Z,2025-12-14T20:11:00Z,False,False,[],NONE_RECORDED,0,0,0,0,0,0,0,NONE_RECORDED
AL-2025-12-16T10:45:00+00:00-b68d863397be#entry,AL-2025-12-16T10:45:00+00:00-b68d863397be,2025-12,LONG,AL-2025-12-16T10:45:00+00:00-b68d863397be,1,2025-12-16T11:46:00Z,2025-12-16T13:00:00+00:00,2025-12-16T15:46:00+00:00,IMMEDIATE_ECONOMIC_FAILURE_RETURN_CORRIDOR_USABLE,"[""REWARD_RISK_BELOW_MINIMUM""]",87050.4,86762.8,87015.4,86739.6,87276.8,240.6,86762.8..87015.4,86762.8..86862.1,-35.70,26.01,6,4,"{""CLOSE_OUTSIDE_RETURN_CORRIDOR"": 3, ""NO_ROOM_AFTER_COSTS"": 1, ""REWARD_RISK_BELOW_MINIMUM"": 3}",[],[],TERMINAL,PRE_ENTRY_TARGET_CONTACT,2025-12-16T11:56:00Z,10,,ENDED_WITHOUT_USABLE_RETURN,DESTINATION_REACHED,DESTINATION_CONTACT:okx/BTC-USDT-SWAP/trade_bar_1m#obs@2025-12-16T12:45:00Z,2025-12-16T12:46:00Z,False,False,[],NONE_RECORDED,0,0,0,0,0,0,0,NONE_RECORDED
AL-2025-12-18T02:45:00+00:00-b701e44c5911#entry,AL-2025-12-18T02:45:00+00:00-b701e44c5911,2025-12,LONG,AL-2025-12-18T02:45:00+00:00-b701e44c5911,3,2025-12-18T03:51:00Z,2025-12-18T05:00:00+00:00,2025-12-18T07:51:00+00:00,IMMEDIATE_ECONOMIC_FAILURE_RETURN_CORRIDOR_USABLE,"[""REWARD_RISK_BELOW_MINIMUM""]",86585.6,86203.3,86520,86183.1,86816.7,197.95,86203.3..86520,86203.3..86350.2,-46.49,26.69,5,3,"{""CLOSE_OUTSIDE_RETURN_CORRIDOR"": 2, ""REWARD_RISK_BELOW_MINIMUM"": 3}",[],[],TERMINAL,CONTEXT_FORBIDDEN_PREISSUE:BALANCED/TRANSITION,2025-12-18T04:00:00Z,9,,ENDED_WITHOUT_USABLE_RETURN,DESTINATION_REACHED,DESTINATION_CONTACT:okx/BTC-USDT-SWAP/trade_bar_1m#obs@2025-12-18T04:05:00Z,2025-12-18T04:06:00Z,False,False,[],H1_RECORDED,0,0,0,0,0,1,0,NONE_RECORDED
AL-2025-12-18T10:30:00+00:00-d0ba87ee9d6e#entry,AL-2025-12-18T10:30:00+00:00-d0ba87ee9d6e,2025-12,LONG,AL-2025-12-18T10:30:00+00:00-d0ba87ee9d6e,2,2025-12-18T11:31:00Z,2025-12-18T12:45:00+00:00,2025-12-18T15:31:00+00:00,IMMEDIATE_ECONOMIC_FAILURE_RETURN_CORRIDOR_USABLE,"[""REWARD_RISK_BELOW_MINIMUM""]",87218.5,87020.7,87159.4,87002.1,87399.3,185.85,87020.7..87159.4,87020.7..87060.7,-24.81,20.73,24,22,"{""CLOSE_OUTSIDE_RETURN_CORRIDOR"": 15, ""NO_ROOM_AFTER_COSTS"": 4, ""REWARD_RISK_BELOW_MINIMUM"": 18}",[],[],TERMINAL,PRE_ENTRY_TARGET_CONTACT,2025-12-18T12:37:00Z,66,,ENDED_WITHOUT_USABLE_RETURN,DESTINATION_REACHED,DESTINATION_CONTACT:okx/BTC-USDT-SWAP/trade_bar_1m#obs@2025-12-18T13:01:00Z,2025-12-18T13:02:00Z,False,False,[],NONE_RECORDED,0,0,0,0,0,0,0,NONE_RECORDED
AL-2025-12-19T03:45:00+00:00-58fb57178b59#entry,AL-2025-12-19T03:45:00+00:00-58fb57178b59,2025-12,LONG,AL-2025-12-19T03:45:00+00:00-58fb57178b59,3,2025-12-19T05:49:00Z,2025-12-19T06:00:00+00:00,2025-12-19T09:49:00+00:00,IMMEDIATE_ECONOMIC_FAILURE_RETURN_CORRIDOR_USABLE,"[""REWARD_RISK_BELOW_MINIMUM""]",86937,86625.9,86928,86596.5,87506.3,316.05,86625.9..86928,86625.9..86888.4,-39.17,65.48,3,1,"{""CLOSE_OUTSIDE_RETURN_CORRIDOR"": 1, ""REWARD_RISK_BELOW_MINIMUM"": 1}",[],[],TERMINAL,ORIGINAL_SETUP_DEADLINE,2025-12-19T06:00:00Z,11,,ENDED_WITHOUT_USABLE_RETURN,DESTINATION_REACHED,DESTINATION_CONTACT:okx/BTC-USDT-SWAP/trade_bar_1m#obs@2025-12-19T07:00:00Z,2025-12-19T07:01:00Z,False,False,"[{""at"": ""2025-12-19T06:00:00Z"", ""reason"": ""ORIGINAL_SETUP_EXPIRY""}]",NONE_RECORDED,0,0,0,0,0,0,0,NONE_RECORDED
AL-2025-12-19T07:45:00+00:00-114884fbbc2d#entry,AL-2025-12-19T07:45:00+00:00-114884fbbc2d,2025-12,LONG,AL-2025-12-19T07:45:00+00:00-114884fbbc2d,1,2025-12-19T08:35:00Z,2025-12-19T10:00:00+00:00,2025-12-19T12:35:00+00:00,IMMEDIATE_ECONOMIC_FAILURE_RETURN_CORRIDOR_USABLE,"[""REWARD_RISK_BELOW_MINIMUM""]",88041,87693,87978.2,87659.7,88331.3,293.65,87693..87978.2,87693..87841.9,-43.31,32.97,23,20,"{""CLOSE_OUTSIDE_RETURN_CORRIDOR"": 13, ""NO_ROOM_AFTER_COSTS"": 4, ""REWARD_RISK_BELOW_MINIMUM"": 16}","[{""at"": ""2025-12-19T09:30:00Z"", ""cap"": ""88153.0"", ""reason"": ""NEW_ELIGIBLE_ZONE:lm-pv15m-H-2025-12-19T08:45:00+00:00-2dc84edd00fb""}]",[],TERMINAL,ORIGINAL_SETUP_DEADLINE,2025-12-19T10:00:00Z,85,,ENDED_WITHOUT_USABLE_RETURN,TIME_EXPIRED,CONFIRMED_HARD_DEADLINE,2025-12-19T12:35:00Z,False,False,"[{""at"": ""2025-12-19T10:00:00Z"", ""reason"": ""ORIGINAL_SETUP_EXPIRY""}]",OBSTACLE_ONLY,0,0,0,1,0,0,0,OBSTACLE_ONLY
AS-2025-12-19T17:45:00+00:00-e344deda87eb#entry,AS-2025-12-19T17:45:00+00:00-e344deda87eb,2025-12,SHORT,AS-2025-12-19T17:45:00+00:00-e344deda87eb,2,2025-12-19T18:40:00Z,2025-12-19T20:00:00+00:00,2025-12-19T22:40:00+00:00,IMMEDIATE_ECONOMIC_FAILURE_RETURN_CORRIDOR_USABLE,"[""REWARD_RISK_BELOW_MINIMUM""]",87022,87439,87032,87492.3,86886.5,532.55,87032..87439,87339.3..87439,-54.04,15.57,10,7,"{""CLOSE_OUTSIDE_RETURN_CORRIDOR"": 5, ""NO_ROOM_AFTER_COSTS"": 3, ""REWARD_RISK_BELOW_MINIMUM"": 3}",[],"[""2025-12-19T19:16:00Z""]",ISSUE,call-AS-2025-12-19T19:16:00+00:00-435ee8848a09,2025-12-19T19:16:00Z,36,call-AS-2025-12-19T19:16:00+00:00-435ee8848a09,ISSUED,INVALIDATED,V_CONTACT:okx/BTC-USDT-SWAP/trade_bar_1m#obs@2025-12-19T19:19:00Z,2025-12-19T19:20:00Z,False,False,[],NONE_RECORDED_H2_CONSISTENT,0,0,0,0,0,0,0,NONE_RECORDED_H2_CONSISTENT
AL-2025-12-21T23:00:00+00:00-06999fe204c1#entry,AL-2025-12-21T23:00:00+00:00-06999fe204c1,2025-12,LONG,AL-2025-12-21T23:00:00+00:00-06999fe204c1,2,2025-12-21T23:52:00Z,2025-12-22T01:15:00+00:00,2025-12-22T03:52:00+00:00,IMMEDIATE_ECONOMIC_FAILURE_RETURN_CORRIDOR_USABLE,"[""REWARD_RISK_BELOW_MINIMUM""]",88612,88333.3,88542.4,88316.6,88778.8,180.9,88333.3..88542.4,88333.3..88402.9,-33.34,18.82,5,3,"{""BLOCKED_BY_ZONE"": 1, ""CLOSE_OUTSIDE_RETURN_CORRIDOR"": 3, ""NO_ROOM_AFTER_COSTS"": 1, ""REWARD_RISK_BELOW_MINIMUM"": 2}",[],[],TERMINAL,SCENARIO_TERMINAL:DESTINATION_REACHED:DESTINATION_CONTACT,2025-12-22T00:06:00Z,14,,ENDED_WITHOUT_USABLE_RETURN,DESTINATION_REACHED,DESTINATION_CONTACT:okx/BTC-USDT-SWAP/trade_bar_1m#obs@2025-12-22T00:05:00Z,2025-12-22T00:06:00Z,True,True,[],NONE_RECORDED,0,0,0,0,0,0,0,NONE_RECORDED
AL-2025-12-22T08:15:00+00:00-f5a9850fd1e2#entry,AL-2025-12-22T08:15:00+00:00-f5a9850fd1e2,2025-12,LONG,AL-2025-12-22T08:15:00+00:00-f5a9850fd1e2,2,2025-12-22T09:57:00Z,2025-12-22T10:30:00+00:00,2025-12-22T13:57:00+00:00,IMMEDIATE_ECONOMIC_FAILURE_RETURN_CORRIDOR_USABLE,"[""NO_ROOM_AFTER_COSTS""]",89743.8,89175.4,89738.9,89157.1,89852.8,184.6,89175.4..89738.9,89175.4..89348.2,-65.37,12.15,12,10,"{""CLOSE_OUTSIDE_RETURN_CORRIDOR"": 3, ""NO_ROOM_AFTER_COSTS"": 5, ""REWARD_RISK_BELOW_MINIMUM"": 5}",[],[],TERMINAL,ORIGINAL_SETUP_DEADLINE,2025-12-22T10:30:00Z,33,,ENDED_WITHOUT_USABLE_RETURN,DESTINATION_REACHED,DESTINATION_CONTACT:okx/BTC-USDT-SWAP/trade_bar_1m#obs@2025-12-22T11:31:00Z,2025-12-22T11:32:00Z,False,False,"[{""at"": ""2025-12-22T10:30:00Z"", ""reason"": ""ORIGINAL_SETUP_EXPIRY""}]",NONE_RECORDED,0,0,0,0,0,0,0,NONE_RECORDED
AL-2025-12-25T15:45:00+00:00-203f7791345b#entry,AL-2025-12-25T15:45:00+00:00-203f7791345b,2025-12,LONG,AL-2025-12-25T15:45:00+00:00-203f7791345b,1,2025-12-25T16:27:00Z,2025-12-25T18:00:00+00:00,2025-12-25T20:27:00+00:00,IMMEDIATE_ECONOMIC_FAILURE_RETURN_CORRIDOR_USABLE,"[""REWARD_RISK_BELOW_MINIMUM""]",88416,88125.9,88410.7,88113.9,88564.3,119.4,88125.9..88410.7,88125.9..88195.1,-34.17,16.77,6,2,"{""REWARD_RISK_BELOW_MINIMUM"": 1}","[{""at"": ""2025-12-25T16:30:00Z"", ""cap"": ""88564.0"", ""reason"": ""NEW_ELIGIBLE_ZONE:lm-pv15m-H-2025-12-25T15:45:00+00:00-4faf23af4fda""}]","[""2025-12-25T16:38:00Z""]",ISSUE,call-AL-2025-12-25T16:38:00+00:00-5d27668b03ad,2025-12-25T16:38:00Z,11,call-AL-2025-12-25T16:38:00+00:00-5d27668b03ad,ISSUED,INVALIDATED,V_CONTACT:okx/BTC-USDT-SWAP/trade_bar_1m#obs@2025-12-25T16:50:00Z,2025-12-25T16:51:00Z,False,False,[],OBSTACLE_ONLY,0,0,0,1,0,0,0,OBSTACLE_ONLY
AL-2025-12-29T00:45:00+00:00-38bf6a71f0df#entry,AL-2025-12-29T00:45:00+00:00-38bf6a71f0df,2025-12,LONG,AL-2025-12-29T00:45:00+00:00-38bf6a71f0df,2,2025-12-29T01:37:00Z,2025-12-29T03:00:00+00:00,2025-12-29T05:37:00+00:00,IMMEDIATE_ECONOMIC_FAILURE_RETURN_CORRIDOR_USABLE,"[""REWARD_RISK_BELOW_MINIMUM""]",88056.7,87815.1,88039,87800.8,88415.8,155.7,87815.1..88039,87815.1..87957.2,-29.06,40.78,4,2,"{""CLOSE_OUTSIDE_RETURN_CORRIDOR"": 2, ""NO_ROOM_AFTER_COSTS"": 1, ""REWARD_RISK_BELOW_MINIMUM"": 1}",[],[],TERMINAL,SCENARIO_TERMINAL:DESTINATION_REACHED:DESTINATION_CONTACT,2025-12-29T01:42:00Z,5,,ENDED_WITHOUT_USABLE_RETURN,DESTINATION_REACHED,DESTINATION_CONTACT:okx/BTC-USDT-SWAP/trade_bar_1m#obs@2025-12-29T01:41:00Z,2025-12-29T01:42:00Z,True,True,[],NONE_RECORDED,0,0,0,0,0,0,0,NONE_RECORDED
AL-2025-12-30T08:45:00+00:00-81ef4604b642#entry,AL-2025-12-30T08:45:00+00:00-81ef4604b642,2025-12,LONG,AL-2025-12-30T08:45:00+00:00-81ef4604b642,2,2025-12-30T09:43:00Z,2025-12-30T11:00:00+00:00,2025-12-30T13:43:00+00:00,IMMEDIATE_ECONOMIC_FAILURE_RETURN_CORRIDOR_USABLE,"[""REWARD_RISK_BELOW_MINIMUM""]",87774.1,87600,87752.2,87587.0,87939.3,129.55,87600..87752.2,87600..87624.4,-21.32,18.82,4,2,"{""CLOSE_OUTSIDE_RETURN_CORRIDOR"": 2, ""NO_ROOM_AFTER_COSTS"": 1, ""REWARD_RISK_BELOW_MINIMUM"": 1}",[],[],TERMINAL,PRE_ENTRY_TARGET_CONTACT,2025-12-30T09:51:00Z,8,,ENDED_WITHOUT_USABLE_RETURN,TIME_EXPIRED,CONFIRMED_HARD_DEADLINE,2025-12-30T13:43:00Z,False,False,[],NONE_RECORDED,0,0,0,0,0,0,0,NONE_RECORDED
