attempt_id,family,direction,owner_id,birth_at,renewal,latch_long_at_birth,latch_short_at_birth,deadline,armed,arm_at,revisions,terminal,terminal_status,terminal_reason,terminal_at,terminal_in_evaluation_window,minutes_birth_to_arm,minutes_birth_to_terminal,minutes_arm_to_terminal,impulse_A,impulse_B,frozen_s15,zone_halfwidth
AS-2025-09-01T02:15:00+00:00-973111e0e1a2,A,SHORT,,2025-09-01T02:30:00Z,FALSE_TO_TRUE,READY,READY,2025-09-01T04:30:00Z,False,,0,EXPIRE,EXPIRED,SPENT_HIGH_BEYOND_B_BEFORE_REACTION,2025-09-01T02:45:00Z,True,,15,,108448.3,107524.1,311.1,31.11
CS-2025-09-01T07:00:00+00:00-c15431525959,C,SHORT,box-2025-09-01T07:00:00+00:00-b55be995ee48,2025-09-01T07:15:00Z,,,,2025-09-01T07:45:00Z,False,,0,WITHDRAW,WITHDRAWN,CONTEXT_NOT_BALANCED_AT_BIRTH:DOWN,2025-09-01T07:15:00Z,True,,0,,,,248.7,24.87
BL-2025-09-01T07:15:00+00:00-946abec8da60,B,LONG,box-2025-09-01T07:00:00+00:00-b55be995ee48,2025-09-01T07:30:00Z,,,,2025-09-01T08:30:00Z,False,,0,WITHDRAW,WITHDRAWN,CONTEXT_FORBIDDEN_AT_BIRTH:DOWN,2025-09-01T07:30:00Z,True,,0,,,,248.7,24.87
AL-2025-09-01T07:45:00+00:00-4cf4f3077fd5,A,LONG,,2025-09-01T08:00:00Z,FALSE_TO_TRUE,READY,READY,2025-09-01T10:00:00Z,False,,0,EXPIRE,EXPIRED,SPENT_HIGH_BEYOND_B_BEFORE_REACTION,2025-09-01T08:15:00Z,True,,15,,107750,109387,265,26.5
AL-2025-09-01T13:00:00+00:00-3664da48975c,A,LONG,,2025-09-01T13:15:00Z,FALSE_TO_TRUE,READY,READY,2025-09-01T15:15:00Z,False,,0,EXPIRE,EXPIRED,SPENT_HIGH_BEYOND_B_BEFORE_REACTION,2025-09-01T13:30:00Z,True,,15,,108441.9,109250,291.55,29.155
AL-2025-09-01T18:45:00+00:00-bcbe300ff3b6,A,LONG,,2025-09-01T19:00:00Z,FALSE_TO_TRUE,READY,READY,2025-09-01T21:00:00Z,True,2025-09-01T19:15:00Z,0,REJECT,REJECTED,AT_OPPOSING_AREA,2025-09-01T19:25:00Z,True,15,25,10,108431.5,109244.6,283.55,28.355
AS-2025-09-02T11:45:00+00:00-fdf55af325d8,A,SHORT,,2025-09-02T12:00:00Z,FALSE_TO_TRUE,READY,READY,2025-09-02T14:00:00Z,False,,0,EXPIRE,EXPIRED,SPENT_HIGH_BEYOND_B_BEFORE_REACTION,2025-09-02T12:15:00Z,True,,15,,110423.7,109533,219.75,21.975
AL-2025-09-02T20:45:00+00:00-c1d34c7da5e8,A,LONG,,2025-09-02T21:00:00Z,FALSE_TO_TRUE,READY,READY,2025-09-02T23:00:00Z,False,,0,EXPIRE,EXPIRED,SPENT_HIGH_BEYOND_B_BEFORE_REACTION,2025-09-02T21:15:00Z,True,,15,,110392.2,111373.3,296.95,29.695
BL-2025-09-03T00:15:00+00:00-366ceb83a181,B,LONG,box-2025-09-02T23:00:00+00:00-8ab787b1d988,2025-09-03T00:30:00Z,,,,2025-09-03T01:30:00Z,False,,0,WITHDRAW,WITHDRAWN,RETURNED_INSIDE_BEFORE_RETEST,2025-09-03T00:45:00Z,True,,15,,,,246.2,24.62
CS-2025-09-03T00:30:00+00:00-bb9cc4a9db6b,C,SHORT,box-2025-09-02T23:00:00+00:00-8ab787b1d988,2025-09-03T00:45:00Z,,,,2025-09-03T01:15:00Z,True,2025-09-03T00:45:00Z,0,REJECT,REJECTED,REWARD_RISK_BELOW_MINIMUM,2025-09-03T00:46:00Z,True,0,1,1,,,246.2,24.62
AL-2025-09-03T14:30:00+00:00-402afe18571e,A,LONG,,2025-09-03T14:45:00Z,FALSE_TO_TRUE,READY,READY,2025-09-03T16:45:00Z,True,2025-09-03T15:00:00Z,1,REJECT,REJECTED,REWARD_RISK_BELOW_MINIMUM,2025-09-03T15:37:00Z,True,15,52,37,111013.1,112465,239.45,23.945
CS-2025-09-03T17:45:00+00:00-aab1d413589b,C,SHORT,box-2025-09-03T17:30:00+00:00-c5c9680d2e64,2025-09-03T18:00:00Z,,,,2025-09-03T18:30:00Z,False,,0,WITHDRAW,WITHDRAWN,CONTEXT_NOT_BALANCED_AT_BIRTH:UP,2025-09-03T18:00:00Z,True,,0,,,,310.4,31.04
AL-2025-09-03T18:00:00+00:00-691c093cf290,A,LONG,,2025-09-03T18:15:00Z,FALSE_TO_TRUE,READY,READY,2025-09-03T20:15:00Z,True,2025-09-03T18:30:00Z,1,WITHDRAW,WITHDRAWN,CONTEXT_OR_ADVERSE_EXPANSION:UP/EXPANSION:DOWN,2025-09-03T18:45:00Z,True,15,30,15,111630,112554.1,324.1,32.41
AS-2025-09-04T04:00:00+00:00-758130fcb3c1,A,SHORT,,2025-09-04T04:15:00Z,FALSE_TO_TRUE,READY,READY,2025-09-04T06:15:00Z,False,,0,EXPIRE,EXPIRED,SPENT_HIGH_BEYOND_B_BEFORE_REACTION,2025-09-04T04:45:00Z,True,,30,,111691.7,111078.6,187.2,18.72
AL-2025-09-04T22:45:00+00:00-741c5b2535bf,A,LONG,,2025-09-04T23:00:00Z,FALSE_TO_TRUE,READY,READY,2025-09-05T01:00:00Z,False,,0,EXPIRE,EXPIRED,SPENT_HIGH_BEYOND_B_BEFORE_REACTION,2025-09-04T23:15:00Z,True,,15,,110258.8,111546.7,208.45,20.845
AL-2025-09-05T02:15:00+00:00-7ff644c1dfaa,A,LONG,,2025-09-05T02:30:00Z,FALSE_TO_TRUE,READY,READY,2025-09-05T04:30:00Z,True,2025-09-05T03:00:00Z,3,REJECT,REJECTED,REWARD_RISK_BELOW_MINIMUM,2025-09-05T03:47:00Z,True,30,77,47,110373.2,111413,285.65,28.565
AL-2025-09-05T07:45:00+00:00-c505cf57a18e,A,LONG,,2025-09-05T08:00:00Z,FALSE_TO_TRUE,READY,READY,2025-09-05T10:00:00Z,True,2025-09-05T08:15:00Z,4,WITHDRAW,WITHDRAWN,CONTEXT_OR_ADVERSE_EXPANSION:UP/EXPANSION:DOWN,2025-09-05T09:30:00Z,True,15,90,75,111454.1,112988.9,166.5,16.65
AL-2025-09-05T12:15:00+00:00-e6e2862d4d0a,A,LONG,,2025-09-05T12:30:00Z,FALSE_TO_TRUE,READY,READY,2025-09-05T14:30:00Z,False,,0,EXPIRE,EXPIRED,SPENT_HIGH_BEYOND_B_BEFORE_REACTION,2025-09-05T12:45:00Z,True,,15,,112110,112663.2,220.35,22.035
AS-2025-09-05T21:45:00+00:00-8d56dbfc61bc,A,SHORT,,2025-09-05T22:00:00Z,FALSE_TO_TRUE,READY,READY,2025-09-06T00:00:00Z,True,2025-09-05T22:30:00Z,1,WITHDRAW,WITHDRAWN,CONTEXT_OR_ADVERSE_EXPANSION:BALANCED/COMPRESSION:None,2025-09-05T23:00:00Z,True,30,60,30,111654.3,110301.7,285.95,28.595
CL-2025-09-06T10:00:00+00:00-2766b97b07a3,C,LONG,box-2025-09-06T07:45:00+00:00-ac31fbc77e6c,2025-09-06T10:15:00Z,,,,2025-09-06T10:45:00Z,True,2025-09-06T10:15:00Z,0,REJECT,REJECTED,NO_ROOM_AFTER_COSTS,2025-09-06T10:40:00Z,True,0,25,25,,,87.15,8.715
AS-2025-09-06T15:45:00+00:00-b8433039fb2c,A,SHORT,,2025-09-06T16:00:00Z,FALSE_TO_TRUE,READY,READY,2025-09-06T18:00:00Z,False,,0,EXPIRE,EXPIRED,SPENT_HIGH_BEYOND_B_BEFORE_REACTION,2025-09-06T16:15:00Z,True,,15,,110880.4,110311.6,87.4,8.74
AL-2025-09-07T01:45:00+00:00-ae317a871b6f,A,LONG,,2025-09-07T02:00:00Z,FALSE_TO_TRUE,READY,READY,2025-09-07T04:00:00Z,True,2025-09-07T02:15:00Z,1,REJECT,REJECTED,NO_ROOM_AFTER_COSTS,2025-09-07T02:32:00Z,True,15,32,17,110155.7,110556,78.45,7.845
AL-2025-09-07T02:45:00+00:00-54f669337a21,A,LONG,,2025-09-07T03:00:00Z,FALSE_TO_TRUE,READY,READY,2025-09-07T05:00:00Z,True,2025-09-07T03:15:00Z,0,REJECT,REJECTED,AT_OPPOSING_AREA,2025-09-07T03:20:00Z,True,15,20,5,110296.5,110657.2,84.2,8.42
AL-2025-09-07T07:30:00+00:00-5b299b7c12bc,A,LONG,,2025-09-07T07:45:00Z,FALSE_TO_TRUE,READY,READY,2025-09-07T09:45:00Z,False,,0,EXPIRE,EXPIRED,SPENT_HIGH_BEYOND_B_BEFORE_REACTION,2025-09-07T08:00:00Z,True,,15,,110421.2,110776.3,86.25,8.625
AL-2025-09-07T08:00:00+00:00-c4c956ac915b,A,LONG,,2025-09-07T08:15:00Z,FALSE_TO_TRUE,READY,READY,2025-09-07T10:15:00Z,False,,0,EXPIRE,EXPIRED,SPENT_HIGH_BEYOND_B_BEFORE_REACTION,2025-09-07T08:30:00Z,True,,15,,110421.2,110873.9,86.25,8.625
AL-2025-09-07T11:45:00+00:00-b26a349e77e3,A,LONG,,2025-09-07T12:00:00Z,FALSE_TO_TRUE,READY,READY,2025-09-07T14:00:00Z,True,2025-09-07T12:15:00Z,1,REJECT,REJECTED,NO_ROOM_AFTER_COSTS,2025-09-07T12:35:00Z,True,15,35,20,110976.3,111246,149.55,14.955
AL-2025-09-07T14:30:00+00:00-a3412bb0cf01,A,LONG,,2025-09-07T14:45:00Z,FALSE_TO_TRUE,READY,READY,2025-09-07T16:45:00Z,True,2025-09-07T15:00:00Z,0,REJECT,REJECTED,AT_OPPOSING_AREA,2025-09-07T15:19:00Z,True,15,34,19,111000,111368,119.05,11.905
AL-2025-09-08T09:30:00+00:00-0b3b696fe211,A,LONG,,2025-09-08T09:45:00Z,FALSE_TO_TRUE,READY,READY,2025-09-08T11:45:00Z,False,,0,EXPIRE,EXPIRED,SPENT_HIGH_BEYOND_B_BEFORE_REACTION,2025-09-08T10:00:00Z,True,,15,,111193.7,112059.6,163.2,16.32
AL-2025-09-08T15:15:00+00:00-1718137de4ca,A,LONG,,2025-09-08T15:30:00Z,FALSE_TO_TRUE,READY,READY,2025-09-08T17:30:00Z,True,2025-09-08T15:45:00Z,4,REJECT,REJECTED,REWARD_RISK_BELOW_MINIMUM,2025-09-08T17:16:00Z,True,15,106,91,111850.8,112888,216.05,21.605
BS-2025-09-09T00:15:00+00:00-72c7589e517d,B,SHORT,box-2025-09-08T21:00:00+00:00-be96e0a05e8f,2025-09-09T00:30:00Z,,,,2025-09-09T01:15:00Z,False,,0,EXPIRE,EXPIRED,BOX_RETIRED:BOX_EXPIRY,2025-09-09T01:15:00Z,True,,45,,,,164.1,16.41
AS-2025-09-09T00:45:00+00:00-1fe7a8d9dff6,A,SHORT,,2025-09-09T01:00:00Z,FALSE_TO_TRUE,READY,READY,2025-09-09T03:00:00Z,False,,0,EXPIRE,EXPIRED,SPENT_HIGH_BEYOND_B_BEFORE_REACTION,2025-09-09T01:30:00Z,True,,30,,112241.6,111430,139.1,13.91
AS-2025-09-09T14:45:00+00:00-3d10f1592486,A,SHORT,,2025-09-09T15:00:00Z,FALSE_TO_TRUE,READY,READY,2025-09-09T17:00:00Z,False,,0,EXPIRE,EXPIRED,SPENT_HIGH_BEYOND_B_BEFORE_REACTION,2025-09-09T15:15:00Z,True,,15,,112915.1,111482,261.2,26.12
AS-2025-09-09T16:15:00+00:00-306fbda65243,A,SHORT,,2025-09-09T16:30:00Z,FALSE_TO_TRUE,READY,READY,2025-09-09T18:30:00Z,True,2025-09-09T16:45:00Z,0,REJECT,REJECTED,NO_ROOM_AFTER_COSTS,2025-09-09T16:50:00Z,True,15,20,5,111882.2,110724.1,298.55,29.855
BL-2025-09-10T05:30:00+00:00-b510453b9808,B,LONG,box-2025-09-10T04:00:00+00:00-3dc8232b0726,2025-09-10T05:45:00Z,,,,2025-09-10T06:45:00Z,False,,0,WITHDRAW,WITHDRAWN,RETURNED_INSIDE_BEFORE_RETEST,2025-09-10T06:00:00Z,True,,15,,,,195.3,19.53
CS-2025-09-10T05:45:00+00:00-c559c65982b9,C,SHORT,box-2025-09-10T04:00:00+00:00-3dc8232b0726,2025-09-10T06:00:00Z,,,,2025-09-10T06:30:00Z,True,2025-09-10T06:00:00Z,0,REJECT,REJECTED,NO_ROOM_AFTER_COSTS,2025-09-10T06:01:00Z,True,0,1,1,,,195.3,19.53
AL-2025-09-10T07:45:00+00:00-dc55811813da,A,LONG,,2025-09-10T08:00:00Z,FALSE_TO_TRUE,READY,READY,2025-09-10T10:00:00Z,False,,0,EXPIRE,EXPIRED,SPENT_HIGH_BEYOND_B_BEFORE_REACTION,2025-09-10T08:15:00Z,True,,15,,111445.1,112544,186.95,18.695
AL-2025-09-10T12:30:00+00:00-73f773643a6a,A,LONG,,2025-09-10T12:45:00Z,FALSE_TO_TRUE,READY,READY,2025-09-10T14:45:00Z,False,,0,EXPIRE,EXPIRED,SPENT_HIGH_BEYOND_B_BEFORE_REACTION,2025-09-10T13:15:00Z,True,,30,,112132.4,113510,190.15,19.015
BL-2025-09-10T12:30:00+00:00-7585b8eac7dd,B,LONG,box-2025-09-10T10:45:00+00:00-ade34844e41a,2025-09-10T12:45:00Z,,,,2025-09-10T13:45:00Z,False,,0,EXPIRE,EXPIRED,ATTEMPT_DEADLINE,2025-09-10T13:45:00Z,True,,60,,,,233.55,23.355
AL-2025-09-10T20:30:00+00:00-47a63692f0c3,A,LONG,,2025-09-10T20:45:00Z,FALSE_TO_TRUE,READY,READY,2025-09-10T22:45:00Z,False,,0,WITHDRAW,WITHDRAWN,CONTEXT_OR_ADVERSE_EXPANSION:BALANCED/TRANSITION:None,2025-09-10T21:00:00Z,True,,15,,113105,113845,235.65,23.565
BL-2025-09-10T22:15:00+00:00-0883f0a65cbf,B,LONG,box-2025-09-10T21:45:00+00:00-9fb364861c00,2025-09-10T22:30:00Z,,,,2025-09-10T23:30:00Z,False,,0,WITHDRAW,WITHDRAWN,RETURNED_INSIDE_BEFORE_RETEST,2025-09-10T22:45:00Z,True,,15,,,,247.1,24.71
CS-2025-09-10T22:30:00+00:00-5f572892c0c5,C,SHORT,box-2025-09-10T21:45:00+00:00-9fb364861c00,2025-09-10T22:45:00Z,,,,2025-09-10T23:15:00Z,True,2025-09-10T22:45:00Z,0,EXPIRE,EXPIRED,ATTEMPT_DEADLINE,2025-09-10T23:15:00Z,True,0,30,30,,,247.1,24.71
AL-2025-09-11T03:45:00+00:00-919947d0cc1a,A,LONG,,2025-09-11T04:00:00Z,FALSE_TO_TRUE,READY,READY,2025-09-11T06:00:00Z,True,2025-09-11T04:15:00Z,3,REJECT,REJECTED,REWARD_RISK_BELOW_MINIMUM,2025-09-11T05:10:00Z,True,15,70,55,113666.7,114395,185.15,18.515
AL-2025-09-11T06:30:00+00:00-0be26642e22e,A,LONG,,2025-09-11T06:45:00Z,FALSE_TO_TRUE,READY,READY,2025-09-11T08:45:00Z,False,,0,EXPIRE,EXPIRED,SPENT_HIGH_BEYOND_B_BEFORE_REACTION,2025-09-11T07:00:00Z,True,,15,,113886.7,114358,171.75,17.175
AL-2025-09-11T23:45:00+00:00-995830f29dd0,A,LONG,,2025-09-12T00:00:00Z,FALSE_TO_TRUE,READY,READY,2025-09-12T02:00:00Z,False,,0,EXPIRE,EXPIRED,SPENT_HIGH_BEYOND_B_BEFORE_REACTION,2025-09-12T00:15:00Z,True,,15,,114499,115449.4,139.35,13.935
AL-2025-09-12T16:45:00+00:00-55d84d9dab75,A,LONG,,2025-09-12T17:00:00Z,FALSE_TO_TRUE,READY,READY,2025-09-12T19:00:00Z,False,,0,EXPIRE,EXPIRED,SPENT_HIGH_BEYOND_B_BEFORE_REACTION,2025-09-12T17:15:00Z,True,,15,,114879.9,115474.3,241.35,24.135
AL-2025-09-12T19:15:00+00:00-4bd94cde9ca5,A,LONG,,2025-09-12T19:30:00Z,FALSE_TO_TRUE,READY,READY,2025-09-12T21:30:00Z,True,2025-09-12T19:45:00Z,0,REJECT,REJECTED,AT_OPPOSING_AREA,2025-09-12T19:54:00Z,True,15,24,9,115696.6,116520,227.1,22.71
CS-2025-09-13T08:30:00+00:00-6ff0f4ac6d7a,C,SHORT,box-2025-09-13T06:30:00+00:00-3c52f1f366e7,2025-09-13T08:45:00Z,,,,2025-09-13T09:15:00Z,False,,0,WITHDRAW,WITHDRAWN,DIRECTIONAL_EXPANSION_AT_BIRTH:UP,2025-09-13T08:45:00Z,True,,0,,,,104.75,10.475
BL-2025-09-13T09:45:00+00:00-3df01fe3650a,B,LONG,box-2025-09-13T06:30:00+00:00-3c52f1f366e7,2025-09-13T10:00:00Z,,,,2025-09-13T10:45:00Z,True,2025-09-13T10:30:00Z,0,REJECT,REJECTED,REWARD_RISK_BELOW_MINIMUM,2025-09-13T10:31:00Z,True,30,31,1,,,104.75,10.475
AS-2025-09-13T16:45:00+00:00-ef6166424e01,A,SHORT,,2025-09-13T17:00:00Z,FALSE_TO_TRUE,READY,READY,2025-09-13T19:00:00Z,True,2025-09-13T17:30:00Z,2,REJECT,REJECTED,REWARD_RISK_BELOW_MINIMUM,2025-09-13T18:03:00Z,True,30,63,33,115882.4,115077,137,13.7
CS-2025-09-13T23:15:00+00:00-fcd3880c2d81,C,SHORT,box-2025-09-13T22:45:00+00:00-6062b2bb0a33,2025-09-13T23:30:00Z,,,,2025-09-14T00:00:00Z,True,2025-09-13T23:30:00Z,0,REJECT,REJECTED,NO_ROOM_AFTER_COSTS,2025-09-13T23:31:00Z,True,0,1,1,,,97.05,9.705
BL-2025-09-14T02:00:00+00:00-7990505b2fe0,B,LONG,box-2025-09-13T22:45:00+00:00-6062b2bb0a33,2025-09-14T02:15:00Z,,,,2025-09-14T03:00:00Z,True,2025-09-14T02:30:00Z,0,WITHDRAW,WITHDRAWN,RETURNED_INSIDE_BEFORE_RETEST,2025-09-14T02:45:00Z,True,15,30,15,,,97.05,9.705
AS-2025-09-14T13:45:00+00:00-def8f6f9dd2d,A,SHORT,,2025-09-14T14:00:00Z,FALSE_TO_TRUE,READY,READY,2025-09-14T16:00:00Z,True,2025-09-14T14:15:00Z,0,REJECT,REJECTED,NO_ROOM_AFTER_COSTS,2025-09-14T14:38:00Z,True,15,38,23,115809.7,115180.9,118.45,11.845
AS-2025-09-14T18:45:00+00:00-5d17197faa3b,A,SHORT,,2025-09-14T19:00:00Z,FALSE_TO_TRUE,READY,READY,2025-09-14T21:00:00Z,False,,0,EXPIRE,EXPIRED,SPENT_HIGH_BEYOND_B_BEFORE_REACTION,2025-09-14T19:15:00Z,True,,15,,115620,115332.2,127.1,12.71
BL-2025-09-14T20:00:00+00:00-dec8367fb61f,B,LONG,box-2025-09-14T18:15:00+00:00-fcdfebcb7c7d,2025-09-14T20:15:00Z,,,,2025-09-14T21:15:00Z,False,,0,EXPIRE,EXPIRED,ATTEMPT_DEADLINE,2025-09-14T21:15:00Z,True,,60,,,,174.6,17.46
AL-2025-09-14T21:45:00+00:00-9cf96f90a504,A,LONG,,2025-09-14T22:00:00Z,FALSE_TO_TRUE,READY,READY,2025-09-15T00:00:00Z,True,2025-09-14T22:15:00Z,1,REJECT,REJECTED,NO_ROOM_AFTER_COSTS,2025-09-14T22:42:00Z,True,15,42,27,115564.5,116055,100.2,10.02
AL-2025-09-16T20:00:00+00:00-097dc56bf066,A,LONG,,2025-09-16T20:15:00Z,FALSE_TO_TRUE,READY,READY,2025-09-16T22:15:00Z,False,,0,EXPIRE,EXPIRED,SPENT_HIGH_BEYOND_B_BEFORE_REACTION,2025-09-16T20:30:00Z,True,,15,,116178.3,116838,260.3,26.03
AS-2025-09-17T03:45:00+00:00-d42fb2598ddc,A,SHORT,,2025-09-17T04:00:00Z,FALSE_TO_TRUE,READY,READY,2025-09-17T06:00:00Z,True,2025-09-17T04:15:00Z,0,REJECT,REJECTED,AT_OPPOSING_AREA,2025-09-17T04:17:00Z,True,15,17,2,117050.2,116300.1,141.45,14.145
AS-2025-09-17T14:45:00+00:00-326bed067544,A,SHORT,,2025-09-17T15:00:00Z,FALSE_TO_TRUE,READY,READY,2025-09-17T17:00:00Z,True,2025-09-17T15:15:00Z,3,REJECT,REJECTED,REWARD_RISK_BELOW_MINIMUM,2025-09-17T16:04:00Z,True,15,64,49,116285.8,115393,164.75,16.475
AL-2025-09-17T22:45:00+00:00-46e0468c7e0a,A,LONG,,2025-09-17T23:00:00Z,FALSE_TO_TRUE,READY,READY,2025-09-18T01:00:00Z,False,,0,EXPIRE,EXPIRED,SPENT_HIGH_BEYOND_B_BEFORE_REACTION,2025-09-17T23:15:00Z,True,,15,,115651.7,116797.3,309.85,30.985
AL-2025-09-18T01:30:00+00:00-6320ad231827,A,LONG,,2025-09-18T01:45:00Z,FALSE_TO_TRUE,READY,READY,2025-09-18T03:45:00Z,True,2025-09-18T02:00:00Z,1,REJECT,REJECTED,NO_ROOM_AFTER_COSTS,2025-09-18T02:17:00Z,True,15,32,17,116044,116821.6,274.3,27.43
AL-2025-09-18T03:15:00+00:00-3f1dbd25cde5,A,LONG,,2025-09-18T03:30:00Z,FALSE_TO_TRUE,READY,READY,2025-09-18T05:30:00Z,False,,0,EXPIRE,EXPIRED,SPENT_HIGH_BEYOND_B_BEFORE_REACTION,2025-09-18T03:45:00Z,True,,15,,116396.3,117773.1,285.35,28.535
AL-2025-09-18T16:30:00+00:00-49141317a19a,A,LONG,,2025-09-18T16:45:00Z,FALSE_TO_TRUE,READY,READY,2025-09-18T18:45:00Z,False,,0,WITHDRAW,WITHDRAWN,CONTEXT_OR_ADVERSE_EXPANSION:BALANCED/TRANSITION:None,2025-09-18T17:00:00Z,True,,15,,117270,117767,224.8,22.48
AS-2025-09-18T22:45:00+00:00-474bf9785739,A,SHORT,,2025-09-18T23:00:00Z,FALSE_TO_TRUE,READY,READY,2025-09-19T01:00:00Z,False,,0,EXPIRE,EXPIRED,SPENT_HIGH_BEYOND_B_BEFORE_REACTION,2025-09-18T23:15:00Z,True,,15,,117398,117000,157.6,15.76
AS-2025-09-19T09:45:00+00:00-6d907a598610,A,SHORT,,2025-09-19T10:00:00Z,FALSE_TO_TRUE,READY,READY,2025-09-19T12:00:00Z,False,,0,EXPIRE,EXPIRED,SPENT_HIGH_BEYOND_B_BEFORE_REACTION,2025-09-19T10:15:00Z,True,,15,,117068.8,116438.7,136.45,13.645
AS-2025-09-19T14:45:00+00:00-fa69176ad42c,A,SHORT,,2025-09-19T15:00:00Z,FALSE_TO_TRUE,READY,READY,2025-09-19T17:00:00Z,False,,0,EXPIRE,EXPIRED,SPENT_HIGH_BEYOND_B_BEFORE_REACTION,2025-09-19T15:15:00Z,True,,15,,116427,115712,138.15,13.815
AS-2025-09-19T17:30:00+00:00-8f6d393858f1,A,SHORT,,2025-09-19T17:45:00Z,FALSE_TO_TRUE,READY,READY,2025-09-19T19:45:00Z,False,,0,EXPIRE,EXPIRED,SPENT_HIGH_BEYOND_B_BEFORE_REACTION,2025-09-19T18:00:00Z,True,,15,,116076,115540,228.05,22.805
CL-2025-09-20T03:45:00+00:00-e04034b34d46,C,LONG,box-2025-09-20T03:15:00+00:00-0b13144374bd,2025-09-20T04:00:00Z,,,,2025-09-20T04:30:00Z,False,,0,WITHDRAW,WITHDRAWN,CONTEXT_NOT_BALANCED_AT_BIRTH:UP,2025-09-20T04:00:00Z,True,,0,,,,93.35,9.335
AL-2025-09-20T07:45:00+00:00-5e8c81fa48ff,A,LONG,,2025-09-20T08:00:00Z,FALSE_TO_TRUE,READY,READY,2025-09-20T10:00:00Z,True,2025-09-20T08:15:00Z,1,REJECT,REJECTED,NO_ROOM_AFTER_COSTS,2025-09-20T08:40:00Z,True,15,40,25,115563.5,115913,58.0,5.80
AS-2025-09-20T23:00:00+00:00-a337480b00da,A,SHORT,,2025-09-20T23:15:00Z,FALSE_TO_TRUE,READY,READY,2025-09-21T01:15:00Z,False,,0,EXPIRE,EXPIRED,SPENT_HIGH_BEYOND_B_BEFORE_REACTION,2025-09-20T23:30:00Z,True,,15,,115868.9,115662.9,67.25,6.725
AS-2025-09-20T23:30:00+00:00-a0ed2f52c00f,A,SHORT,,2025-09-20T23:45:00Z,FALSE_TO_TRUE,READY,READY,2025-09-21T01:45:00Z,True,2025-09-21T00:00:00Z,1,REJECT,REJECTED,NO_ROOM_AFTER_COSTS,2025-09-21T00:20:00Z,True,15,35,20,115726.2,115539.5,56.65,5.665
AS-2025-09-21T01:30:00+00:00-2522286c6d33,A,SHORT,,2025-09-21T01:45:00Z,FALSE_TO_TRUE,READY,READY,2025-09-21T03:45:00Z,False,,0,EXPIRE,EXPIRED,SPENT_HIGH_BEYOND_B_BEFORE_REACTION,2025-09-21T02:00:00Z,True,,15,,115670.1,115490.2,52.65,5.265
AS-2025-09-21T16:30:00+00:00-dde366b21151,A,SHORT,,2025-09-21T16:45:00Z,FALSE_TO_TRUE,READY,READY,2025-09-21T18:45:00Z,False,,0,EXPIRE,EXPIRED,SPENT_HIGH_BEYOND_B_BEFORE_REACTION,2025-09-21T17:00:00Z,True,,15,,115565.7,115232.9,79.8,7.98
AS-2025-09-21T17:00:00+00:00-878703746215,A,SHORT,,2025-09-21T17:15:00Z,FALSE_TO_TRUE,READY,READY,2025-09-21T19:15:00Z,True,2025-09-21T17:30:00Z,0,WITHDRAW,WITHDRAWN,CLOSE_AT_OR_BEYOND_A_PLUS_ZONE,2025-09-21T18:00:00Z,True,15,45,30,115565.7,115150.7,90.35,9.035
AS-2025-09-22T00:45:00+00:00-2ed275027d1d,A,SHORT,,2025-09-22T01:00:00Z,FALSE_TO_TRUE,READY,READY,2025-09-22T03:00:00Z,True,2025-09-22T01:15:00Z,2,REJECT,REJECTED,NO_ROOM_AFTER_COSTS,2025-09-22T01:53:00Z,True,15,53,38,115332,114209,150.05,15.005
AS-2025-09-22T05:45:00+00:00-bd798c426a62,A,SHORT,,2025-09-22T06:00:00Z,FALSE_TO_TRUE,READY,READY,2025-09-22T08:00:00Z,False,,0,EXPIRE,EXPIRED,SPENT_HIGH_BEYOND_B_BEFORE_REACTION,2025-09-22T06:15:00Z,True,,15,,114536.8,113529.4,216.15,21.615
AS-2025-09-22T09:00:00+00:00-56ac861b1f05,A,SHORT,,2025-09-22T09:15:00Z,FALSE_TO_TRUE,READY,READY,2025-09-22T11:15:00Z,False,,0,EXPIRE,EXPIRED,SPENT_HIGH_BEYOND_B_BEFORE_REACTION,2025-09-22T09:30:00Z,True,,15,,112949,112371.2,237.55,23.755
AL-2025-09-23T09:00:00+00:00-2439056f0264,A,LONG,,2025-09-23T09:15:00Z,FALSE_TO_TRUE,READY,READY,2025-09-23T11:15:00Z,True,2025-09-23T09:30:00Z,1,WITHDRAW,WITHDRAWN,CLOSE_AT_OR_BEYOND_A_PLUS_ZONE,2025-09-23T10:30:00Z,True,15,75,60,112843.3,113216,192.55,19.255
AS-2025-09-23T17:45:00+00:00-3e14b8bfc95f,A,SHORT,,2025-09-23T18:00:00Z,FALSE_TO_TRUE,READY,READY,2025-09-23T20:00:00Z,True,2025-09-23T18:15:00Z,0,REJECT,REJECTED,AT_OPPOSING_AREA,2025-09-23T18:22:00Z,True,15,22,7,112916.7,111828.4,291.75,29.175
AS-2025-09-23T19:30:00+00:00-059ff03e54c0,A,SHORT,,2025-09-23T19:45:00Z,FALSE_TO_TRUE,READY,READY,2025-09-23T21:45:00Z,False,,0,EXPIRE,EXPIRED,SPENT_HIGH_BEYOND_B_BEFORE_REACTION,2025-09-23T20:00:00Z,True,,15,,112161.8,111568.6,284.1,28.41
AL-2025-09-24T11:45:00+00:00-af561cf95173,A,LONG,,2025-09-24T12:00:00Z,FALSE_TO_TRUE,READY,READY,2025-09-24T14:00:00Z,True,2025-09-24T12:30:00Z,0,REJECT,REJECTED,NO_ROOM_AFTER_COSTS,2025-09-24T12:37:00Z,True,30,37,7,112614.4,113110.5,159.65,15.965
AL-2025-09-24T15:15:00+00:00-a44272dd4656,A,LONG,,2025-09-24T15:30:00Z,FALSE_TO_TRUE,READY,READY,2025-09-24T17:30:00Z,True,2025-09-24T16:00:00Z,1,REJECT,REJECTED,REWARD_RISK_BELOW_MINIMUM,2025-09-24T16:19:00Z,True,30,49,19,112752.9,113850,170.45,17.045
AL-2025-09-24T17:30:00+00:00-80c7ddec66be,A,LONG,,2025-09-24T17:45:00Z,FALSE_TO_TRUE,READY,READY,2025-09-24T19:45:00Z,True,2025-09-24T18:00:00Z,2,REJECT,REJECTED,REWARD_RISK_BELOW_MINIMUM,2025-09-24T18:41:00Z,True,15,56,41,113080,113887,270.55,27.055
AS-2025-09-25T01:30:00+00:00-afd27743067e,A,SHORT,,2025-09-25T01:45:00Z,FALSE_TO_TRUE,READY,READY,2025-09-25T03:45:00Z,False,,0,EXPIRE,EXPIRED,SPENT_HIGH_BEYOND_B_BEFORE_REACTION,2025-09-25T02:00:00Z,True,,15,,113481.6,112600.8,222.7,22.27
AS-2025-09-25T04:00:00+00:00-665de578e694,A,SHORT,,2025-09-25T04:15:00Z,FALSE_TO_TRUE,READY,READY,2025-09-25T06:15:00Z,False,,0,EXPIRE,EXPIRED,SPENT_HIGH_BEYOND_B_BEFORE_REACTION,2025-09-25T04:30:00Z,True,,15,,113150,112152.4,289.35,28.935
AS-2025-09-25T06:45:00+00:00-26830f40a487,A,SHORT,,2025-09-25T07:00:00Z,FALSE_TO_TRUE,READY,READY,2025-09-25T09:00:00Z,False,,0,EXPIRE,EXPIRED,SPENT_HIGH_BEYOND_B_BEFORE_REACTION,2025-09-25T07:15:00Z,True,,15,,112002,111455,273.15,27.315
AS-2025-09-25T11:45:00+00:00-514d411f83e5,A,SHORT,,2025-09-25T12:00:00Z,FALSE_TO_TRUE,READY,READY,2025-09-25T14:00:00Z,True,2025-09-25T12:15:00Z,0,REJECT,REJECTED,NO_ROOM_AFTER_COSTS,2025-09-25T12:30:00Z,True,15,30,15,111819.2,111214.1,228.45,22.845
AS-2025-09-25T17:00:00+00:00-2cd50bc54d7f,A,SHORT,,2025-09-25T17:15:00Z,FALSE_TO_TRUE,READY,READY,2025-09-25T19:15:00Z,False,,0,EXPIRE,EXPIRED,SPENT_HIGH_BEYOND_B_BEFORE_REACTION,2025-09-25T17:30:00Z,True,,15,,111623.7,110088,435.7,43.57
BS-2025-09-25T17:00:00+00:00-265ee17d7dd2,B,SHORT,box-2025-09-25T16:45:00+00:00-8028161549f0,2025-09-25T17:15:00Z,,,,2025-09-25T18:15:00Z,False,,0,EXPIRE,EXPIRED,ATTEMPT_DEADLINE,2025-09-25T18:15:00Z,True,,60,,,,413.4,41.34
AS-2025-09-25T20:45:00+00:00-872710567fa6,A,SHORT,,2025-09-25T21:00:00Z,FALSE_TO_TRUE,READY,READY,2025-09-25T23:00:00Z,True,2025-09-25T21:15:00Z,0,REJECT,REJECTED,NO_ROOM_AFTER_COSTS,2025-09-25T21:33:00Z,True,15,33,18,109934.7,109003.7,352.4,35.24
AS-2025-09-25T23:30:00+00:00-eed105e99c64,A,SHORT,,2025-09-25T23:45:00Z,FALSE_TO_TRUE,READY,READY,2025-09-26T01:45:00Z,True,2025-09-26T00:15:00Z,1,REJECT,REJECTED,REWARD_RISK_BELOW_MINIMUM,2025-09-26T00:32:00Z,True,30,47,17,109625.4,108688,277.6,27.76
CL-2025-09-26T06:00:00+00:00-bb5703ca8e87,C,LONG,box-2025-09-26T05:00:00+00:00-55d21abed4f4,2025-09-26T06:15:00Z,,,,2025-09-26T06:45:00Z,True,2025-09-26T06:15:00Z,0,REJECT,REJECTED,REWARD_RISK_BELOW_MINIMUM,2025-09-26T06:16:00Z,True,0,1,1,,,188.35,18.835
BS-2025-09-26T07:30:00+00:00-3ef579c0f4e5,B,SHORT,box-2025-09-26T05:00:00+00:00-55d21abed4f4,2025-09-26T07:45:00Z,,,,2025-09-26T08:45:00Z,False,,0,WITHDRAW,WITHDRAWN,RETURNED_INSIDE_BEFORE_RETEST,2025-09-26T08:00:00Z,True,,15,,,,188.35,18.835
AS-2025-09-26T10:45:00+00:00-0fae38f17b72,A,SHORT,,2025-09-26T11:00:00Z,FALSE_TO_TRUE,READY,READY,2025-09-26T13:00:00Z,False,,0,EXPIRE,EXPIRED,SPENT_HIGH_BEYOND_B_BEFORE_REACTION,2025-09-26T11:30:00Z,True,,30,,109649.9,108655,250.65,25.065
AS-2025-09-27T08:45:00+00:00-f7d59cf97762,A,SHORT,,2025-09-27T09:00:00Z,FALSE_TO_TRUE,READY,READY,2025-09-27T11:00:00Z,False,,0,EXPIRE,EXPIRED,SPENT_HIGH_BEYOND_B_BEFORE_REACTION,2025-09-27T09:15:00Z,True,,15,,109520,109187.4,74.95,7.495
AS-2025-09-27T09:15:00+00:00-e32db456d17e,A,SHORT,,2025-09-27T09:30:00Z,FALSE_TO_TRUE,READY,READY,2025-09-27T11:30:00Z,True,2025-09-27T09:45:00Z,1,WITHDRAW,WITHDRAWN,CONTEXT_OR_ADVERSE_EXPANSION:BALANCED/ROTATION:None,2025-09-27T10:00:00Z,True,15,30,15,109371.4,109013.5,74.95,7.495
AL-2025-09-28T14:00:00+00:00-0f15f0a1291f,A,LONG,,2025-09-28T14:15:00Z,FALSE_TO_TRUE,READY,READY,2025-09-28T16:15:00Z,False,,0,EXPIRE,EXPIRED,SPENT_HIGH_BEYOND_B_BEFORE_REACTION,2025-09-28T14:30:00Z,True,,15,,109150,109647.1,120.15,12.015
AL-2025-09-28T14:45:00+00:00-ec539247d03d,A,LONG,,2025-09-28T15:00:00Z,FALSE_TO_TRUE,READY,READY,2025-09-28T17:00:00Z,False,,0,EXPIRE,EXPIRED,SPENT_HIGH_BEYOND_B_BEFORE_REACTION,2025-09-28T15:15:00Z,True,,15,,109326,109850,120.15,12.015
AL-2025-09-28T15:30:00+00:00-96423fd76727,A,LONG,,2025-09-28T15:45:00Z,FALSE_TO_TRUE,READY,READY,2025-09-28T17:45:00Z,False,,0,EXPIRE,EXPIRED,SPENT_HIGH_BEYOND_B_BEFORE_REACTION,2025-09-28T16:00:00Z,True,,15,,109453.4,109881,133.65,13.365
AL-2025-09-28T16:30:00+00:00-b5323c111e3f,A,LONG,,2025-09-28T16:45:00Z,FALSE_TO_TRUE,READY,READY,2025-09-28T18:45:00Z,True,2025-09-28T17:30:00Z,0,REJECT,REJECTED,NO_ROOM_AFTER_COSTS,2025-09-28T17:42:00Z,True,45,57,12,109654,110355.8,141.05,14.105
AL-2025-09-28T20:30:00+00:00-6b9f449ad07a,A,LONG,,2025-09-28T20:45:00Z,FALSE_TO_TRUE,READY,READY,2025-09-28T22:45:00Z,True,2025-09-28T21:00:00Z,2,REJECT,REJECTED,REWARD_RISK_BELOW_MINIMUM,2025-09-28T21:50:00Z,True,15,65,50,110056.4,110876,192.35,19.235
AL-2025-09-28T22:15:00+00:00-eb922428ac38,A,LONG,,2025-09-28T22:30:00Z,FALSE_TO_TRUE,READY,READY,2025-09-29T00:30:00Z,False,,0,EXPIRE,EXPIRED,SPENT_HIGH_BEYOND_B_BEFORE_REACTION,2025-09-28T22:45:00Z,True,,15,,110575,111770.9,167.9,16.79
CL-2025-09-29T05:15:00+00:00-8cbf5eabd174,C,LONG,box-2025-09-29T03:30:00+00:00-98f5c5b37cb0,2025-09-29T05:30:00Z,,,,2025-09-29T06:00:00Z,False,,0,WITHDRAW,WITHDRAWN,CONTEXT_NOT_BALANCED_AT_BIRTH:UP,2025-09-29T05:30:00Z,True,,0,,,,237.65,23.765
AL-2025-09-29T14:00:00+00:00-81847f1d38a2,A,LONG,,2025-09-29T14:15:00Z,FALSE_TO_TRUE,READY,READY,2025-09-29T16:15:00Z,False,,0,EXPIRE,EXPIRED,SPENT_HIGH_BEYOND_B_BEFORE_REACTION,2025-09-29T14:30:00Z,True,,15,,111854.3,113766,207.75,20.775
AL-2025-09-30T00:00:00+00:00-ade4e2b0e4d7,A,LONG,,2025-09-30T00:15:00Z,FALSE_TO_TRUE,READY,READY,2025-09-30T02:15:00Z,True,2025-09-30T00:30:00Z,0,REJECT,REJECTED,NO_ROOM_AFTER_COSTS,2025-09-30T00:36:00Z,True,15,21,6,113959.6,114406.8,160.1,16.01
CS-2025-09-30T00:00:00+00:00-43e6a279f0f4,C,SHORT,box-2025-09-29T21:45:00+00:00-a2abaf839254,2025-09-30T00:15:00Z,,,,2025-09-30T00:45:00Z,False,,0,WITHDRAW,WITHDRAWN,CONTEXT_NOT_BALANCED_AT_BIRTH:UP,2025-09-30T00:15:00Z,True,,0,,,,179.0,17.90
BL-2025-09-30T00:45:00+00:00-286db2bc040f,B,LONG,box-2025-09-29T21:45:00+00:00-a2abaf839254,2025-09-30T01:00:00Z,,,,2025-09-30T02:00:00Z,True,2025-09-30T01:45:00Z,0,EXPIRE,EXPIRED,BOX_RETIRED:BOX_EXPIRY,2025-09-30T02:00:00Z,True,45,60,15,,,179.0,17.90
AL-2025-09-30T01:00:00+00:00-324ed8b6b1da,A,LONG,,2025-09-30T01:15:00Z,FALSE_TO_TRUE,READY,READY,2025-09-30T03:15:00Z,True,2025-09-30T01:30:00Z,2,REJECT,REJECTED,REWARD_RISK_BELOW_MINIMUM,2025-09-30T02:02:00Z,True,15,47,32,113980,114786.2,160.1,16.01
AS-2025-09-30T08:30:00+00:00-232c7dd9caf0,A,SHORT,,2025-09-30T08:45:00Z,FALSE_TO_TRUE,READY,READY,2025-09-30T10:45:00Z,False,,0,EXPIRE,EXPIRED,SPENT_HIGH_BEYOND_B_BEFORE_REACTION,2025-09-30T09:15:00Z,True,,30,,113957.5,113308.7,158.5,15.85
AL-2025-09-30T19:45:00+00:00-bdb4faa96175,A,LONG,,2025-09-30T20:00:00Z,FALSE_TO_TRUE,READY,READY,2025-09-30T22:00:00Z,True,2025-09-30T20:15:00Z,0,REJECT,REJECTED,NO_ROOM_AFTER_COSTS,2025-09-30T20:55:00Z,True,15,55,40,113287.6,114514.3,259.9,25.99
