attempt_id,family,direction,owner_id,birth_published_at,first_arm_published_at,latest_arm_or_revise,latest_arm_published_at,revisions_before_trigger,trigger_published_at,actionability_seq,factual_cursor,deadline,minutes_birth_to_arm,minutes_latest_arm_to_trigger,frozen_s15,S15_at_trigger_DERIVED_PINNED_BAR,frozen_zone_halfwidth,impulse_A,impulse_B,reaction_at_latest_arm,box_low,box_up,box_mid,K_trigger_level,min_confirmation_price_DERIVED,evaluated_side_price,V_DERIVED,T_DERIVED,K_cost_bps,G_bps,Q_bps,margin_bps,zero_risk_floor_bps,G_below_zero_risk_floor,structural_area,admissible_bounds,blockers,limiting_type,limiting_id,target_type_reconstructed,containing_zones_at_trigger,original_blocking_zone_identity,T_at_min_confirmation_same_zone_set_DERIVED,trigger_bound,trigger_class,min_confirmation_beyond_bound_bps,actual_beyond_min_confirmation_bps,T_minus_V_span_bps_at_V,arm_T_DERIVED,arm_bound,arm_class,zones_added_arm_to_trigger,zones_removed_arm_to_trigger,room_from_impulse_B_to_trigger_T_bps_DERIVED,room_from_reaction_to_trigger_T_bps_DERIVED,T_is_own_impulse_B_near_edge,reconstruction_consistent,G_Q_margin_regenerated_exactly,structural_area_regenerated_matches,classification
AL-2025-09-01T18:45:00+00:00-bcbe300ff3b6,A,LONG,,2025-09-01T19:00:00Z,2025-09-01T19:15:00Z,ARM,2025-09-01T19:15:00Z,0,2025-09-01T19:25:00Z,839,20775,2025-09-01T21:00:00Z,15,10,283.55,283.55,28.355,108431.5,109244.6,109132.3,,,,109263.8,109263.9,109271.2,,,14,,,,,,,,AT_OPPOSING_AREA,,,,lm-pv15m-H-2025-09-01T14:15:00+00:00-2b29e3f172aa;AL-2025-09-01T18:45:00+00:00-bcbe300ff3b6#B,AMBIGUOUS_MULTIPLE_CONTAINING_ORIGINAL_CHOICE_LOST,,,,,,,,,,,,,,,True,,,INSIDE_OPPOSING_ZONE_REFUSAL
CS-2025-09-03T00:30:00+00:00-bb9cc4a9db6b,C,SHORT,box-2025-09-02T23:00:00+00:00-8ab787b1d988,2025-09-03T00:45:00Z,2025-09-03T00:45:00Z,ARM,2025-09-03T00:45:00Z,0,2025-09-03T00:46:00Z,1097,26058,2025-09-03T01:15:00Z,0,1,246.2,222.65,24.62,,,,110392.2,111490.6,110941.4,111355.2,111355.1,111338.9,111655.7,110974.8,14,32.701957716485433213369271656177670158408247252308,28.453667137002431315559970504468788536621073137960,-32.24244284791748436530269295,30.8,False,111283.3;111394.5,,REWARD_RISK_BELOW_MINIMUM,PIVOT_LOW_15M,lm-pv15m-L-2025-09-02T23:30:00+00:00-584812864b9b,LANDMARK,,,110974.8,111502.4,INCOMPATIBLE_AT_MINIMUM_CONFIRMATION,13.2280,1.4548,60.9821,110974.8,111502.4,INCOMPATIBLE_AT_MINIMUM_CONFIRMATION,,,,,,True,True,True,INCOMPATIBLE_AT_MINIMUM_CONFIRMATION
AL-2025-09-03T14:30:00+00:00-402afe18571e,A,LONG,,2025-09-03T14:45:00Z,2025-09-03T15:00:00Z,REVISE,2025-09-03T15:30:00Z,1,2025-09-03T15:37:00Z,1224,28731,2025-09-03T16:45:00Z,15,7,239.45,288.35,23.945,111013.1,112465,111850,,,,112150,112150.1,112173,111826.0,112437.4,14,23.570734490474534870245067886211476915122177351056,30.934360318436700453763383345368315013416775872982,-44.35049789164950567427099212,30.8,True,112101.0;112245.0,,REWARD_RISK_BELOW_MINIMUM,PIVOT_HIGH_15M,lm-pv15m-H-2025-09-03T14:30:00+00:00-80c537d0238f,LANDMARK,,,112437.4,111947.1,INCOMPATIBLE_AT_MINIMUM_CONFIRMATION,18.1007,2.0419,54.6742,112437.4,111947.1,INCOMPATIBLE_AT_MINIMUM_CONFIRMATION,,,-2.4541,52.5168,False,True,True,True,INCOMPATIBLE_AT_MINIMUM_CONFIRMATION
AL-2025-09-05T02:15:00+00:00-7ff644c1dfaa,A,LONG,,2025-09-05T02:30:00Z,2025-09-05T03:00:00Z,REVISE,2025-09-05T03:45:00Z,3,2025-09-05T03:47:00Z,1540,35241,2025-09-05T04:30:00Z,30,2,285.65,271.5,28.565,110373.2,111413,111050,,,,111153.2,111153.3,111167.9,111021.4,111384.4,14,19.475046303834110386181622572703091449959925482086,13.178264588968578159702576013399551489233852577947,-27.13887120292818340546146865,30.8,True,111100.1;111235.7,,REWARD_RISK_BELOW_MINIMUM,IMPULSE_B,AL-2025-09-05T02:15:00+00:00-7ff644c1dfaa#B,LANDMARK,,,111384.4,111030.9,INCOMPATIBLE_AT_MINIMUM_CONFIRMATION,11.0118,1.3135,32.6964,111384.4,111030.9,INCOMPATIBLE_AT_MINIMUM_CONFIRMATION,,,-2.5670,30.1126,True,True,True,True,INCOMPATIBLE_AT_MINIMUM_CONFIRMATION
CL-2025-09-06T10:00:00+00:00-2766b97b07a3,C,LONG,box-2025-09-06T07:45:00+00:00-ac31fbc77e6c,2025-09-06T10:15:00Z,2025-09-06T10:15:00Z,ARM,2025-09-06T10:15:00Z,0,2025-09-06T10:40:00Z,1806,40800,2025-09-06T10:45:00Z,0,25,87.15,64.6,8.715,,,,110650,111039.5,110844.75,110735.8,110735.9,110739.8,110629.4,110787.4,14,4.2983642737299507494143930185895224661774718755136,9.9693154583988773683896846481572117702939683835441,-38.46481427634870209265322856,30.8,True,110723.7;110755.9,,NO_ROOM_AFTER_COSTS,PIVOT_HIGH_15M,lm-pv15m-H-2025-09-06T09:45:00+00:00-83d186689414,LANDMARK,,,110787.4,,INCOMPATIBLE_NO_ADMISSIBLE_PRICE,,0.3522,14.2819,110844.7,,INCOMPATIBLE_NO_ADMISSIBLE_PRICE,lm-pv15m-H-2025-09-06T09:45:00+00:00-83d186689414,,,,,True,True,True,INCOMPATIBLE_NO_ADMISSIBLE_PRICE
AL-2025-09-07T01:45:00+00:00-ae317a871b6f,A,LONG,,2025-09-07T02:00:00Z,2025-09-07T02:15:00Z,REVISE,2025-09-07T02:30:00Z,1,2025-09-07T02:32:00Z,1948,43656,2025-09-07T04:00:00Z,15,2,78.45,81.45,7.845,110155.7,110556,110393.7,,,,110480.3,110480.4,110500,110385.8,110547.8,14,4.3257918552036199095022624434389140271493212669683,10.334841628959276018099547511312217194570135746606,-38.87601809954751131221719457,30.8,True,110479.7;110520.3,,NO_ROOM_AFTER_COSTS,PIVOT_HIGH_15M,lm-pv15m-H-2025-09-07T01:45:00+00:00-140f14a15d2c,LANDMARK,,,110547.8,,INCOMPATIBLE_NO_ADMISSIBLE_PRICE,,1.7741,14.6758,110547.8,,INCOMPATIBLE_NO_ADMISSIBLE_PRICE,,,-0.7417,13.9591,False,True,True,True,INCOMPATIBLE_NO_ADMISSIBLE_PRICE
AL-2025-09-07T02:45:00+00:00-54f669337a21,A,LONG,,2025-09-07T03:00:00Z,2025-09-07T03:15:00Z,ARM,2025-09-07T03:15:00Z,0,2025-09-07T03:20:00Z,1962,43800,2025-09-07T05:00:00Z,15,5,84.2,87.35,8.42,110296.5,110657.2,110542.6,,,,110645,110645.1,110648.9,,,14,,,,,,,,AT_OPPOSING_AREA,,,,AL-2025-09-07T02:45:00+00:00-54f669337a21#B,UNIQUE_RECOVERED,,,,,,,,,,,,,,,True,,,INSIDE_OPPOSING_ZONE_REFUSAL
AL-2025-09-07T11:45:00+00:00-b26a349e77e3,A,LONG,,2025-09-07T12:00:00Z,2025-09-07T12:15:00Z,REVISE,2025-09-07T12:30:00Z,1,2025-09-07T12:35:00Z,2048,45465,2025-09-07T14:00:00Z,15,5,149.55,149.55,14.955,110976.3,111246,111005.5,,,,111093.6,111093.7,111108.5,110990.5,111231.0,14,11.025259093588699334434359207441374872309499273233,10.620249575865032828271464379412916203530782973400,-32.51904039744934005949139805,30.8,True,111071.2;111145.8,,NO_ROOM_AFTER_COSTS,PIVOT_HIGH_15M,lm-pv15m-H-2025-09-07T11:00:00+00:00-388fd6a5ef7b,LANDMARK,,,111231.0,,INCOMPATIBLE_NO_ADMISSIBLE_PRICE,,1.3322,21.6685,111231.0,,INCOMPATIBLE_NO_ADMISSIBLE_PRICE,,,-1.3484,20.3143,False,True,True,True,INCOMPATIBLE_NO_ADMISSIBLE_PRICE
AL-2025-09-07T14:30:00+00:00-a3412bb0cf01,A,LONG,,2025-09-07T14:45:00Z,2025-09-07T15:00:00Z,ARM,2025-09-07T15:00:00Z,0,2025-09-07T15:19:00Z,2083,45957,2025-09-07T16:45:00Z,15,19,119.05,116.75,11.905,111000,111368,111060,,,,111213.7,111213.8,111250,,,14,,,,,,,,AT_OPPOSING_AREA,,,,lm-pv15m-H-2025-09-07T11:00:00+00:00-388fd6a5ef7b;lm-pv15m-H-2025-09-07T12:00:00+00:00-23cb061dac80;lm-pv1h-H-2025-09-06T03:00:00+00:00-89eb98e316d0;lm-pv1h-H-2025-09-07T11:00:00+00:00-b0946523e0b7,AMBIGUOUS_MULTIPLE_CONTAINING_ORIGINAL_CHOICE_LOST,,,,,,,,,,,,,,,True,,,INSIDE_OPPOSING_ZONE_REFUSAL
AL-2025-09-08T15:15:00+00:00-1718137de4ca,A,LONG,,2025-09-08T15:30:00Z,2025-09-08T15:45:00Z,REVISE,2025-09-08T17:15:00Z,4,2025-09-08T17:16:00Z,2316,50628,2025-09-08T17:30:00Z,15,1,216.05,247.7,21.605,111850.8,112888,112218,,,,112373.9,112374.0,112382.8,112196.3,112866.3,14,43.022597764070658499343315881077887363546734909613,16.595066148912467032321671999629836594211925668341,-7.69148161462430193944269052,30.8,False,112320.9;112444.7,112320.9;112343.5,REWARD_RISK_BELOW_MINIMUM,IMPULSE_B,AL-2025-09-08T15:15:00+00:00-1718137de4ca#B,LANDMARK,,,112866.3,112343.5,INCOMPATIBLE_AT_MINIMUM_CONFIRMATION,2.7142,0.7831,59.7168,112866.3,112343.5,INCOMPATIBLE_AT_MINIMUM_CONFIRMATION,,,-1.9223,57.7715,True,True,True,True,INCOMPATIBLE_AT_MINIMUM_CONFIRMATION
AS-2025-09-09T16:15:00+00:00-306fbda65243,A,SHORT,,2025-09-09T16:30:00Z,2025-09-09T16:45:00Z,ARM,2025-09-09T16:45:00Z,0,2025-09-09T16:50:00Z,2507,54870,2025-09-09T18:30:00Z,15,5,298.55,298.55,29.855,111882.2,110724.1,111016.7,,,,110892.1,110892.0,110877.8,111046.6,110754.0,14,11.165445201834812739791013169453217866876868047526,15.223967286508209939230395985490332600394307967871,-37.90331554197503918728546201,30.8,True,110803.2;110952.4,,NO_ROOM_AFTER_COSTS,IMPULSE_B,AS-2025-09-09T16:15:00+00:00-306fbda65243#B,LANDMARK,,,110754.0,,INCOMPATIBLE_NO_ADMISSIBLE_PRICE,,1.2805,26.3493,110754.0,,INCOMPATIBLE_NO_ADMISSIBLE_PRICE,,,-2.7004,23.6631,True,True,True,True,INCOMPATIBLE_NO_ADMISSIBLE_PRICE
CS-2025-09-10T05:45:00+00:00-c559c65982b9,C,SHORT,box-2025-09-10T04:00:00+00:00-3dc8232b0726,2025-09-10T06:00:00Z,2025-09-10T06:00:00Z,ARM,2025-09-10T06:00:00Z,0,2025-09-10T06:01:00Z,2635,57243,2025-09-10T06:30:00Z,0,1,195.3,180.15,19.53,,,,110888,111555,111221.5,111529.3,111529.2,111510,111697.4,111372.1,14,12.366603892027620841180163214061519146264908976773,16.805667653125280243924311720921890413415837144651,-38.60019729172271545152901086,30.8,True,111465.0;111555.0,,NO_ROOM_AFTER_COSTS,PIVOT_LOW_15M,lm-pv15m-L-2025-09-10T04:00:00+00:00-e67835f98ae7,LANDMARK,,,111372.1,,INCOMPATIBLE_NO_ADMISSIBLE_PRICE,,1.7215,29.1233,111372.1,,INCOMPATIBLE_NO_ADMISSIBLE_PRICE,,,,,,True,True,True,INCOMPATIBLE_NO_ADMISSIBLE_PRICE
AL-2025-09-11T03:45:00+00:00-919947d0cc1a,A,LONG,,2025-09-11T04:00:00Z,2025-09-11T04:15:00Z,REVISE,2025-09-11T05:00:00Z,3,2025-09-11T05:10:00Z,2838,61410,2025-09-11T06:00:00Z,15,10,185.15,185.15,18.515,113666.7,114395,114024,,,,114148.8,114148.9,114171.6,114005.4,114375.1,14,17.824047311240273413002883379053985404426319680201,14.557035199646847377106040381320748767644493026287,-30.44439492833594343952436508,30.8,True,114125.4;114217.8,,REWARD_RISK_BELOW_MINIMUM,PIVOT_HIGH_15M,lm-pv15m-H-2025-09-11T03:45:00+00:00-93ebd3c0c119,LANDMARK,,,114375.1,114013.8,INCOMPATIBLE_AT_MINIMUM_CONFIRMATION,11.8354,1.9886,32.4283,114375.1,114013.8,INCOMPATIBLE_AT_MINIMUM_CONFIRMATION,,,-1.7396,30.7918,False,True,True,True,INCOMPATIBLE_AT_MINIMUM_CONFIRMATION
AL-2025-09-12T19:15:00+00:00-4bd94cde9ca5,A,LONG,,2025-09-12T19:30:00Z,2025-09-12T19:45:00Z,ARM,2025-09-12T19:45:00Z,0,2025-09-12T19:54:00Z,3174,68382,2025-09-12T21:30:00Z,15,9,227.1,221.1,22.71,115696.6,116520,116363.6,,,,116499.2,116499.3,116514.4,,,14,,,,,,,,AT_OPPOSING_AREA,,,,AL-2025-09-12T19:15:00+00:00-4bd94cde9ca5#B,UNIQUE_RECOVERED,,,,,,,,,,,,,,,True,,,INSIDE_OPPOSING_ZONE_REFUSAL
BL-2025-09-13T09:45:00+00:00-3df01fe3650a,B,LONG,box-2025-09-13T06:30:00+00:00-3c52f1f366e7,2025-09-13T10:00:00Z,2025-09-13T10:30:00Z,ARM,2025-09-13T10:30:00Z,0,2025-09-13T10:31:00Z,3298,71013,2025-09-13T10:45:00Z,30,1,104.75,88.15,10.475,,,,115630.5,115996,115813.25,116004,116004.1,116007.7,115993.5,116212.1,14,17.619520083580658870057763407084184929103843968978,1.2240566789963080036928583188874531604367641113478,-14.64934793121491073437366658,30.8,True,115993.6;116029.7,,REWARD_RISK_BELOW_MINIMUM,PIVOT_HIGH_15M,lm-pv15m-H-2025-09-13T00:45:00+00:00-b913f22ba219,LANDMARK,,,116212.1,,INCOMPATIBLE_NO_ADMISSIBLE_PRICE,,0.3103,18.8459,116212.1,,INCOMPATIBLE_NO_ADMISSIBLE_PRICE,,,,,,True,True,True,INCOMPATIBLE_NO_ADMISSIBLE_PRICE
AS-2025-09-13T16:45:00+00:00-ef6166424e01,A,SHORT,,2025-09-13T17:00:00Z,2025-09-13T17:30:00Z,REVISE,2025-09-13T18:00:00Z,2,2025-09-13T18:03:00Z,3367,72369,2025-09-13T19:00:00Z,30,3,137,177.75,13.7,115882.4,115077,115560.2,,,,115469.7,115469.6,115458.6,115573.9,115093.8,14,31.595740810991991934771424562570479808346887975430,9.9862634745268000824537972918431368473201649768835,-11.18777535844016816417313219,30.8,False,115414.2;115503.0,,REWARD_RISK_BELOW_MINIMUM,PIVOT_LOW_15M,lm-pv15m-L-2025-09-13T16:30:00+00:00-a947e1504bf7,LANDMARK,,,115093.8,115517.4,INCOMPATIBLE_AT_MINIMUM_CONFIRMATION,4.1396,0.9526,41.5405,115093.8,115517.4,INCOMPATIBLE_AT_MINIMUM_CONFIRMATION,,,-1.4599,40.3599,False,True,True,True,INCOMPATIBLE_AT_MINIMUM_CONFIRMATION
CS-2025-09-13T23:15:00+00:00-fcd3880c2d81,C,SHORT,box-2025-09-13T22:45:00+00:00-6062b2bb0a33,2025-09-13T23:30:00Z,2025-09-13T23:30:00Z,ARM,2025-09-13T23:30:00Z,0,2025-09-13T23:31:00Z,3408,73353,2025-09-14T00:00:00Z,0,1,97.05,88.65,9.705,,,,115526.4,115946.1,115736.25,115861.1,115861.0,115828,115969.8,115786.8,14,3.5569983078357564664847877887902752356943053493110,12.242290292502676382221915253651966709258555789619,-41.93375004316745519218151051,30.8,True,115805.9;115850.1,,NO_ROOM_AFTER_COSTS,PIVOT_LOW_15M,lm-pv15m-L-2025-09-13T21:30:00+00:00-63ac6dacc08d,LANDMARK,,,115786.8,,INCOMPATIBLE_NO_ADMISSIBLE_PRICE,,2.8482,15.7800,115786.8,,INCOMPATIBLE_NO_ADMISSIBLE_PRICE,,,,,,True,True,True,INCOMPATIBLE_NO_ADMISSIBLE_PRICE
AS-2025-09-14T13:45:00+00:00-def8f6f9dd2d,A,SHORT,,2025-09-14T14:00:00Z,2025-09-14T14:15:00Z,ARM,2025-09-14T14:15:00Z,0,2025-09-14T14:38:00Z,3547,76074,2025-09-14T16:00:00Z,15,23,118.45,131.4,11.845,115809.7,115180.9,115694.4,,,,115306,115305.9,115235.1,115706.3,115194.1,14,3.5579437168015648010024723369876018678336722057776,40.890319008704813030057682077769707320078691301522,-76.31043909364421083506674615,30.8,True,115202.3;115267.9,,NO_ROOM_AFTER_COSTS,PIVOT_LOW_15M,lm-pv15m-L-2025-09-14T13:45:00+00:00-1390bc09b1af,LANDMARK,,,115194.1,115635.4,INCOMPATIBLE_AT_MINIMUM_CONFIRMATION,28.5762,6.1402,44.2673,115192.8,115634.8,INCOMPATIBLE_AT_MINIMUM_CONFIRMATION,lm-pv15m-L-2025-09-14T13:45:00+00:00-1390bc09b1af,,-1.1460,43.2432,False,True,True,True,INCOMPATIBLE_AT_MINIMUM_CONFIRMATION
AL-2025-09-14T21:45:00+00:00-9cf96f90a504,A,LONG,,2025-09-14T22:00:00Z,2025-09-14T22:15:00Z,REVISE,2025-09-14T22:30:00Z,1,2025-09-14T22:42:00Z,3625,77526,2025-09-15T00:00:00Z,15,12,100.2,110.85,10.02,115564.5,116055,115768,,,,115888.1,115888.2,115961.5,115757.9,116043.9,14,7.1058066685925932313742060942640445320214036555236,17.557551428706941528007140300875721683489778935250,-44.76325504585573660223436227,30.8,True,115933.8;115989.2,,NO_ROOM_AFTER_COSTS,PIVOT_HIGH_15M,lm-pv15m-H-2025-09-14T21:45:00+00:00-033d36b67aa2,LANDMARK,,,116043.9,,INCOMPATIBLE_NO_ADMISSIBLE_PRICE,,6.3251,24.7067,116043.9,,INCOMPATIBLE_NO_ADMISSIBLE_PRICE,,,-0.9564,23.8321,False,True,True,True,INCOMPATIBLE_NO_ADMISSIBLE_PRICE
AS-2025-09-17T03:45:00+00:00-d42fb2598ddc,A,SHORT,,2025-09-17T04:00:00Z,2025-09-17T04:15:00Z,ARM,2025-09-17T04:15:00Z,0,2025-09-17T04:17:00Z,4055,87171,2025-09-17T06:00:00Z,15,2,141.45,141.45,14.145,117050.2,116300.1,116431,,,,116305.2,116305.1,116300.1,,,14,,,,,,,,AT_OPPOSING_AREA,,,,AS-2025-09-17T03:45:00+00:00-d42fb2598ddc#B,UNIQUE_RECOVERED,,,,,,,,,,,,,,,True,,,INSIDE_OPPOSING_ZONE_REFUSAL
AS-2025-09-17T14:45:00+00:00-326bed067544,A,SHORT,,2025-09-17T15:00:00Z,2025-09-17T15:15:00Z,REVISE,2025-09-17T16:00:00Z,3,2025-09-17T16:04:00Z,4146,89292,2025-09-17T17:00:00Z,15,4,164.75,194.45,16.475,116285.8,115393,115828,,,,115680,115679.9,115673,115844.5,115411.3,14,22.624121445799797705601134231843213195819249090107,14.826277523709076448263639743068823320913264115221,-25.96741158265109403231523346,30.8,True,115624.4;115721.6,,REWARD_RISK_BELOW_MINIMUM,PIVOT_LOW_15M,lm-pv15m-L-2025-09-17T14:30:00+00:00-5b4dc0736997,LANDMARK,,,115411.3,115809.8,INCOMPATIBLE_AT_MINIMUM_CONFIRMATION,11.2293,0.5965,37.3950,115411.3,115809.8,INCOMPATIBLE_AT_MINIMUM_CONFIRMATION,,,-1.5859,35.9758,False,True,True,True,INCOMPATIBLE_AT_MINIMUM_CONFIRMATION
AL-2025-09-18T01:30:00+00:00-6320ad231827,A,LONG,,2025-09-18T01:45:00Z,2025-09-18T02:00:00Z,REVISE,2025-09-18T02:15:00Z,1,2025-09-18T02:17:00Z,4228,91131,2025-09-18T03:45:00Z,15,2,274.3,242.35,27.43,116044,116821.6,116487.7,,,,116642.1,116642.2,116647.4,116460.2,116794.1,14,12.576362610739716444601422749242589204731524234574,16.048364558489944910902429029708334690700349943505,-37.48167485944821744848149209,30.8,True,116586.9;116707.9,,NO_ROOM_AFTER_COSTS,IMPULSE_B,AL-2025-09-18T01:30:00+00:00-6320ad231827#B,LANDMARK,,,116794.1,,INCOMPATIBLE_NO_ADMISSIBLE_PRICE,,0.4458,28.6707,116794.1,,INCOMPATIBLE_NO_ADMISSIBLE_PRICE,,,-2.3540,26.3032,True,True,True,True,INCOMPATIBLE_NO_ADMISSIBLE_PRICE
AL-2025-09-20T07:45:00+00:00-5e8c81fa48ff,A,LONG,,2025-09-20T08:00:00Z,2025-09-20T08:15:00Z,REVISE,2025-09-20T08:30:00Z,1,2025-09-20T08:40:00Z,4688,100920,2025-09-20T10:00:00Z,15,10,58.0,56.45,5.80,115563.5,115913,115746.5,,,,115778.2,115778.3,115820,115740.7,115907.2,14,7.5289241927128302538421688827490934208254187532378,6.8468312899326541184596788119495769297185287515110,-31.48727335520635468830944569,30.8,True,115805.9;115834.1,,NO_ROOM_AFTER_COSTS,IMPULSE_B,AL-2025-09-20T07:45:00+00:00-5e8c81fa48ff#B,LANDMARK,,,115907.2,,INCOMPATIBLE_NO_ADMISSIBLE_PRICE,,3.6017,14.3856,115907.2,,INCOMPATIBLE_NO_ADMISSIBLE_PRICE,,,-0.5004,13.8838,True,True,True,True,INCOMPATIBLE_NO_ADMISSIBLE_PRICE
AS-2025-09-20T23:30:00+00:00-a0ed2f52c00f,A,SHORT,,2025-09-20T23:45:00Z,2025-09-21T00:00:00Z,REVISE,2025-09-21T00:15:00Z,1,2025-09-21T00:20:00Z,4828,103740,2025-09-21T01:45:00Z,15,5,56.65,58.55,5.665,115726.2,115539.5,115664.9,,,,115611.4,115611.3,115610.6,115670.6,115545.4,14,5.6396212804016240725331414247482497279661207536333,5.1898355341119239931286577528358126330976571352454,-31.38818136053268471922124788,30.8,True,115596.0;115625.2,,NO_ROOM_AFTER_COSTS,PIVOT_LOW_15M,lm-pv15m-L-2025-09-20T23:30:00+00:00-6904b2c1404c,LANDMARK,,,115545.4,,INCOMPATIBLE_NO_ADMISSIBLE_PRICE,,0.0605,10.8238,115545.4,,INCOMPATIBLE_NO_ADMISSIBLE_PRICE,,,-0.5106,10.3316,False,True,True,True,INCOMPATIBLE_NO_ADMISSIBLE_PRICE
AS-2025-09-22T00:45:00+00:00-2ed275027d1d,A,SHORT,,2025-09-22T01:00:00Z,2025-09-22T01:15:00Z,REVISE,2025-09-22T01:45:00Z,2,2025-09-22T01:53:00Z,5061,108339,2025-09-22T03:00:00Z,15,8,150.05,185.9,15.005,115332,114209,114716.5,,,,114483,114482.9,114400.1,114731.6,114337.6,14,5.4632819376906139068060255192084622303651832472174,28.977247397511016161699159353881683669856931943241,-60.10941493932260548723296570,30.8,True,114353.7;114446.5,,NO_ROOM_AFTER_COSTS,PIVOT_LOW_1H,lm-pv1h-L-2025-09-15T15:00:00+00:00-06cb35a1ef9e,LANDMARK,,,114337.6,114713.2,INCOMPATIBLE_AT_MINIMUM_CONFIRMATION,20.1165,7.2325,34.3410,114337.6,114713.2,INCOMPATIBLE_AT_MINIMUM_CONFIRMATION,,,-11.2601,33.0293,False,True,True,True,INCOMPATIBLE_AT_MINIMUM_CONFIRMATION
AS-2025-09-23T17:45:00+00:00-3e14b8bfc95f,A,SHORT,,2025-09-23T18:00:00Z,2025-09-23T18:15:00Z,ARM,2025-09-23T18:15:00Z,0,2025-09-23T18:22:00Z,5389,115626,2025-09-23T20:00:00Z,15,7,291.75,300.6,29.175,112916.7,111828.4,112161.8,,,,111835.7,111835.6,111808.2,,,14,,,,,,,,AT_OPPOSING_AREA,,,,lm-pv15m-L-2025-09-23T04:30:00+00:00-de46359c06f8;AS-2025-09-23T17:45:00+00:00-3e14b8bfc95f#B,AMBIGUOUS_MULTIPLE_CONTAINING_ORIGINAL_CHOICE_LOST,,,,,,,,,,,,,,,True,,,INSIDE_OPPOSING_ZONE_REFUSAL
AL-2025-09-24T11:45:00+00:00-af561cf95173,A,LONG,,2025-09-24T12:00:00Z,2025-09-24T12:30:00Z,ARM,2025-09-24T12:30:00Z,0,2025-09-24T12:37:00Z,5556,118911,2025-09-24T14:00:00Z,30,7,159.65,155.05,15.965,112614.4,113110.5,112869.8,,,,112997.5,112997.6,112999.9,112853.8,113007.0,14,0.62831914010543372162276249801990975213252401108320,12.929214981606178412547267740944903491065036340740,-45.68673883782198037343395879,30.8,True,112961.2;113006.9,,NO_ROOM_AFTER_COSTS,PIVOT_HIGH_15M,lm-pv15m-H-2025-09-23T15:15:00+00:00-60c6b397f9ea,LANDMARK,,,113007.0,,INCOMPATIBLE_NO_ADMISSIBLE_PRICE,,0.2035,13.5751,113007.0,,INCOMPATIBLE_NO_ADMISSIBLE_PRICE,,,-9.1503,12.1556,False,True,True,True,INCOMPATIBLE_NO_ADMISSIBLE_PRICE
AL-2025-09-24T15:15:00+00:00-a44272dd4656,A,LONG,,2025-09-24T15:30:00Z,2025-09-24T16:00:00Z,REVISE,2025-09-24T16:15:00Z,1,2025-09-24T16:19:00Z,5599,119577,2025-09-24T17:30:00Z,30,4,170.45,190.4,17.045,112752.9,113850,113080,,,,113376,113376.1,113391.7,113062.9,113832.9,14,38.909373437385628754132798079577253008818105734370,28.996831337743415082409029937817318198774689858252,-26.68682416790646934475803785,30.8,False,113344.1;113439.3,,REWARD_RISK_BELOW_MINIMUM,IMPULSE_B,AL-2025-09-24T15:15:00+00:00-a44272dd4656#B,LANDMARK,,,113832.9,113254.3,INCOMPATIBLE_AT_MINIMUM_CONFIRMATION,10.7430,1.3760,68.1037,113832.9,113254.3,INCOMPATIBLE_AT_MINIMUM_CONFIRMATION,,,-1.5020,66.5812,True,True,True,True,INCOMPATIBLE_AT_MINIMUM_CONFIRMATION
AL-2025-09-24T17:30:00+00:00-80c7ddec66be,A,LONG,,2025-09-24T17:45:00Z,2025-09-24T18:00:00Z,REVISE,2025-09-24T18:30:00Z,2,2025-09-24T18:41:00Z,5619,120003,2025-09-24T19:45:00Z,15,11,270.55,285.15,27.055,113080,113887,113440.3,,,,113622.9,113623.0,113626,113413.2,113827.4,14,17.724816503265097776917254853642652209881541196557,18.728108003449914632214457958565821202893703905796,-35.54891310087479978174009470,30.8,True,113554.8;113697.2,,REWARD_RISK_BELOW_MINIMUM,PIVOT_HIGH_1H,lm-pv1h-H-2025-09-24T14:00:00+00:00-4922945c7f1c,LANDMARK,,,113827.4,113442.6,INCOMPATIBLE_AT_MINIMUM_CONFIRMATION,15.8771,0.2640,36.5213,113827.4,113442.6,INCOMPATIBLE_AT_MINIMUM_CONFIRMATION,,,-5.2333,34.1237,False,True,True,True,INCOMPATIBLE_AT_MINIMUM_CONFIRMATION
AS-2025-09-25T11:45:00+00:00-514d411f83e5,A,SHORT,,2025-09-25T12:00:00Z,2025-09-25T12:15:00Z,ARM,2025-09-25T12:15:00Z,0,2025-09-25T12:30:00Z,5782,123210,2025-09-25T14:00:00Z,15,15,228.45,228.45,22.845,111819.2,111214.1,111600,,,,111271.6,111271.5,111064.3,111622.9,110917.8,14,13.190557181740667343151669798486102194854692281858,50.295189363278749337095718426172946662428881287687,-77.96367005419383186136319231,30.8,True,111007.2;111121.4,,NO_ROOM_AFTER_COSTS,PIVOT_LOW_1H,lm-pv1h-L-2025-09-24T04:00:00+00:00-77ec417b8605,LANDMARK,,,110917.8,111458.5,INCOMPATIBLE_AT_MINIMUM_CONFIRMATION,16.8057,18.6211,63.1680,111237.0,111603.8,INCOMPATIBLE_AT_MINIMUM_CONFIRMATION,,AS-2025-09-25T11:45:00+00:00-514d411f83e5#B,26.6423,61.1290,False,True,True,True,INCOMPATIBLE_AT_MINIMUM_CONFIRMATION
AS-2025-09-25T20:45:00+00:00-872710567fa6,A,SHORT,,2025-09-25T21:00:00Z,2025-09-25T21:15:00Z,ARM,2025-09-25T21:15:00Z,0,2025-09-25T21:33:00Z,5860,124839,2025-09-25T23:00:00Z,15,18,352.4,352.4,35.24,109934.7,109003.7,109613.1,,,,109112.5,109112.4,109064.6,109648.4,109039.0,14,2.3472327409626955033989030354487157152733334189095,53.527909147422720112667171566209384163147345701538,-92.68625823594456863180170284,30.8,True,109039.1;109152.7,,NO_ROOM_AFTER_COSTS,IMPULSE_B,AS-2025-09-25T20:45:00+00:00-872710567fa6#B,LANDMARK,,,109039.0,109524.8,INCOMPATIBLE_AT_MINIMUM_CONFIRMATION,37.7959,4.3808,55.5776,109039.0,109524.8,INCOMPATIBLE_AT_MINIMUM_CONFIRMATION,lm-pv15m-L-2025-09-25T20:45:00+00:00-ee9b0aecb7a1,,-3.2384,52.3751,True,True,True,True,INCOMPATIBLE_AT_MINIMUM_CONFIRMATION
AS-2025-09-25T23:30:00+00:00-eed105e99c64,A,SHORT,,2025-09-25T23:45:00Z,2025-09-26T00:15:00Z,REVISE,2025-09-26T00:30:00Z,1,2025-09-26T00:32:00Z,5902,125376,2025-09-26T01:45:00Z,30,2,277.6,267.35,27.76,109625.4,108688,109355.2,,,,109178.3,109178.2,109168.1,109383.0,108716.0,14,41.413196712226373821656692751820357778508556986885,19.685237720542905848869770564844492118118754471315,-13.00908855242511319698703193,30.8,False,109101.3;109234.9,109232.8;109234.9,REWARD_RISK_BELOW_MINIMUM,PIVOT_LOW_15M,lm-pv15m-L-2025-09-25T23:30:00+00:00-fe421e095bd5,LANDMARK,,,108716.0,109232.8,INCOMPATIBLE_AT_MINIMUM_CONFIRMATION,5.0010,0.9251,60.9784,108716.0,109232.8,INCOMPATIBLE_AT_MINIMUM_CONFIRMATION,,,-2.5762,58.4517,False,True,True,True,INCOMPATIBLE_AT_MINIMUM_CONFIRMATION
CL-2025-09-26T06:00:00+00:00-bb5703ca8e87,C,LONG,box-2025-09-26T05:00:00+00:00-55d21abed4f4,2025-09-26T06:15:00Z,2025-09-26T06:15:00Z,ARM,2025-09-26T06:15:00Z,0,2025-09-26T06:16:00Z,5956,126408,2025-09-26T06:45:00Z,0,1,188.35,204.1,18.835,,,,109192.1,109760,109476.05,109217.3,109217.4,109252.8,108931.1,109476.0,14,20.429682351390536443917226835376301568472386977725,29.445469589795410277814390111740843255275837324078,-45.70488115636395588946004129,30.8,True,109201.8;109303.8,,REWARD_RISK_BELOW_MINIMUM,,,MIDPOINT,,,109476.0,109026.1,INCOMPATIBLE_AT_MINIMUM_CONFIRMATION,17.5155,3.2412,50.0224,109476.0,109026.1,INCOMPATIBLE_AT_MINIMUM_CONFIRMATION,,,,,,True,True,True,INCOMPATIBLE_AT_MINIMUM_CONFIRMATION
AL-2025-09-28T16:30:00+00:00-b5323c111e3f,A,LONG,,2025-09-28T16:45:00Z,2025-09-28T17:30:00Z,ARM,2025-09-28T17:30:00Z,0,2025-09-28T17:42:00Z,6463,137106,2025-09-28T18:45:00Z,45,12,141.05,150.35,14.105,109654,110355.8,110057.8,,,,110297,110297.1,110313.1,110043.6,110341.6,14,2.5835553529000635463965748401595096139987000637277,24.430462021283057043995681383262731262198233935951,-57.53299907263960490639824282,30.8,True,110275.6;110341.5,,NO_ROOM_AFTER_COSTS,IMPULSE_B,AL-2025-09-28T16:30:00+00:00-b5323c111e3f#B,LANDMARK,,,110341.6,,INCOMPATIBLE_NO_ADMISSIBLE_PRICE,,1.4506,27.0802,110341.6,,INCOMPATIBLE_NO_ADMISSIBLE_PRICE,,,-1.2867,25.7865,True,True,True,True,INCOMPATIBLE_NO_ADMISSIBLE_PRICE
AL-2025-09-28T20:30:00+00:00-6b9f449ad07a,A,LONG,,2025-09-28T20:45:00Z,2025-09-28T21:00:00Z,REVISE,2025-09-28T21:45:00Z,2,2025-09-28T21:50:00Z,6502,137850,2025-09-28T22:45:00Z,15,5,192.35,167.5,19.235,110056.4,110876,110575,,,,110656.5,110656.6,110657.4,110555.7,110856.7,14,18.010544256416651755779550215349357566687813015668,9.1905286045036301232452596934321608857609161249044,-23.81809006898770439211476142,30.8,True,110615.6;110699.2,,REWARD_RISK_BELOW_MINIMUM,IMPULSE_B,AL-2025-09-28T20:30:00+00:00-6b9f449ad07a#B,LANDMARK,,,110856.7,,INCOMPATIBLE_NO_ADMISSIBLE_PRICE,,0.0723,27.2261,110856.7,,INCOMPATIBLE_NO_ADMISSIBLE_PRICE,,,-1.7407,25.4759,True,True,True,True,INCOMPATIBLE_NO_ADMISSIBLE_PRICE
AL-2025-09-30T00:00:00+00:00-ade4e2b0e4d7,A,LONG,,2025-09-30T00:15:00Z,2025-09-30T00:30:00Z,ARM,2025-09-30T00:30:00Z,0,2025-09-30T00:36:00Z,6723,142668,2025-09-30T02:15:00Z,15,6,160.1,160.1,16.01,113959.6,114406.8,113980,,,,114237.5,114237.6,114241.6,113963.9,114332.9,14,7.9918348482514250500693267601294099522415652441843,24.308132939314575426114480189353090292853041273932,-51.97792467892606546126804947,30.8,True,114201.6;114281.6,,NO_ROOM_AFTER_COSTS,PIVOT_HIGH_15M,lm-pv15m-H-2025-09-29T20:30:00+00:00-fbc7c71d72e6,LANDMARK,,,114332.9,113972.0,INCOMPATIBLE_AT_MINIMUM_CONFIRMATION,23.2498,0.3501,32.3787,114332.9,113972.0,INCOMPATIBLE_AT_MINIMUM_CONFIRMATION,,,-6.4594,30.9616,False,True,True,True,INCOMPATIBLE_AT_MINIMUM_CONFIRMATION
AL-2025-09-30T01:00:00+00:00-324ed8b6b1da,A,LONG,,2025-09-30T01:15:00Z,2025-09-30T01:30:00Z,REVISE,2025-09-30T02:00:00Z,2,2025-09-30T02:02:00Z,6756,142926,2025-09-30T03:15:00Z,15,2,160.1,167.6,16.01,113980,114786.2,114216.1,,,,114471.4,114471.5,114475.7,114200.0,114769.9,14,25.699777332656624943110197185953001379332032911788,24.083713836211527861371452631431823522371996851734,-34.00067927079720849053554597,30.8,True,114433.8;114517.6,,REWARD_RISK_BELOW_MINIMUM,PIVOT_HIGH_15M,lm-pv15m-H-2025-09-30T00:45:00+00:00-315606a41287,LANDMARK,,,114769.9,114299.0,INCOMPATIBLE_AT_MINIMUM_CONFIRMATION,15.0693,0.3669,49.9037,114769.9,114299.0,INCOMPATIBLE_AT_MINIMUM_CONFIRMATION,,,-1.4200,48.4870,False,True,True,True,INCOMPATIBLE_AT_MINIMUM_CONFIRMATION
AL-2025-09-30T19:45:00+00:00-bdb4faa96175,A,LONG,,2025-09-30T20:00:00Z,2025-09-30T20:15:00Z,ARM,2025-09-30T20:15:00Z,0,2025-09-30T20:55:00Z,6884,146325,2025-09-30T22:00:00Z,15,40,259.9,242.8,25.99,113287.6,114514.3,114070,,,,114448.5,114448.6,114637.3,114044.0,114766.4,14,11.261605079673020910297084805730770002433762832865,51.754533646553085252356780908133740065406285737714,-81.64383529619068139253105228,30.8,True,114576.6;114698.0,,NO_ROOM_AFTER_COSTS,PIVOT_HIGH_1H,lm-pv1h-H-2025-09-30T00:00:00+00:00-057aae40c174,LANDMARK,,,114488.3,114212.4,INCOMPATIBLE_AT_MINIMUM_CONFIRMATION,20.6381,16.4878,63.3440,114488.3,114086.2,INCOMPATIBLE_AT_MINIMUM_CONFIRMATION,lm-pv15m-H-2025-09-30T19:45:00+00:00-b88d29dd6cd0,,22.0147,61.0502,False,True,True,True,INCOMPATIBLE_AT_MINIMUM_CONFIRMATION
