month,call_id,owner,direction,entry_mode,birth,impulse_A,impulse_B,first_anchor,confirming_anchor,anchor_epoch_at_confirmation,anchor_losses_before_confirmation,confirmed_at,routing,usable_return_at,issued_at,primary_entry_at,primary_entry_price,primary_exit_at,primary_exit_price,R,K,V_stop,T_confirm,T_issue,target_origin,limiting_landmark,scale_S15,cap_revisions,margin_conf_bps,margin_issue_bps,margin_entry_bps_DERIVED,residual_min_conf_DERIVED,residual_min_issue_DERIVED,residual_min_entry_DERIVED,gain_bps_issue,risk_bps_issue,risk_bps_entry_DERIVED,median_1m_range_bps_DERIVED,entry_available_min,entry_first_closed_reasons,hard_deadline,call_progress_check_at,context_at_confirmation,context_at_issue,scenario_outcome,scenario_outcome_at,guidance_outcome,guidance_outcome_at,primary_exit_class,primary_price_net_pct,primary_held_min,primary_mfe_pct,primary_mae_pct,delay0_price_net_pct,delay120_price_net_pct,horizon_only_exit,horizon_only_price_net_pct,v03_same_boundary
2025-10,call-AL-2025-10-06T18:26:00+00:00-9e8449f1f9d1,AL-2025-10-06T17:15:00+00:00-9f6bbcabbcef,LONG,RETURN,2025-10-06T17:30:00Z,124757.2,125833.9,e1 R 125071.2 K 125662 V 125032.665 src 2025-10-06T17:30:00+00:00 pub 2025-10-06T17:45:00Z,e2 R 125005 K 125269.7 V 124966.465 src 2025-10-06T18:00:00+00:00 pub 2025-10-06T18:15:00Z,2,1,2025-10-06T18:16:00Z,WAIT_OPEN,2025-10-06T18:26:00Z,2025-10-06T18:26:00Z,2025-10-06T18:27:00Z,125114.7,2025-10-06T18:51:00Z,125763.0,125005,125269.7,124966.4,125763.0,125763.0,T_CONFIRM,PIVOT_HIGH_1H,412.9,0,-24.55,2.94,6.79,240,230,229,50.06,13.60,11.85,5.48,3,REWARD_RISK_BELOW_MINIMUM,2025-10-06T22:16:00Z,2025-10-06T20:21:00Z,ctx UP / phase REACTION / MV CONDITIONAL_SCENARIO UP,ctx UP / phase REACTION / MV CONDITIONAL_SCENARIO UP,DESTINATION_REACHED:DESTINATION_CONTACT,2025-10-06T18:51:00Z,TARGET_REACHED,2025-10-06T18:51:00Z,TARGET,0.378,23,0.608,-0.014,0.360,0.365,HORIZON_EXIT,-0.120,AL-2025-10-06T17:15:00+00:00-e9bdd8817f31: confirmed no; terminal INVALIDATED:V_CONTACT at 2025-10-06T18:05:00Z; entry TERMINAL:SCENARIO_TERMINAL:INVALIDATED:V_CONTACT; call none
2025-10,call-AL-2025-10-19T20:13:00+00:00-43d9ac9ddcac,AL-2025-10-19T18:15:00+00:00-197f01368771,LONG,RETURN,2025-10-19T18:30:00Z,108533.9,109385.2,e1 R 108833 K 109330.2 V 108806.155 src 2025-10-19T19:00:00+00:00 pub 2025-10-19T19:15:00Z,e3 R 108750 K 108918.6 V 108723.155 src 2025-10-19T19:45:00+00:00 pub 2025-10-19T20:00:00Z,3,1,2025-10-19T20:08:00Z,WAIT_OPEN,2025-10-19T20:13:00Z,2025-10-19T20:13:00Z,2025-10-19T20:14:00Z,108830.1,2025-10-19T21:13:00Z,108723.1,108750,108918.6,108723.1,109356.8,109356.8,T_CONFIRM,PIVOT_HIGH_15M,225.15,0,-13.99,1.39,5.80,240,235,234,46.38,11.83,9.83,3.89,9,REWARD_RISK_BELOW_MINIMUM,2025-10-20T00:08:00Z,2025-10-19T22:10:30Z,ctx UP / phase REACTION / MV CONDITIONAL_SCENARIO UP,ctx UP / phase REACTION / MV CONDITIONAL_SCENARIO UP,INVALIDATED:V_CONTACT,2025-10-19T21:13:00Z,INVALIDATED,2025-10-19T21:13:00Z,STOP,-0.238,58,0.098,-0.166,-0.258,-0.242,HORIZON_EXIT,-0.645,AL-2025-10-19T18:15:00+00:00-65145d3c2c81: confirmed no; terminal INVALIDATED:V_CONTACT at 2025-10-19T19:36:00Z; entry TERMINAL:SCENARIO_TERMINAL:INVALIDATED:V_CONTACT; call none
2025-10,call-AL-2025-10-26T23:34:00+00:00-58912bffa1f8,AL-2025-10-26T22:45:00+00:00-2a485c6148ab,LONG,IMMEDIATE,2025-10-26T23:00:00Z,112835,115759.3,e1 R 114363.2 K 114940.6 V 114343.28 src 2025-10-26T23:00:00+00:00 pub 2025-10-26T23:15:00Z,e2 R 114329.5 K 114540.5 V 114309.58 src 2025-10-26T23:15:00+00:00 pub 2025-10-26T23:30:00Z,2,1,2025-10-26T23:34:00Z,ISSUE,,2025-10-26T23:34:00Z,2025-10-26T23:35:00Z,114623.4,2025-10-27T03:35:00Z,114899.7,114329.5,114540.5,114309.5,115739.3,115739.3,,IMPULSE_B,215.5,-1,38.22,38.22,33.69,240,240,239,99.42,25.34,27.39,6.14,2,PRICE_OUTSIDE_STRUCTURAL_AREA,2025-10-27T03:34:00Z,2025-10-27T01:34:00Z,ctx UP / phase REACTION / MV CONDITIONAL_SCENARIO UP,ctx UP / phase REACTION / MV CONDITIONAL_SCENARIO UP,TIME_EXPIRED:CONFIRMED_HARD_DEADLINE,2025-10-27T03:34:00Z,TIME_EXPIRED,2025-10-27T03:34:00Z,GUIDANCE_TIME_EXPIRED,0.101,240,0.695,-0.259,0.121,0.145,HORIZON_EXIT,0.101,AL-2025-10-26T22:45:00+00:00-3ae176455221: confirmed no; terminal INVALIDATED:V_CONTACT at 2025-10-26T23:30:00Z; entry TERMINAL:SCENARIO_TERMINAL:INVALIDATED:V_CONTACT; call none
2025-10,call-AL-2025-10-31T03:32:00+00:00-2894bcfa65ed,AL-2025-10-31T01:45:00+00:00-b8d25b1ba9c7,LONG,RETURN,2025-10-31T02:00:00Z,108373.1,109983.7,e1 R 108953.3 K 109627.9 V 108919.31 src 2025-10-31T02:00:00+00:00 pub 2025-10-31T02:15:00Z,e3 R 108498.6 K 108914 V 108464.61 src 2025-10-31T02:45:00+00:00 pub 2025-10-31T03:00:00Z,3,2,2025-10-31T03:08:00Z,WAIT_OPEN,2025-10-31T03:32:00Z,2025-10-31T03:32:00Z,2025-10-31T03:33:00Z,108876.9,2025-10-31T04:41:00Z,109947.8,108498.6,108914,108464.6,109947.8,109947.8,T_CONFIRM,PIVOT_HIGH_15M,373.6,0,-5.82,22.72,22.12,240,216,215,98.64,37.59,37.87,6.94,3,PRICE_OUTSIDE_STRUCTURAL_AREA,2025-10-31T07:08:00Z,2025-10-31T05:20:00Z,ctx UP / phase REACTION / MV CONDITIONAL_SCENARIO UP,ctx UP / phase TRANSITION / MV CONDITIONAL_SCENARIO UP,DESTINATION_REACHED:DESTINATION_CONTACT,2025-10-31T04:41:00Z,TARGET_REACHED,2025-10-31T04:41:00Z,TARGET,0.843,67,1.214,-0.106,0.846,0.822,HORIZON_EXIT,0.334,AL-2025-10-31T01:45:00+00:00-2d3094a31358: confirmed no; terminal INVALIDATED:V_CONTACT at 2025-10-31T02:39:00Z; entry TERMINAL:SCENARIO_TERMINAL:INVALIDATED:V_CONTACT; call none
2025-11,call-AS-2025-11-17T21:44:00+00:00-e3460d418aaa,AS-2025-11-17T20:00:00+00:00-bf292f9b7a57,SHORT,RETURN,2025-11-17T20:15:00Z,93006.6,91255.1,e1 R 92079.6 K 91362.4 V 92134.575 src 2025-11-17T20:15:00+00:00 pub 2025-11-17T20:30:00Z,e3 R 92223.5 K 91877.4 V 92278.475 src 2025-11-17T21:00:00+00:00 pub 2025-11-17T21:15:00Z,3,1,2025-11-17T21:18:00Z,WAIT_OPEN,2025-11-17T21:44:00Z,2025-11-17T21:44:00Z,2025-11-17T22:08:00Z,91976.4,2025-11-17T22:43:00Z,92278.5,92223.5,91877.4,92278.5,91310.1,91310.1,T_CONFIRM,IMPULSE_B,527.15,0,-29.56,15.26,2.23,240,214,190,78.33,26.89,32.85,11.60,1,PRICE_OUTSIDE_STRUCTURAL_AREA | REWARD_RISK_BELOW_MINIMUM,2025-11-18T01:18:00Z,2025-11-17T23:31:00Z,ctx DOWN / phase REACTION / MV CONDITIONAL_SCENARIO DOWN,ctx DOWN / phase REACTION / MV CONDITIONAL_SCENARIO DOWN,INVALIDATED:V_CONTACT,2025-11-17T22:43:00Z,INVALIDATED,2025-11-17T22:43:00Z,STOP,-0.469,34,0.109,-0.363,-0.409,-0.469,HORIZON_EXIT,-0.176,AS-2025-11-17T20:00:00+00:00-fd1d98d90223: confirmed no; terminal INVALIDATED:V_CONTACT at 2025-11-17T20:52:00Z; entry TERMINAL:SCENARIO_TERMINAL:INVALIDATED:V_CONTACT; call none
2025-11,call-AL-2025-11-23T06:18:00+00:00-6f3abde747e4,AL-2025-11-23T04:30:00+00:00-e6e2d43cfa95,LONG,RETURN,2025-11-23T04:45:00Z,85770.1,86823.5,e1 R 86408.9 K 86646.4 V 86375.305 src 2025-11-23T04:45:00+00:00 pub 2025-11-23T05:00:00Z,e4 R 85945.6 K 86232.3 V 85912.005 src 2025-11-23T05:30:00+00:00 pub 2025-11-23T05:45:00Z,4,3,2025-11-23T05:55:00Z,WAIT_OPEN,2025-11-23T06:18:00Z,2025-11-23T06:18:00Z,2025-11-23T06:19:00Z,86152.1,2025-11-23T06:52:00Z,85912.0,85945.6,86232.3,85912.0,86789.9,86789.9,T_CONFIRM,IMPULSE_B,316.65,0,-11.35,0.61,9.79,240,217,216,69.84,32.02,27.87,6.06,3,REWARD_RISK_BELOW_MINIMUM,2025-11-23T09:55:00Z,2025-11-23T08:06:30Z,ctx UP / phase REACTION / MV CONDITIONAL_SCENARIO UP,ctx UP / phase TRANSITION / MV CONDITIONAL_SCENARIO UP,INVALIDATED:V_CONTACT,2025-11-23T06:52:00Z,INVALIDATED,2025-11-23T06:52:00Z,STOP,-0.418,32,0.127,-0.322,-0.460,-0.429,HORIZON_EXIT,0.045,AL-2025-11-23T04:30:00+00:00-022bf203910d: confirmed no; terminal INVALIDATED:V_CONTACT at 2025-11-23T05:04:00Z; entry TERMINAL:SCENARIO_TERMINAL:INVALIDATED:V_CONTACT; call none
2025-12,call-AS-2025-12-01T17:08:00+00:00-a03ce711ffdb,AS-2025-12-01T16:00:00+00:00-3c4839a654e4,SHORT,RETURN,2025-12-01T16:15:00Z,86633.9,83777,e1 R 84640.6 K 84000 V 84685.39 src 2025-12-01T16:15:00+00:00 pub 2025-12-01T16:30:00Z,e2 R 85419.2 K 84499.2 V 85463.99 src 2025-12-01T16:30:00+00:00 pub 2025-12-01T16:45:00Z,2,1,2025-12-01T16:55:00Z,WAIT_OPEN,2025-12-01T17:08:00Z,2025-12-01T17:08:00Z,2025-12-01T17:09:00Z,84917.2,2025-12-01T18:15:00Z,85464.0,85419.2,84499.2,85464.0,83825.0,83825.0,T_CONFIRM,PIVOT_LOW_15M,522.9,0,-88.13,25.90,20.55,240,227,226,131.03,61.94,64.39,14.61,2,REWARD_RISK_BELOW_MINIMUM,2025-12-01T20:55:00Z,2025-12-01T19:01:30Z,ctx DOWN / phase REACTION / MV CONDITIONAL_SCENARIO DOWN,ctx DOWN / phase REACTION / MV CONDITIONAL_SCENARIO DOWN,INVALIDATED:V_CONTACT,2025-12-01T18:15:00Z,INVALIDATED,2025-12-01T18:15:00Z,STOP,-0.784,65,0.599,-0.670,-0.760,-0.853,HORIZON_EXIT,-0.661,AS-2025-12-01T16:00:00+00:00-6f84d1573741: confirmed no; terminal INVALIDATED:V_CONTACT at 2025-12-01T16:32:00Z; entry TERMINAL:SCENARIO_TERMINAL:INVALIDATED:V_CONTACT; call none
2025-12,call-AS-2025-12-05T11:07:00+00:00-4a491491d702,AS-2025-12-05T09:45:00+00:00-f8fb627e151e,SHORT,RETURN,2025-12-05T10:00:00Z,92135.8,90942,e1 R 91289.1 K 91046.1 V 91308.06 src 2025-12-05T10:00:00+00:00 pub 2025-12-05T10:15:00Z,e3 R 91450 K 91238.7 V 91468.96 src 2025-12-05T10:30:00+00:00 pub 2025-12-05T10:45:00Z,3,1,2025-12-05T11:00:00Z,WAIT_OPEN,2025-12-05T11:07:00Z,2025-12-05T11:07:00Z,2025-12-05T11:08:00Z,91429.7,2025-12-05T11:09:00Z,91469.0,91450,91238.7,91469.0,90999.8,90999.8,T_CONFIRM,PIVOT_LOW_1H,210.25,0,-35.87,2.77,11.06,240,233,232,43.26,8.07,4.30,5.06,2,THESIS_TERMINAL,2025-12-05T15:00:00Z,2025-12-05T13:03:30Z,ctx DOWN / phase REACTION / MV CONDITIONAL_SCENARIO DOWN,ctx DOWN / phase REACTION / MV CONDITIONAL_SCENARIO DOWN,INVALIDATED:V_CONTACT,2025-12-05T11:09:00Z,INVALIDATED,2025-12-05T11:09:00Z,STOP,-0.183,0,0.000,-0.061,-0.221,,HORIZON_EXIT,0.944,AS-2025-12-05T09:45:00+00:00-a2030bf4d154: confirmed no; terminal INVALIDATED:V_CONTACT at 2025-12-05T10:18:00Z; entry TERMINAL:SCENARIO_TERMINAL:INVALIDATED:V_CONTACT; call none
2025-12,call-AS-2025-12-19T19:16:00+00:00-435ee8848a09,AS-2025-12-19T17:45:00+00:00-e344deda87eb,SHORT,RETURN,2025-12-19T18:00:00Z,88878.4,86833.2,e1 R 87219.9 K 86808 V 87273.155 src 2025-12-19T18:00:00+00:00 pub 2025-12-19T18:15:00Z,e2 R 87439 K 87032 V 87492.255 src 2025-12-19T18:15:00+00:00 pub 2025-12-19T18:30:00Z,2,1,2025-12-19T18:40:00Z,WAIT_OPEN,2025-12-19T19:16:00Z,2025-12-19T19:16:00Z,2025-12-19T19:18:00Z,87343.4,2025-12-19T19:20:00Z,87492.3,87439,87032,87492.3,86886.5,86886.5,T_CONFIRM,IMPULSE_B,532.55,0,-80.08,0.98,1.05,240,204,202,52.28,17.08,17.05,7.49,1,REWARD_RISK_BELOW_MINIMUM,2025-12-19T22:40:00Z,2025-12-19T20:58:00Z,ctx DOWN / phase REACTION / MV CONDITIONAL_SCENARIO DOWN,ctx DOWN / phase COMPRESSION / MV CONDITIONAL_SCENARIO DOWN,INVALIDATED:V_CONTACT,2025-12-19T19:20:00Z,INVALIDATED,2025-12-19T19:20:00Z,STOP,-0.311,1,0.014,-0.269,-0.311,-0.311,HORIZON_EXIT,-1.260,AS-2025-12-19T17:45:00+00:00-3f00e845c0ca: confirmed no; terminal INVALIDATED:V_CONTACT at 2025-12-19T18:17:00Z; entry TERMINAL:SCENARIO_TERMINAL:INVALIDATED:V_CONTACT; call none
2025-12,call-AL-2025-12-25T16:38:00+00:00-5d27668b03ad,AL-2025-12-25T15:45:00+00:00-203f7791345b,LONG,RETURN,2025-12-25T16:00:00Z,87506.5,88576.3,e1 R 88125.9 K 88410.7 V 88113.96 src 2025-12-25T16:00:00+00:00 pub 2025-12-25T16:15:00Z,e1 R 88125.9 K 88410.7 V 88113.96 src 2025-12-25T16:00:00+00:00 pub 2025-12-25T16:15:00Z,1,0,2025-12-25T16:27:00Z,WAIT_OPEN,2025-12-25T16:38:00Z,2025-12-25T16:38:00Z,2025-12-25T16:39:00Z,88190.1,2025-12-25T16:51:00Z,88113.9,88125.9,88410.7,88113.9,88564.3,88564.0,lm-pv15m-H-2025-12-25T15:45:00+00:00-4faf23af4fda,IMPULSE_B,119.4,1,-55.03,6.38,1.23,240,229,228,44.74,6.31,8.64,5.88,3,REWARD_RISK_BELOW_MINIMUM,2025-12-25T20:27:00Z,2025-12-25T18:32:30Z,ctx UP / phase EXPANSION / MV CONDITIONAL_SCENARIO UP,ctx UP / phase EXPANSION / MV CONDITIONAL_SCENARIO UP,INVALIDATED:V_CONTACT,2025-12-25T16:51:00Z,INVALIDATED,2025-12-25T16:51:00Z,STOP,-0.226,11,0.157,-0.146,-0.203,-0.229,HORIZON_EXIT,-0.545,AL-2025-12-25T15:45:00+00:00-be9811ca5219: confirmed 2025-12-25T16:27:00Z; terminal INVALIDATED:V_CONTACT at 2025-12-25T16:51:00Z; entry ISSUE:call-AL-2025-12-25T16:38:00+00:00-c13c09eb42b5; call call-AL-2025-12-25T16:38:00+00:00-c13c09eb42b5
