month,entry_attempt_id,direction,birth_published,anchor_losses_before_confirmation,anchor_epoch_at_confirmation,confirmed_after_replacement,confirmed_at,R,K_trigger,V,confirmation_close,S15,T_confirm,target_type,limiting_landmark,limiting_is_own_impulse_B,destination_B,DERIVED_target_ahead_bps_of_close,DERIVED_V_behind_bps_of_close,DERIVED_required_retrace_to_economic_edge_bps_of_close,DERIVED_economic_share_of_corridor,G_bps,Q_bps,margin_bps,corridor,economic_fixed_k,in_D,in_N,exclusion,blockers_at_confirmation,routing,routing_reason,wait_end_transition,wait_end_reason,wait_end_at,usable_return_at,cap_revisions,call_id,classification,scenario_terminal,scenario_terminal_at,minutes_confirmation_to_scenario_terminal,context_at_confirmation,phase_at_confirmation,market_view_at_confirmation,v03_same_boundary,wait_return_samples_DERIVED,wait_closes_in_economic_DERIVED,wait_best_close_remaining_retrace_bps_of_close_DERIVED,wait_any_close_in_corridor_DERIVED,wait_any_close_in_economic_DERIVED,wait_blockers_equal_stored_DERIVED,pivot_1h_lookback_starts_before_warmup,prev_1mo_not_yet_published,prev_1w_not_yet_published
2025-10,AL-2025-10-01T08:45:00+00:00-bd4b502e87b9#entry,LONG,2025-10-01T09:00:00Z,0,1,False,2025-10-01T10:18:00Z,115906.5,116314.8,115883.2,116333,213.6,116564.7,LANDMARK,IMPULSE_B,True,116588,19.92,38.66,26.00,0.30,19.92,38.66,-57.28,115906.5..116314.8,115906.5..116030.5,true,false,,REWARD_RISK_BELOW_MINIMUM,WAIT_OPEN,IMMEDIATE_ECONOMIC_FAILURE_RETURN_CORRIDOR_USABLE,TERMINAL,ORIGINAL_SETUP_DEADLINE,2025-10-01T11:00:00Z,,1,,NO_RETURN:ORIGINAL_SETUP_DEADLINE,DESTINATION_REACHED:DESTINATION_CONTACT,2025-10-01T11:51:00Z,93,UP,EXPANSION,CONDITIONAL_SCENARIO,AL-2025-10-01T08:45:00+00:00-701282f73631: confirmed 2025-10-01T10:18:00Z; terminal DESTINATION_REACHED:DESTINATION_CONTACT at 2025-10-01T11:51:00Z; entry TERMINAL:ORIGINAL_SETUP_DEADLINE; call none,41,0,15.25,True,False,41/41,True,True,True
2025-10,AL-2025-10-06T02:15:00+00:00-5d5cdb482ed9#entry,LONG,2025-10-06T02:30:00Z,0,1,False,2025-10-06T02:48:00Z,123414.7,123880.4,123385.0,123900.1,337.4,124153.4,LANDMARK,IMPULSE_B,True,124183.1,20.44,41.57,27.35,0.31,20.44,41.57,-60.24,123414.7..123880.4,123414.7..123561.2,true,false,,REWARD_RISK_BELOW_MINIMUM,WAIT_OPEN,IMMEDIATE_ECONOMIC_FAILURE_RETURN_CORRIDOR_USABLE,TERMINAL,SCENARIO_TERMINAL:DESTINATION_REACHED:DESTINATION_CONTACT,2025-10-06T02:50:00Z,,0,,TERMINAL_DURING_WAIT:DESTINATION_REACHED:DESTINATION_CONTACT,DESTINATION_REACHED:DESTINATION_CONTACT,2025-10-06T02:50:00Z,2,UP,REACTION,CONDITIONAL_SCENARIO,AL-2025-10-06T02:15:00+00:00-006448cbc8eb: confirmed 2025-10-06T02:48:00Z; terminal DESTINATION_REACHED:DESTINATION_CONTACT at 2025-10-06T02:50:00Z; entry TERMINAL:SCENARIO_TERMINAL:DESTINATION_REACHED:DESTINATION_CONTACT; call none,1,0,41.55,False,False,1/1,False,True,False
2025-10,AL-2025-10-06T17:15:00+00:00-9f6bbcabbcef#entry,LONG,2025-10-06T17:30:00Z,1,2,True,2025-10-06T18:16:00Z,125005,125269.7,124966.4,125292.9,412.9,125763.0,LANDMARK,PIVOT_HIGH_1H,False,125833.9,37.52,26.06,11.15,0.56,37.52,26.06,-24.55,125005..125269.7,125005..125153.2,true,false,,REWARD_RISK_BELOW_MINIMUM,WAIT_OPEN,IMMEDIATE_ECONOMIC_FAILURE_RETURN_CORRIDOR_USABLE,ISSUE,call-AL-2025-10-06T18:26:00+00:00-9e8449f1f9d1,2025-10-06T18:26:00Z,2025-10-06T18:26:00Z,0,call-AL-2025-10-06T18:26:00+00:00-9e8449f1f9d1,CALL,DESTINATION_REACHED:DESTINATION_CONTACT,2025-10-06T18:51:00Z,35,UP,REACTION,CONDITIONAL_SCENARIO,AL-2025-10-06T17:15:00+00:00-e9bdd8817f31: confirmed no; terminal INVALIDATED:V_CONTACT at 2025-10-06T18:05:00Z; entry TERMINAL:SCENARIO_TERMINAL:INVALIDATED:V_CONTACT; call none,10,1,-1.33,True,True,10/10,False,True,False
2025-10,AS-2025-10-07T02:45:00+00:00-cb3b564fde4f#entry,SHORT,2025-10-07T03:00:00Z,0,1,False,2025-10-07T03:24:00Z,124509.8,124186.2,124532.9,124184.1,230.1,124108.1,LANDMARK,IMPULSE_B,True,124085,6.12,28.09,,,6.12,28.09,-58.38,124186.2..124509.8,,true,true,,NO_ROOM_AFTER_COSTS,TERMINAL,NO_ECONOMIC_RETURN_REGION,,,,,0,,GEOMETRY_AT_CONFIRMATION:NO_ECONOMIC_RETURN_REGION,DESTINATION_REACHED:DESTINATION_CONTACT,2025-10-07T03:26:00Z,2,DOWN,TRANSITION,CONDITIONAL_SCENARIO,AS-2025-10-07T02:45:00+00:00-abbe4fc747af: confirmed 2025-10-07T03:24:00Z; terminal DESTINATION_REACHED:DESTINATION_CONTACT at 2025-10-07T03:26:00Z; entry TERMINAL:NO_ECONOMIC_RETURN_REGION; call none,,,,,,,False,True,False
2025-10,AS-2025-10-10T15:45:00+00:00-d1b3d8fe3573#entry,SHORT,2025-10-10T16:00:00Z,1,2,True,2025-10-10T16:46:00Z,119400,118767.4,119434.3,118720.9,616.5,118473.1,LANDMARK,PIVOT_LOW_15M,False,118425.5,20.87,60.09,37.35,0.37,20.87,60.09,-82.04,118767.4..119400,119164.3..119400,true,false,,REWARD_RISK_BELOW_MINIMUM,WAIT_OPEN,IMMEDIATE_ECONOMIC_FAILURE_RETURN_CORRIDOR_USABLE,TERMINAL,SCENARIO_TERMINAL:DESTINATION_REACHED:DESTINATION_CONTACT,2025-10-10T16:51:00Z,,0,,TERMINAL_DURING_WAIT:DESTINATION_REACHED:DESTINATION_CONTACT,DESTINATION_REACHED:DESTINATION_CONTACT,2025-10-10T16:51:00Z,5,DOWN,EXPANSION,CONDITIONAL_SCENARIO,AS-2025-10-10T15:45:00+00:00-5034f7bb076a: confirmed no; terminal INVALIDATED:V_CONTACT at 2025-10-10T16:34:00Z; entry TERMINAL:SCENARIO_TERMINAL:INVALIDATED:V_CONTACT; call none,4,0,33.38,True,False,4/4,False,True,False
2025-10,AL-2025-10-12T21:00:00+00:00-561e07256796#entry,LONG,2025-10-12T21:15:00Z,1,2,True,2025-10-12T22:01:00Z,114174.9,114916,114128.9,115431.1,459.35,115552.2,LANDMARK,PIVOT_HIGH_15M,False,115599.9,10.49,112.81,70.67,0.59,10.49,112.81,-155.68,114174.9..114916,114174.9..114615.3,true,false,,NO_ROOM_AFTER_COSTS,WAIT_OPEN,IMMEDIATE_ECONOMIC_FAILURE_RETURN_CORRIDOR_USABLE,TERMINAL,SCENARIO_TERMINAL:DESTINATION_REACHED:DESTINATION_CONTACT,2025-10-12T22:02:00Z,,0,,TERMINAL_DURING_WAIT:DESTINATION_REACHED:DESTINATION_CONTACT,DESTINATION_REACHED:DESTINATION_CONTACT,2025-10-12T22:02:00Z,1,UP,REACTION,CONDITIONAL_SCENARIO,AL-2025-10-12T21:00:00+00:00-9db6b4315f27: confirmed no; terminal INVALIDATED:V_CONTACT at 2025-10-12T21:33:00Z; entry TERMINAL:SCENARIO_TERMINAL:INVALIDATED:V_CONTACT; call none,0,0,,False,False,0/0,False,True,False
2025-10,AS-2025-10-14T07:30:00+00:00-ca8023240c68#entry,SHORT,2025-10-14T07:45:00Z,3,4,True,2025-10-14T08:47:00Z,112096.9,111857.3,112137.1,111854.1,403.4,111456.6,LANDMARK,PIVOT_LOW_15M,False,111306,35.54,25.30,11.67,0.47,35.54,25.30,-25.62,111857.3..112096.9,111984.6..112096.9,true,false,,REWARD_RISK_BELOW_MINIMUM,WAIT_OPEN,IMMEDIATE_ECONOMIC_FAILURE_RETURN_CORRIDOR_USABLE,TERMINAL,ORIGINAL_SETUP_DEADLINE,2025-10-14T09:45:00Z,,0,,NO_RETURN:ORIGINAL_SETUP_DEADLINE,DESTINATION_REACHED:DESTINATION_CONTACT,2025-10-14T09:46:00Z,59,DOWN,REACTION,CONDITIONAL_SCENARIO,AS-2025-10-14T07:30:00+00:00-56da164d5580: confirmed no; terminal INVALIDATED:V_CONTACT at 2025-10-14T08:09:00Z; entry TERMINAL:SCENARIO_TERMINAL:INVALIDATED:V_CONTACT; call none,57,0,3.63,True,False,57/57,False,True,False
2025-10,AS-2025-10-16T18:15:00+00:00-db07994f6679#entry,SHORT,2025-10-16T18:30:00Z,1,3,True,2025-10-16T19:20:00Z,108684.5,107970.5,108760.0,107831.8,754.35,107697.2,LANDMARK,IMPULSE_B,True,107621.7,12.48,86.08,55.36,0.36,12.48,86.08,-121.61,107970.5..108684.5,108428.8..108684.5,true,false,,NO_ROOM_AFTER_COSTS,WAIT_OPEN,IMMEDIATE_ECONOMIC_FAILURE_RETURN_CORRIDOR_USABLE,TERMINAL,PRE_ENTRY_TARGET_CONTACT,2025-10-16T19:22:00Z,,0,,CAP_OR_OBSTACLE_DURING_WAIT:PRE_ENTRY_TARGET_CONTACT,DESTINATION_REACHED:DESTINATION_CONTACT,2025-10-16T20:34:00Z,74,DOWN,REACTION,CONDITIONAL_SCENARIO,AS-2025-10-16T18:15:00+00:00-bcacf959b4e2: confirmed no; terminal INVALIDATED:V_CONTACT at 2025-10-16T19:02:00Z; entry TERMINAL:SCENARIO_TERMINAL:INVALIDATED:V_CONTACT; call none,1,0,60.63,False,False,1/1,False,True,False
2025-10,AL-2025-10-19T13:45:00+00:00-a308e57f6972#entry,LONG,2025-10-19T14:00:00Z,0,1,False,2025-10-19T14:19:00Z,107833,108119.9,107799.5,108129.6,334.95,108134.5,LANDMARK,IMPULSE_B,True,108168,0.45,30.53,,,0.45,30.53,-66.98,107833..108119.9,,true,true,,PRE_ENTRY_TARGET_CONTACT | NO_ROOM_AFTER_COSTS,TERMINAL,PRE_ENTRY_TARGET_CONTACT,,,,,0,,CAP_OR_OBSTACLE_AT_CONFIRMATION:PRE_ENTRY_TARGET_CONTACT,DESTINATION_REACHED:DESTINATION_CONTACT,2025-10-19T14:20:00Z,1,UP,TRANSITION,CONDITIONAL_SCENARIO,AL-2025-10-19T13:45:00+00:00-bd59df76ec73: confirmed 2025-10-19T14:19:00Z; terminal DESTINATION_REACHED:DESTINATION_CONTACT at 2025-10-19T14:20:00Z; entry TERMINAL:PRE_ENTRY_TARGET_CONTACT; call none,,,,,,,False,True,False
2025-10,AL-2025-10-19T18:15:00+00:00-197f01368771#entry,LONG,2025-10-19T18:30:00Z,1,3,True,2025-10-19T20:08:00Z,108750,108918.6,108723.1,108927.9,225.15,109356.8,LANDMARK,PIVOT_HIGH_15M,False,109385.2,39.37,18.80,6.35,0.64,39.37,18.80,-13.99,108750..108918.6,108750..108858.7,true,false,,REWARD_RISK_BELOW_MINIMUM,WAIT_OPEN,IMMEDIATE_ECONOMIC_FAILURE_RETURN_CORRIDOR_USABLE,ISSUE,call-AL-2025-10-19T20:13:00+00:00-43d9ac9ddcac,2025-10-19T20:13:00Z,2025-10-19T20:13:00Z,0,call-AL-2025-10-19T20:13:00+00:00-43d9ac9ddcac,CALL,INVALIDATED:V_CONTACT,2025-10-19T21:13:00Z,65,UP,REACTION,CONDITIONAL_SCENARIO,AL-2025-10-19T18:15:00+00:00-65145d3c2c81: confirmed no; terminal INVALIDATED:V_CONTACT at 2025-10-19T19:36:00Z; entry TERMINAL:SCENARIO_TERMINAL:INVALIDATED:V_CONTACT; call none,5,1,-0.62,True,True,5/5,False,True,False
2025-10,AS-2025-10-21T22:45:00+00:00-efe08de272f0#entry,SHORT,2025-10-21T23:00:00Z,1,2,True,2025-10-21T23:31:00Z,109420,109043.9,109472.0,108954.7,456.8,108267.8,LANDMARK,IMPULSE_B,True,108215.8,63.04,47.48,11.26,0.91,63.04,47.48,-24.73,109043.9..109420,109077.4..109420,true,false,,REWARD_RISK_BELOW_MINIMUM,WAIT_OPEN,IMMEDIATE_ECONOMIC_FAILURE_RETURN_CORRIDOR_USABLE,TERMINAL,PRE_ENTRY_TARGET_CONTACT,2025-10-21T23:40:00Z,,0,,CAP_OR_OBSTACLE_DURING_WAIT:PRE_ENTRY_TARGET_CONTACT,DESTINATION_REACHED:DESTINATION_CONTACT,2025-10-21T23:41:00Z,10,DOWN,EXPANSION,CONDITIONAL_SCENARIO,AS-2025-10-21T22:45:00+00:00-97fa8e641a90: confirmed no; terminal INVALIDATED:V_CONTACT at 2025-10-21T23:23:00Z; entry TERMINAL:SCENARIO_TERMINAL:INVALIDATED:V_CONTACT; call none,8,0,21.88,False,False,8/8,False,True,False
2025-10,AS-2025-10-22T03:30:00+00:00-bf0c26e434c0#entry,SHORT,2025-10-22T03:45:00Z,2,5,True,2025-10-22T05:08:00Z,108566.3,108393.6,108604.6,108318.2,288.4,107957.7,LANDMARK,PIVOT_LOW_15M,False,107792.2,33.28,26.44,13.32,0.60,33.28,26.44,-29.25,108393.6..108566.3,108462.5..108566.3,true,false,,REWARD_RISK_BELOW_MINIMUM,WAIT_OPEN,IMMEDIATE_ECONOMIC_FAILURE_RETURN_CORRIDOR_USABLE,TERMINAL,PRE_ENTRY_TARGET_CONTACT,2025-10-22T05:27:00Z,,0,,CAP_OR_OBSTACLE_DURING_WAIT:PRE_ENTRY_TARGET_CONTACT,DESTINATION_REACHED:DESTINATION_CONTACT,2025-10-22T07:06:00Z,118,DOWN,REACTION,CONDITIONAL_SCENARIO,AS-2025-10-22T03:30:00+00:00-3ef03cea11d3: confirmed no; terminal INVALIDATED:V_CONTACT at 2025-10-22T04:04:00Z; entry TERMINAL:SCENARIO_TERMINAL:INVALIDATED:V_CONTACT; call none,18,0,8.42,False,False,18/18,False,True,False
2025-10,AL-2025-10-24T04:45:00+00:00-293d5857a218#entry,LONG,2025-10-24T05:00:00Z,1,2,True,2025-10-24T05:34:00Z,110885.7,111137.2,110859.4,111243.1,251.7,,NONE,PIVOT_HIGH_15M,False,111501.8,,34.49,,,,,,,,false,,INSIDE_ZONE,AT_OPPOSING_AREA,TERMINAL,AT_OPPOSING_AREA,,,,,0,,CAP_OR_OBSTACLE_AT_CONFIRMATION:AT_OPPOSING_AREA,INVALIDATED:V_CONTACT,2025-10-24T07:46:00Z,132,UP,EXPANSION,CONDITIONAL_SCENARIO,AL-2025-10-24T04:45:00+00:00-f7d935c11d0d: confirmed no; terminal INVALIDATED:V_CONTACT at 2025-10-24T05:23:00Z; entry TERMINAL:SCENARIO_TERMINAL:INVALIDATED:V_CONTACT; call none,,,,,,,False,True,False
2025-10,AL-2025-10-25T08:15:00+00:00-b83dd3d10c8a#entry,LONG,2025-10-25T08:30:00Z,0,1,False,2025-10-25T08:52:00Z,111500,111643.9,111486.9,111649.8,141.2,111766.5,LANDMARK,IMPULSE_B,True,111779.6,10.45,14.59,,,10.45,14.59,-37.86,111500..111643.9,,true,true,,NO_ROOM_AFTER_COSTS,TERMINAL,NO_ECONOMIC_RETURN_REGION,,,,,0,,GEOMETRY_AT_CONFIRMATION:NO_ECONOMIC_RETURN_REGION,DESTINATION_REACHED:DESTINATION_CONTACT,2025-10-25T09:01:00Z,9,UP,TRANSITION,CONDITIONAL_SCENARIO,AL-2025-10-25T08:15:00+00:00-1f8e55257340: confirmed 2025-10-25T08:52:00Z; terminal DESTINATION_REACHED:DESTINATION_CONTACT at 2025-10-25T09:01:00Z; entry TERMINAL:NO_ECONOMIC_RETURN_REGION; call none,,,,,,,False,True,False
2025-10,AL-2025-10-26T22:45:00+00:00-2a485c6148ab#entry,LONG,2025-10-26T23:00:00Z,1,2,True,2025-10-26T23:34:00Z,114329.5,114540.5,114309.5,114599.9,215.5,115739.3,LANDMARK,IMPULSE_B,True,115759.3,99.42,25.34,5.18,1.00,99.42,25.34,38.22,114329.5..114540.5,114329.5..114540.5,true,false,,,ISSUE,call-AL-2025-10-26T23:34:00+00:00-58912bffa1f8,,,,,0,call-AL-2025-10-26T23:34:00+00:00-58912bffa1f8,CALL,TIME_EXPIRED:CONFIRMED_HARD_DEADLINE,2025-10-27T03:34:00Z,240,UP,REACTION,CONDITIONAL_SCENARIO,AL-2025-10-26T22:45:00+00:00-3ae176455221: confirmed no; terminal INVALIDATED:V_CONTACT at 2025-10-26T23:30:00Z; entry TERMINAL:SCENARIO_TERMINAL:INVALIDATED:V_CONTACT; call none,,,,,,,False,True,False
2025-10,AS-2025-10-27T21:45:00+00:00-0010d5805420#entry,SHORT,2025-10-27T22:00:00Z,1,2,True,2025-10-27T22:31:00Z,114550,114332.1,114574.5,114283.7,244.8,114112.5,LANDMARK,IMPULSE_B,True,114088,14.98,25.45,21.11,0.12,14.98,25.45,-46.35,114332.1..114550,114524.9..114550,true,false,,REWARD_RISK_BELOW_MINIMUM,WAIT_OPEN,IMMEDIATE_ECONOMIC_FAILURE_RETURN_CORRIDOR_USABLE,TERMINAL,SCENARIO_TERMINAL:DESTINATION_REACHED:DESTINATION_CONTACT,2025-10-27T22:46:00Z,,0,,TERMINAL_DURING_WAIT:DESTINATION_REACHED:DESTINATION_CONTACT,DESTINATION_REACHED:DESTINATION_CONTACT,2025-10-27T22:46:00Z,15,DOWN,REACTION,CONDITIONAL_SCENARIO,AS-2025-10-27T21:45:00+00:00-7e023ae1b84a: confirmed no; terminal INVALIDATED:V_CONTACT at 2025-10-27T22:22:00Z; entry TERMINAL:SCENARIO_TERMINAL:INVALIDATED:V_CONTACT; call none,14,0,18.54,False,False,14/14,False,True,False
2025-10,AS-2025-10-30T13:45:00+00:00-151c60e89cb7#entry,SHORT,2025-10-30T14:00:00Z,2,3,True,2025-10-30T15:18:00Z,108352.1,107850,108393.2,107839.4,435.75,107362.3,LANDMARK,IMPULSE_B,True,107321.2,44.24,51.35,21.94,0.55,44.24,51.35,-48.18,107850..108352.1,108076.0..108352.1,true,false,,REWARD_RISK_BELOW_MINIMUM,WAIT_OPEN,IMMEDIATE_ECONOMIC_FAILURE_RETURN_CORRIDOR_USABLE,TERMINAL,SCENARIO_TERMINAL:DESTINATION_REACHED:DESTINATION_CONTACT,2025-10-30T15:48:00Z,,0,,TERMINAL_DURING_WAIT:DESTINATION_REACHED:DESTINATION_CONTACT,DESTINATION_REACHED:DESTINATION_CONTACT,2025-10-30T15:48:00Z,30,DOWN,REACTION,CONDITIONAL_SCENARIO,AS-2025-10-30T13:45:00+00:00-db69f91fa4c9: confirmed no; terminal INVALIDATED:V_CONTACT at 2025-10-30T14:43:00Z; entry TERMINAL:SCENARIO_TERMINAL:INVALIDATED:V_CONTACT; call none,29,0,20.96,True,False,29/29,False,True,False
2025-10,AS-2025-10-30T17:30:00+00:00-f8cea6daed85#entry,SHORT,2025-10-30T17:45:00Z,0,1,False,2025-10-30T18:36:00Z,107624,107129.9,107669.1,107111.1,473.0,106794.6,LANDMARK,PIVOT_LOW_15M,False,106747.3,29.55,52.10,29.03,0.41,29.55,52.10,-63.77,107129.9..107624,107422.0..107624,true,false,,REWARD_RISK_BELOW_MINIMUM,WAIT_OPEN,IMMEDIATE_ECONOMIC_FAILURE_RETURN_CORRIDOR_USABLE,TERMINAL,PRE_ENTRY_TARGET_CONTACT,2025-10-30T18:59:00Z,,0,,CAP_OR_OBSTACLE_DURING_WAIT:PRE_ENTRY_TARGET_CONTACT,DESTINATION_REACHED:DESTINATION_CONTACT,2025-10-30T19:00:00Z,24,DOWN,REACTION,CONDITIONAL_SCENARIO,AS-2025-10-30T17:30:00+00:00-54b6d10f5cae: confirmed 2025-10-30T18:36:00Z; terminal DESTINATION_REACHED:DESTINATION_CONTACT at 2025-10-30T19:00:00Z; entry TERMINAL:PRE_ENTRY_TARGET_CONTACT; call none,22,0,25.26,True,False,22/22,False,True,False
2025-10,AL-2025-10-31T01:45:00+00:00-b8d25b1ba9c7#entry,LONG,2025-10-31T02:00:00Z,2,3,True,2025-10-31T03:08:00Z,108498.6,108914,108464.6,109015,373.6,109947.8,LANDMARK,PIVOT_HIGH_15M,False,109983.7,85.57,50.49,9.26,1.00,85.57,50.49,-5.82,108498.6..108914,108498.6..108914,true,false,,REWARD_RISK_BELOW_MINIMUM,WAIT_OPEN,IMMEDIATE_ECONOMIC_FAILURE_RETURN_CORRIDOR_USABLE,ISSUE,call-AL-2025-10-31T03:32:00+00:00-2894bcfa65ed,2025-10-31T03:32:00Z,2025-10-31T03:32:00Z,0,call-AL-2025-10-31T03:32:00+00:00-2894bcfa65ed,CALL,DESTINATION_REACHED:DESTINATION_CONTACT,2025-10-31T04:41:00Z,93,UP,REACTION,CONDITIONAL_SCENARIO,AL-2025-10-31T01:45:00+00:00-2d3094a31358: confirmed no; terminal INVALIDATED:V_CONTACT at 2025-10-31T02:39:00Z; entry TERMINAL:SCENARIO_TERMINAL:INVALIDATED:V_CONTACT; call none,24,1,-3.68,True,True,24/24,False,True,False
2025-11,AL-2025-11-02T07:45:00+00:00-0a78873e127e#entry,LONG,2025-11-02T08:00:00Z,1,2,True,2025-11-02T09:01:00Z,110655.8,110814.7,110636.6,110850.1,216.6,110977.3,LANDMARK,PIVOT_HIGH_15M,False,110999,11.47,19.26,,,11.47,19.26,-42.44,110655.8..110814.7,,true,true,,NO_ROOM_AFTER_COSTS,TERMINAL,NO_ECONOMIC_RETURN_REGION,,,,,0,,GEOMETRY_AT_CONFIRMATION:NO_ECONOMIC_RETURN_REGION,INVALIDATED:V_CONTACT,2025-11-02T09:42:00Z,41,UP,EXPANSION,CONDITIONAL_SCENARIO,AL-2025-11-02T07:45:00+00:00-79a9a156346d: confirmed no; terminal INVALIDATED:V_CONTACT at 2025-11-02T08:23:00Z; entry TERMINAL:SCENARIO_TERMINAL:INVALIDATED:V_CONTACT; call none,,,,,,,True,True,True
2025-11,AS-2025-11-04T05:45:00+00:00-2853dffcb458#entry,SHORT,2025-11-04T06:00:00Z,1,2,True,2025-11-04T06:38:00Z,105184.3,104650,105220.5,104614.1,361.2,104167.2,LANDMARK,IMPULSE_B,True,104131,42.72,57.97,26.24,0.55,42.72,57.97,-57.64,104650..105184.3,104888.6..105184.3,true,false,,REWARD_RISK_BELOW_MINIMUM,WAIT_OPEN,IMMEDIATE_ECONOMIC_FAILURE_RETURN_CORRIDOR_USABLE,TERMINAL,CONTEXT_FORBIDDEN_PREISSUE:BALANCED/TRANSITION,2025-11-04T07:00:00Z,,0,,CONTEXT_OR_EXECUTION_RESTRICTION:CONTEXT_FORBIDDEN_PREISSUE,DESTINATION_REACHED:DESTINATION_CONTACT,2025-11-04T08:06:00Z,88,DOWN,REACTION,CONDITIONAL_SCENARIO,AS-2025-11-04T05:45:00+00:00-0774fbd57a27: confirmed no; terminal INVALIDATED:V_CONTACT at 2025-11-04T06:16:00Z; entry TERMINAL:SCENARIO_TERMINAL:INVALIDATED:V_CONTACT; call none,21,0,20.12,True,False,21/21,False,True,True
2025-11,AL-2025-11-05T15:30:00+00:00-4f5b39d24610#entry,LONG,2025-11-05T15:45:00Z,1,2,True,2025-11-05T16:32:00Z,103031,103499.6,102990.6,103541.3,456.65,103722.9,LANDMARK,IMPULSE_B,True,103763.3,17.54,53.19,34.99,0.32,17.54,53.19,-77.08,103031..103499.6,103031..103179.0,true,false,,REWARD_RISK_BELOW_MINIMUM,WAIT_OPEN,IMMEDIATE_ECONOMIC_FAILURE_RETURN_CORRIDOR_USABLE,TERMINAL,PRE_ENTRY_TARGET_CONTACT,2025-11-05T16:38:00Z,,0,,CAP_OR_OBSTACLE_DURING_WAIT:PRE_ENTRY_TARGET_CONTACT,DESTINATION_REACHED:DESTINATION_CONTACT,2025-11-05T16:39:00Z,7,UP,REACTION,CONDITIONAL_SCENARIO,AL-2025-11-05T15:30:00+00:00-995df7f1c6a9: confirmed no; terminal INVALIDATED:V_CONTACT at 2025-11-05T16:19:00Z; entry TERMINAL:SCENARIO_TERMINAL:INVALIDATED:V_CONTACT; call none,5,0,30.14,True,False,5/5,False,True,True
2025-11,AS-2025-11-07T11:15:00+00:00-b0c329016d62#entry,SHORT,2025-11-07T11:30:00Z,1,3,True,2025-11-07T12:17:00Z,100585.4,100217.7,100616.1,100217,341.35,99773.0,LANDMARK,PIVOT_LOW_15M,False,99740,44.30,39.82,15.61,0.58,44.30,39.82,-34.28,100217.7..100585.4,100373.4..100585.4,true,false,,REWARD_RISK_BELOW_MINIMUM,WAIT_OPEN,IMMEDIATE_ECONOMIC_FAILURE_RETURN_CORRIDOR_USABLE,TERMINAL,SCENARIO_TERMINAL:DESTINATION_REACHED:DESTINATION_CONTACT,2025-11-07T12:31:00Z,,0,,TERMINAL_DURING_WAIT:DESTINATION_REACHED:DESTINATION_CONTACT,DESTINATION_REACHED:DESTINATION_CONTACT,2025-11-07T12:31:00Z,14,DOWN,REACTION,CONDITIONAL_SCENARIO,AS-2025-11-07T11:15:00+00:00-aa6685dd0f5f: confirmed no; terminal INVALIDATED:V_CONTACT at 2025-11-07T11:51:00Z; entry TERMINAL:SCENARIO_TERMINAL:INVALIDATED:V_CONTACT; call none,13,0,18.75,False,False,13/13,False,True,True
2025-11,AL-2025-11-07T20:30:00+00:00-5a898f043932#entry,LONG,2025-11-07T20:45:00Z,1,3,True,2025-11-07T21:55:00Z,103300,103556.9,103252.2,103563.2,465.5,103783.2,LANDMARK,IMPULSE_B,True,103831,21.24,30.03,20.70,0.19,21.24,30.03,-45.59,103300..103556.9,103300..103348.8,true,false,,REWARD_RISK_BELOW_MINIMUM,WAIT_OPEN,IMMEDIATE_ECONOMIC_FAILURE_RETURN_CORRIDOR_USABLE,TERMINAL,PRE_ENTRY_TARGET_CONTACT,2025-11-07T21:57:00Z,,0,,CAP_OR_OBSTACLE_DURING_WAIT:PRE_ENTRY_TARGET_CONTACT,DESTINATION_REACHED:DESTINATION_CONTACT,2025-11-07T22:00:00Z,5,UP,COMPRESSION,CONDITIONAL_SCENARIO,AL-2025-11-07T20:30:00+00:00-553a96cc3645: confirmed no; terminal INVALIDATED:V_CONTACT at 2025-11-07T21:01:00Z; entry TERMINAL:SCENARIO_TERMINAL:INVALIDATED:V_CONTACT; call none,1,0,33.87,False,False,1/1,False,True,True
2025-11,AS-2025-11-08T06:00:00+00:00-c27d69661719#entry,SHORT,2025-11-08T06:15:00Z,1,2,True,2025-11-08T06:54:00Z,102488,102284.1,102513.5,102259.7,254.05,102069.5,LANDMARK,IMPULSE_B,True,102044,18.60,24.82,19.12,0.16,18.60,24.82,-41.98,102284.1..102488,102455.2..102488,true,false,,REWARD_RISK_BELOW_MINIMUM,WAIT_OPEN,IMMEDIATE_ECONOMIC_FAILURE_RETURN_CORRIDOR_USABLE,TERMINAL,SCENARIO_TERMINAL:DESTINATION_REACHED:DESTINATION_CONTACT,2025-11-08T07:22:00Z,,0,,TERMINAL_DURING_WAIT:DESTINATION_REACHED:DESTINATION_CONTACT,DESTINATION_REACHED:DESTINATION_CONTACT,2025-11-08T07:22:00Z,28,DOWN,REACTION,CONDITIONAL_SCENARIO,AS-2025-11-08T06:00:00+00:00-0e37978dd36e: confirmed no; terminal INVALIDATED:V_CONTACT at 2025-11-08T06:37:00Z; entry TERMINAL:SCENARIO_TERMINAL:INVALIDATED:V_CONTACT; call none,27,0,16.25,True,False,27/27,False,True,True
2025-11,AL-2025-11-09T11:45:00+00:00-aa1924584a46#entry,LONG,2025-11-09T12:00:00Z,0,1,False,2025-11-09T12:16:00Z,102068,102242.5,102051.6,102249,163.95,102274.6,LANDMARK,IMPULSE_B,True,102291,2.50,19.31,,,2.50,19.31,-51.46,102068..102242.5,,true,true,,NO_ROOM_AFTER_COSTS,TERMINAL,NO_ECONOMIC_RETURN_REGION,,,,,0,,GEOMETRY_AT_CONFIRMATION:NO_ECONOMIC_RETURN_REGION,DESTINATION_REACHED:DESTINATION_CONTACT,2025-11-09T12:18:00Z,2,UP,EXPANSION,CONDITIONAL_SCENARIO,AL-2025-11-09T11:45:00+00:00-b154f440dd34: confirmed 2025-11-09T12:16:00Z; terminal DESTINATION_REACHED:DESTINATION_CONTACT at 2025-11-09T12:18:00Z; entry TERMINAL:NO_ECONOMIC_RETURN_REGION; call none,,,,,,,False,True,True
2025-11,AS-2025-11-11T16:15:00+00:00-c5aa24389246#entry,SHORT,2025-11-11T16:30:00Z,1,2,True,2025-11-11T17:03:00Z,103612.1,103302.1,103648.6,103260,363.9,103186.5,LANDMARK,IMPULSE_B,True,103150,7.12,37.63,31.34,0.09,7.12,37.63,-68.84,103302.1..103612.1,103583.6..103612.1,true,false,,NO_ROOM_AFTER_COSTS,WAIT_OPEN,IMMEDIATE_ECONOMIC_FAILURE_RETURN_CORRIDOR_USABLE,TERMINAL,SCENARIO_TERMINAL:DESTINATION_REACHED:DESTINATION_CONTACT,2025-11-11T17:37:00Z,,0,,TERMINAL_DURING_WAIT:DESTINATION_REACHED:DESTINATION_CONTACT,DESTINATION_REACHED:DESTINATION_CONTACT,2025-11-11T17:37:00Z,34,DOWN,TRANSITION,CONDITIONAL_SCENARIO,AS-2025-11-11T16:15:00+00:00-b9be4ad2c579: confirmed no; terminal INVALIDATED:V_CONTACT at 2025-11-11T16:48:00Z; entry TERMINAL:SCENARIO_TERMINAL:INVALIDATED:V_CONTACT; call none,33,0,0.16,True,False,33/33,False,True,False
2025-11,AL-2025-11-12T11:00:00+00:00-5b73b09b612d#entry,LONG,2025-11-12T11:15:00Z,1,2,True,2025-11-12T11:53:00Z,104700,104902.5,104679.6,104912.2,257.7,105081.6,LANDMARK,PIVOT_HIGH_15M,False,105167,16.15,22.17,18.73,0.08,16.15,22.17,-41.26,104700..104902.5,104700..104715.7,true,false,,REWARD_RISK_BELOW_MINIMUM,WAIT_OPEN,IMMEDIATE_ECONOMIC_FAILURE_RETURN_CORRIDOR_USABLE,TERMINAL,PRE_ENTRY_TARGET_CONTACT,2025-11-12T12:11:00Z,,0,,CAP_OR_OBSTACLE_DURING_WAIT:PRE_ENTRY_TARGET_CONTACT,DESTINATION_REACHED:DESTINATION_CONTACT,2025-11-12T12:20:00Z,27,UP,REACTION,CONDITIONAL_SCENARIO,AL-2025-11-12T11:00:00+00:00-e8279cc9e0c5: confirmed no; terminal INVALIDATED:V_CONTACT at 2025-11-12T11:42:00Z; entry TERMINAL:SCENARIO_TERMINAL:INVALIDATED:V_CONTACT; call none,17,0,11.07,True,False,17/17,False,True,False
2025-11,AS-2025-11-12T16:45:00+00:00-39f429d9e5ab#entry,SHORT,2025-11-12T17:00:00Z,1,2,True,2025-11-12T18:45:00Z,102134.7,101488.2,102172.9,101450,401.45,101442.9,LANDMARK,PIVOT_LOW_1H,False,101250,0.70,71.26,52.63,0.23,0.70,71.26,-115.61,101488.2..102134.7,101983.9..102134.7,true,false,,NO_ROOM_AFTER_COSTS,WAIT_OPEN,IMMEDIATE_ECONOMIC_FAILURE_RETURN_CORRIDOR_USABLE,TERMINAL,PRE_ENTRY_TARGET_CONTACT,2025-11-12T18:46:00Z,,0,,CAP_OR_OBSTACLE_DURING_WAIT:PRE_ENTRY_TARGET_CONTACT,DESTINATION_REACHED:DESTINATION_CONTACT,2025-11-12T19:08:00Z,23,DOWN,TRANSITION,CONDITIONAL_SCENARIO,AS-2025-11-12T16:45:00+00:00-673aafbccd7f: confirmed no; terminal INVALIDATED:V_CONTACT at 2025-11-12T17:38:00Z; entry TERMINAL:SCENARIO_TERMINAL:INVALIDATED:V_CONTACT; call none,0,0,,False,False,0/0,False,True,False
2025-11,AS-2025-11-17T20:00:00+00:00-bf292f9b7a57#entry,SHORT,2025-11-17T20:15:00Z,1,3,True,2025-11-17T21:18:00Z,92223.5,91877.4,92278.5,91843.5,527.15,91310.1,LANDMARK,IMPULSE_B,True,91255.1,58.08,47.36,13.46,0.74,58.08,47.36,-29.56,91877.4..92223.5,91967.1..92223.5,true,false,,REWARD_RISK_BELOW_MINIMUM,WAIT_OPEN,IMMEDIATE_ECONOMIC_FAILURE_RETURN_CORRIDOR_USABLE,ISSUE,call-AS-2025-11-17T21:44:00+00:00-e3460d418aaa,2025-11-17T21:44:00Z,2025-11-17T21:44:00Z,0,call-AS-2025-11-17T21:44:00+00:00-e3460d418aaa,CALL,INVALIDATED:V_CONTACT,2025-11-17T22:43:00Z,85,DOWN,REACTION,CONDITIONAL_SCENARIO,AS-2025-11-17T20:00:00+00:00-fd1d98d90223: confirmed no; terminal INVALIDATED:V_CONTACT at 2025-11-17T20:52:00Z; entry TERMINAL:SCENARIO_TERMINAL:INVALIDATED:V_CONTACT; call none,26,1,-6.94,True,True,26/26,False,True,False
2025-11,AL-2025-11-20T02:15:00+00:00-27086e503ba8#entry,LONG,2025-11-20T02:30:00Z,0,1,False,2025-11-20T02:51:00Z,92309.4,92575.6,92271.0,92576.9,377.8,92738.6,LANDMARK,IMPULSE_B,True,92777,17.47,33.04,24.06,0.17,17.47,33.04,-52.98,92309.4..92575.6,92309.4..92354.2,true,false,,REWARD_RISK_BELOW_MINIMUM,WAIT_OPEN,IMMEDIATE_ECONOMIC_FAILURE_RETURN_CORRIDOR_USABLE,TERMINAL,SCENARIO_TERMINAL:INVALIDATED:V_CONTACT,2025-11-20T04:18:00Z,,1,,TERMINAL_DURING_WAIT:INVALIDATED:V_CONTACT,INVALIDATED:V_CONTACT,2025-11-20T04:18:00Z,87,UP,COMPRESSION,CONDITIONAL_SCENARIO,AL-2025-11-20T02:15:00+00:00-2dd2746cd7e6: confirmed 2025-11-20T02:51:00Z; terminal INVALIDATED:V_CONTACT at 2025-11-20T04:18:00Z; entry TERMINAL:SCENARIO_TERMINAL:INVALIDATED:V_CONTACT; call none,86,0,3.45,True,False,86/86,False,True,False
2025-11,AS-2025-11-20T14:00:00+00:00-b652687765f5#entry,SHORT,2025-11-20T14:15:00Z,1,2,True,2025-11-20T14:50:00Z,91644.9,90810.2,91676.2,90730.8,317.0,90426.2,LANDMARK,PIVOT_LOW_15M,False,90394.5,33.57,104.20,55.66,0.49,33.57,104.20,-122.27,90810.2..91644.9,91235.8..91644.9,true,false,,REWARD_RISK_BELOW_MINIMUM,WAIT_OPEN,IMMEDIATE_ECONOMIC_FAILURE_RETURN_CORRIDOR_USABLE,TERMINAL,PRE_ENTRY_TARGET_CONTACT,2025-11-20T15:07:00Z,,0,,CAP_OR_OBSTACLE_DURING_WAIT:PRE_ENTRY_TARGET_CONTACT,DESTINATION_REACHED:DESTINATION_CONTACT,2025-11-20T15:08:00Z,18,DOWN,TRANSITION,CONDITIONAL_SCENARIO,AS-2025-11-20T14:00:00+00:00-0dbf00152c87: confirmed no; terminal INVALIDATED:V_CONTACT at 2025-11-20T14:31:00Z; entry TERMINAL:SCENARIO_TERMINAL:INVALIDATED:V_CONTACT; call none,16,0,5.86,True,False,16/16,False,True,False
2025-11,AL-2025-11-21T17:45:00+00:00-f017a580af8a#entry,LONG,2025-11-21T18:00:00Z,1,2,True,2025-11-21T18:32:00Z,83245.1,84148.3,83166.7,84218.7,821.7,85363.5,LANDMARK,PIVOT_HIGH_1H,False,85536.2,135.93,124.91,20.33,0.89,135.93,124.91,-44.76,83245.1..84148.3,83245.1..84047.5,true,false,,REWARD_RISK_BELOW_MINIMUM,WAIT_OPEN,IMMEDIATE_ECONOMIC_FAILURE_RETURN_CORRIDOR_USABLE,TERMINAL,CONTEXT_FORBIDDEN_PREISSUE:BALANCED/TRANSITION,2025-11-21T19:00:00Z,,0,,CONTEXT_OR_EXECUTION_RESTRICTION:CONTEXT_FORBIDDEN_PREISSUE,TIME_EXPIRED:CONFIRMED_HARD_DEADLINE,2025-11-21T22:32:00Z,240,UP,REACTION,CONDITIONAL_SCENARIO,AL-2025-11-21T17:45:00+00:00-9876f9a22fc2: confirmed no; terminal INVALIDATED:V_CONTACT at 2025-11-21T18:18:00Z; entry TERMINAL:SCENARIO_TERMINAL:INVALIDATED:V_CONTACT; call none,27,0,13.01,False,False,27/27,False,True,False
2025-11,AL-2025-11-23T04:30:00+00:00-e6e2d43cfa95#entry,LONG,2025-11-23T04:45:00Z,3,4,True,2025-11-23T05:55:00Z,85945.6,86232.3,85912.0,86234.8,316.65,86789.9,LANDMARK,IMPULSE_B,True,86823.5,64.37,37.43,5.16,0.85,64.37,37.43,-11.35,85945.6..86232.3,85945.6..86190.3,true,false,,REWARD_RISK_BELOW_MINIMUM,WAIT_OPEN,IMMEDIATE_ECONOMIC_FAILURE_RETURN_CORRIDOR_USABLE,ISSUE,call-AL-2025-11-23T06:18:00+00:00-6f3abde747e4,2025-11-23T06:18:00Z,2025-11-23T06:18:00Z,0,call-AL-2025-11-23T06:18:00+00:00-6f3abde747e4,CALL,INVALIDATED:V_CONTACT,2025-11-23T06:52:00Z,57,UP,REACTION,CONDITIONAL_SCENARIO,AL-2025-11-23T04:30:00+00:00-022bf203910d: confirmed no; terminal INVALIDATED:V_CONTACT at 2025-11-23T05:04:00Z; entry TERMINAL:SCENARIO_TERMINAL:INVALIDATED:V_CONTACT; call none,23,1,-0.27,True,True,23/23,False,True,False
2025-11,AL-2025-11-24T21:00:00+00:00-e565be1e5a72#entry,LONG,2025-11-24T21:15:00Z,0,1,False,2025-11-24T21:31:00Z,88795.5,89008,88757.9,89047.7,340.95,89145.6,LANDMARK,IMPULSE_B,True,89183.2,10.99,32.54,26.73,0.07,10.99,32.54,-58.86,88795.5..89008,88795.5..88809.7,true,false,,NO_ROOM_AFTER_COSTS,WAIT_OPEN,IMMEDIATE_ECONOMIC_FAILURE_RETURN_CORRIDOR_USABLE,TERMINAL,SCENARIO_TERMINAL:INVALIDATED:V_CONTACT,2025-11-24T21:45:00Z,,0,,TERMINAL_DURING_WAIT:INVALIDATED:V_CONTACT,INVALIDATED:V_CONTACT,2025-11-24T21:45:00Z,14,UP,EXPANSION,CONDITIONAL_SCENARIO,AL-2025-11-24T21:00:00+00:00-926b72680df8: confirmed 2025-11-24T21:31:00Z; terminal INVALIDATED:V_CONTACT at 2025-11-24T21:45:00Z; entry TERMINAL:SCENARIO_TERMINAL:INVALIDATED:V_CONTACT; call none,13,0,-3.06,True,False,13/13,False,True,False
2025-11,AS-2025-11-25T07:45:00+00:00-bb75d08e1f0d#entry,SHORT,2025-11-25T08:00:00Z,1,2,True,2025-11-25T08:32:00Z,87578.8,87372.3,87602.8,87356.5,216.15,87279.0,LANDMARK,IMPULSE_B,True,87255,8.87,28.19,25.39,0.00,8.87,28.19,-55.76,87372.3..87578.8,87578.3..87578.8,true,false,,NO_ROOM_AFTER_COSTS,WAIT_OPEN,IMMEDIATE_ECONOMIC_FAILURE_RETURN_CORRIDOR_USABLE,TERMINAL,SCENARIO_TERMINAL:DESTINATION_REACHED:DESTINATION_CONTACT,2025-11-25T08:49:00Z,,0,,TERMINAL_DURING_WAIT:DESTINATION_REACHED:DESTINATION_CONTACT,DESTINATION_REACHED:DESTINATION_CONTACT,2025-11-25T08:49:00Z,17,DOWN,EXPANSION,CONDITIONAL_SCENARIO,AS-2025-11-25T07:45:00+00:00-e3d505cecd4d: confirmed no; terminal INVALIDATED:V_CONTACT at 2025-11-25T08:17:00Z; entry TERMINAL:SCENARIO_TERMINAL:INVALIDATED:V_CONTACT; call none,16,0,16.95,True,False,16/16,False,True,False
2025-11,AS-2025-11-26T09:45:00+00:00-8c8a2170755c#entry,SHORT,2025-11-26T10:00:00Z,0,1,False,2025-11-26T10:22:00Z,87027.7,86805.9,87047.7,86783.6,199.3,86732.0,LANDMARK,IMPULSE_B,True,86712,5.95,30.43,27.94,0.01,5.95,30.43,-61.37,86805.9..87027.7,87026.1..87027.7,true,false,,NO_ROOM_AFTER_COSTS,WAIT_OPEN,IMMEDIATE_ECONOMIC_FAILURE_RETURN_CORRIDOR_USABLE,TERMINAL,SCENARIO_TERMINAL:DESTINATION_REACHED:DESTINATION_CONTACT,2025-11-26T10:33:00Z,,0,,TERMINAL_DURING_WAIT:DESTINATION_REACHED:DESTINATION_CONTACT,DESTINATION_REACHED:DESTINATION_CONTACT,2025-11-26T10:33:00Z,11,DOWN,EXPANSION,CONDITIONAL_SCENARIO,AS-2025-11-26T09:45:00+00:00-bf74c6923582: confirmed 2025-11-26T10:22:00Z; terminal DESTINATION_REACHED:DESTINATION_CONTACT at 2025-11-26T10:33:00Z; entry TERMINAL:SCENARIO_TERMINAL:DESTINATION_REACHED:DESTINATION_CONTACT; call none,10,0,21.96,True,False,10/10,False,True,False
2025-11,AL-2025-11-26T22:00:00+00:00-ddf46869230a#entry,LONG,2025-11-26T22:15:00Z,0,1,False,2025-11-26T22:59:00Z,90151.4,90320,90108.8,90412,360.75,,NONE,PIVOT_HIGH_15M,False,90664.4,,33.54,,,,,,,,false,,INSIDE_ZONE,AT_OPPOSING_AREA,TERMINAL,AT_OPPOSING_AREA,,,,,0,,CAP_OR_OBSTACLE_AT_CONFIRMATION:AT_OPPOSING_AREA,INVALIDATED:V_CONTACT,2025-11-27T00:14:00Z,75,UP,TRANSITION,CONDITIONAL_SCENARIO,AL-2025-11-26T22:00:00+00:00-221132fd231a: confirmed 2025-11-26T22:59:00Z; terminal INVALIDATED:V_CONTACT at 2025-11-27T00:14:00Z; entry TERMINAL:AT_OPPOSING_AREA; call none,,,,,,,False,True,False
2025-11,AL-2025-11-29T15:45:00+00:00-2201932ca4c7#entry,LONG,2025-11-29T16:00:00Z,0,1,False,2025-11-29T16:20:00Z,90909,91045,90897.0,91059.9,119.55,91066.1,LANDMARK,PIVOT_HIGH_15M,False,91079.1,0.68,17.89,,,0.68,17.89,-51.59,90909..91045,,true,true,,NO_ROOM_AFTER_COSTS,TERMINAL,NO_ECONOMIC_RETURN_REGION,,,,,0,,GEOMETRY_AT_CONFIRMATION:NO_ECONOMIC_RETURN_REGION,DESTINATION_REACHED:DESTINATION_CONTACT,2025-11-29T16:21:00Z,1,UP,EXPANSION,CONDITIONAL_SCENARIO,AL-2025-11-29T15:45:00+00:00-f8a50bfad234: confirmed 2025-11-29T16:20:00Z; terminal DESTINATION_REACHED:DESTINATION_CONTACT at 2025-11-29T16:21:00Z; entry TERMINAL:NO_ECONOMIC_RETURN_REGION; call none,,,,,,,False,True,False
2025-12,AS-2025-12-01T05:00:00+00:00-6c2729b2cadc#entry,SHORT,2025-12-01T05:15:00Z,0,1,False,2025-12-01T05:40:00Z,85980,85671.5,86019.3,85642.7,383.4,,NONE,PIVOT_LOW_15M,False,85560.1,,43.97,,,,,,,,false,,INSIDE_ZONE,AT_OPPOSING_AREA,TERMINAL,AT_OPPOSING_AREA,,,,,0,,CAP_OR_OBSTACLE_AT_CONFIRMATION:AT_OPPOSING_AREA,INVALIDATED:V_CONTACT,2025-12-01T06:01:00Z,21,DOWN,COMPRESSION,CONDITIONAL_SCENARIO,AS-2025-12-01T05:00:00+00:00-97a7c22366e3: confirmed 2025-12-01T05:40:00Z; terminal INVALIDATED:V_CONTACT at 2025-12-01T06:01:00Z; entry TERMINAL:AT_OPPOSING_AREA; call none,,,,,,,True,True,True
2025-12,AS-2025-12-01T16:00:00+00:00-3c4839a654e4#entry,SHORT,2025-12-01T16:15:00Z,1,2,True,2025-12-01T16:55:00Z,85419.2,84499.2,85464.0,84498.8,522.9,83825.0,LANDMARK,PIVOT_LOW_15M,False,83777,79.74,114.23,40.12,0.63,79.74,114.23,-88.13,84499.2..85419.2,84837.8..85419.2,true,false,,REWARD_RISK_BELOW_MINIMUM,WAIT_OPEN,IMMEDIATE_ECONOMIC_FAILURE_RETURN_CORRIDOR_USABLE,ISSUE,call-AS-2025-12-01T17:08:00+00:00-a03ce711ffdb,2025-12-01T17:08:00Z,2025-12-01T17:08:00Z,0,call-AS-2025-12-01T17:08:00+00:00-a03ce711ffdb,CALL,INVALIDATED:V_CONTACT,2025-12-01T18:15:00Z,80,DOWN,REACTION,CONDITIONAL_SCENARIO,AS-2025-12-01T16:00:00+00:00-6f84d1573741: confirmed no; terminal INVALIDATED:V_CONTACT at 2025-12-01T16:32:00Z; entry TERMINAL:SCENARIO_TERMINAL:INVALIDATED:V_CONTACT; call none,13,1,-11.79,True,True,13/13,True,True,True
2025-12,AS-2025-12-05T09:45:00+00:00-f8fb627e151e#entry,SHORT,2025-12-05T10:00:00Z,1,3,True,2025-12-05T11:00:00Z,91450,91238.7,91469.0,91234.7,210.25,90999.8,LANDMARK,PIVOT_LOW_1H,False,90942,25.75,25.68,16.33,0.31,25.75,25.68,-35.87,91238.7..91450,91383.7..91450,true,false,,REWARD_RISK_BELOW_MINIMUM,WAIT_OPEN,IMMEDIATE_ECONOMIC_FAILURE_RETURN_CORRIDOR_USABLE,ISSUE,call-AS-2025-12-05T11:07:00+00:00-4a491491d702,2025-12-05T11:07:00Z,2025-12-05T11:07:00Z,0,call-AS-2025-12-05T11:07:00+00:00-4a491491d702,CALL,INVALIDATED:V_CONTACT,2025-12-05T11:09:00Z,9,DOWN,REACTION,CONDITIONAL_SCENARIO,AS-2025-12-05T09:45:00+00:00-a2030bf4d154: confirmed no; terminal INVALIDATED:V_CONTACT at 2025-12-05T10:18:00Z; entry TERMINAL:SCENARIO_TERMINAL:INVALIDATED:V_CONTACT; call none,7,1,-1.26,True,True,7/7,False,True,True
2025-12,AL-2025-12-08T09:00:00+00:00-6ed6baa0830d#entry,LONG,2025-12-08T09:15:00Z,1,4,True,2025-12-08T10:35:00Z,91769.8,92057.2,91748.3,92111.5,179.5,92233.5,LANDMARK,IMPULSE_B,True,92255,13.24,39.43,29.45,0.24,13.24,39.43,-64.87,91769.8..92057.2,91769.8..91840.2,true,false,,NO_ROOM_AFTER_COSTS,WAIT_OPEN,IMMEDIATE_ECONOMIC_FAILURE_RETURN_CORRIDOR_USABLE,TERMINAL,ORIGINAL_SETUP_DEADLINE,2025-12-08T11:15:00Z,,0,,NO_RETURN:ORIGINAL_SETUP_DEADLINE,INVALIDATED:V_CONTACT,2025-12-08T12:10:00Z,95,UP,TRANSITION,CONDITIONAL_SCENARIO,AL-2025-12-08T09:00:00+00:00-801be898a177: confirmed no; terminal INVALIDATED:V_CONTACT at 2025-12-08T10:03:00Z; entry TERMINAL:SCENARIO_TERMINAL:INVALIDATED:V_CONTACT; call none,39,0,10.99,True,False,39/39,False,True,False
2025-12,AS-2025-12-08T15:45:00+00:00-491cf57c5493#entry,SHORT,2025-12-08T16:00:00Z,1,2,True,2025-12-08T16:50:00Z,90449.4,90046.9,90483.4,89802,416.4,89597.8,LANDMARK,PIVOT_LOW_15M,False,89560.1,22.74,75.88,45.12,0.60,22.74,75.88,-99.11,90046.9..90449.4,90207.2..90449.4,true,false,,REWARD_RISK_BELOW_MINIMUM,WAIT_OPEN,IMMEDIATE_ECONOMIC_FAILURE_RETURN_CORRIDOR_USABLE,TERMINAL,PRE_ENTRY_TARGET_CONTACT,2025-12-08T17:42:00Z,,1,,CAP_OR_OBSTACLE_DURING_WAIT:PRE_ENTRY_TARGET_CONTACT,STALLED:SCENARIO_PROGRESS_BELOW_HALF_SCALE,2025-12-08T18:50:00Z,120,DOWN,REACTION,CONDITIONAL_SCENARIO,AS-2025-12-08T15:45:00+00:00-7dfc6a0bde05: confirmed no; terminal INVALIDATED:V_CONTACT at 2025-12-08T16:40:00Z; entry TERMINAL:SCENARIO_TERMINAL:INVALIDATED:V_CONTACT; call none,51,0,15.90,True,False,51/51,False,True,False
2025-12,AL-2025-12-09T12:45:00+00:00-85ed2056d406#entry,LONG,2025-12-09T13:00:00Z,0,1,False,2025-12-09T13:25:00Z,90420,90568.9,90404.5,90589.2,154.05,,NONE,PIVOT_HIGH_15M,False,90662.1,,20.39,,,,,,,,false,,INSIDE_ZONE,AT_OPPOSING_AREA,TERMINAL,AT_OPPOSING_AREA,,,,,0,,CAP_OR_OBSTACLE_AT_CONFIRMATION:AT_OPPOSING_AREA,DESTINATION_REACHED:DESTINATION_CONTACT,2025-12-09T13:27:00Z,2,UP,REACTION,CONDITIONAL_SCENARIO,AL-2025-12-09T12:45:00+00:00-ae0992c9ae60: confirmed 2025-12-09T13:25:00Z; terminal DESTINATION_REACHED:DESTINATION_CONTACT at 2025-12-09T13:27:00Z; entry TERMINAL:AT_OPPOSING_AREA; call none,,,,,,,False,True,False
2025-12,AS-2025-12-10T00:45:00+00:00-908b282fc60b#entry,SHORT,2025-12-10T01:00:00Z,1,2,True,2025-12-10T01:31:00Z,92354.1,92124,92384.6,92069,278.95,92048.5,LANDMARK,IMPULSE_B,True,92018,2.23,34.28,,,2.23,34.28,-69.71,92124..92354.1,,true,true,,NO_ROOM_AFTER_COSTS,TERMINAL,NO_ECONOMIC_RETURN_REGION,,,,,0,,GEOMETRY_AT_CONFIRMATION:NO_ECONOMIC_RETURN_REGION,DESTINATION_REACHED:DESTINATION_CONTACT,2025-12-10T01:33:00Z,2,DOWN,TRANSITION,CONDITIONAL_SCENARIO,AS-2025-12-10T00:45:00+00:00-5d229a80dd88: confirmed no; terminal INVALIDATED:V_CONTACT at 2025-12-10T01:19:00Z; entry TERMINAL:SCENARIO_TERMINAL:INVALIDATED:V_CONTACT; call none,,,,,,,False,True,False
2025-12,AS-2025-12-14T15:15:00+00:00-f1691b51f68a#entry,SHORT,2025-12-14T15:30:00Z,1,2,True,2025-12-14T16:35:00Z,89369,88941.6,89395.1,88867.8,251.0,,NONE,PIVOT_LOW_1H,False,88822.5,,59.34,,,,,,,,false,,INSIDE_ZONE,AT_OPPOSING_AREA,TERMINAL,AT_OPPOSING_AREA,,,,,0,,CAP_OR_OBSTACLE_AT_CONFIRMATION:AT_OPPOSING_AREA,DESTINATION_REACHED:DESTINATION_CONTACT,2025-12-14T16:45:00Z,10,DOWN,COMPRESSION,CONDITIONAL_SCENARIO,AS-2025-12-14T15:15:00+00:00-3ab02b33d6d2: confirmed no; terminal INVALIDATED:V_CONTACT at 2025-12-14T16:21:00Z; entry TERMINAL:SCENARIO_TERMINAL:INVALIDATED:V_CONTACT; call none,,,,,,,False,True,False
2025-12,AS-2025-12-14T17:45:00+00:00-1ae1e75b3b0a#entry,SHORT,2025-12-14T18:00:00Z,1,2,True,2025-12-14T19:11:00Z,89029.2,88664.9,89054.3,88657.5,242.1,88528.9,LANDMARK,PIVOT_LOW_1H,False,88401.6,14.51,44.76,31.86,0.24,14.51,44.76,-70.00,88664.9..89029.2,88940.0..89029.2,true,false,,REWARD_RISK_BELOW_MINIMUM,WAIT_OPEN,IMMEDIATE_ECONOMIC_FAILURE_RETURN_CORRIDOR_USABLE,TERMINAL,PRE_ENTRY_TARGET_CONTACT,2025-12-14T19:18:00Z,,0,,CAP_OR_OBSTACLE_DURING_WAIT:PRE_ENTRY_TARGET_CONTACT,DESTINATION_REACHED:DESTINATION_CONTACT,2025-12-14T20:11:00Z,60,DOWN,REACTION,CONDITIONAL_SCENARIO,AS-2025-12-14T17:45:00+00:00-5849ce562c89: confirmed no; terminal INVALIDATED:V_CONTACT at 2025-12-14T18:17:00Z; entry TERMINAL:SCENARIO_TERMINAL:INVALIDATED:V_CONTACT; call none,6,0,27.06,True,False,6/6,False,True,False
2025-12,AL-2025-12-15T05:15:00+00:00-c4922595bc44#entry,LONG,2025-12-15T05:30:00Z,1,2,True,2025-12-15T06:01:00Z,89453.2,89580.8,89428.8,89583.7,209.95,89721.5,LANDMARK,IMPULSE_B,True,89745.9,15.38,17.29,,,15.38,17.29,-36.17,89453.2..89580.8,,true,true,,REWARD_RISK_BELOW_MINIMUM,TERMINAL,NO_ECONOMIC_RETURN_REGION,,,,,0,,GEOMETRY_AT_CONFIRMATION:NO_ECONOMIC_RETURN_REGION,INVALIDATED:V_CONTACT,2025-12-15T06:13:00Z,12,UP,REACTION,CONDITIONAL_SCENARIO,AL-2025-12-15T05:15:00+00:00-f6347afd639d: confirmed no; terminal INVALIDATED:V_CONTACT at 2025-12-15T05:54:00Z; entry TERMINAL:SCENARIO_TERMINAL:INVALIDATED:V_CONTACT; call none,,,,,,,False,True,False
2025-12,AL-2025-12-15T08:30:00+00:00-6beb368c982b#entry,LONG,2025-12-15T08:45:00Z,0,1,False,2025-12-15T09:03:00Z,89723.4,89820.5,89706.3,89844.9,170.4,89848.3,LANDMARK,IMPULSE_B,True,89865.4,0.38,15.43,,,0.38,15.43,-48.93,89723.4..89820.5,,true,true,,NO_ROOM_AFTER_COSTS,TERMINAL,NO_ECONOMIC_RETURN_REGION,,,,,0,,GEOMETRY_AT_CONFIRMATION:NO_ECONOMIC_RETURN_REGION,DESTINATION_REACHED:DESTINATION_CONTACT,2025-12-15T09:05:00Z,2,UP,TRANSITION,CONDITIONAL_SCENARIO,AL-2025-12-15T08:30:00+00:00-1bf040d4ba7b: confirmed 2025-12-15T09:03:00Z; terminal DESTINATION_REACHED:DESTINATION_CONTACT at 2025-12-15T09:05:00Z; entry TERMINAL:NO_ECONOMIC_RETURN_REGION; call none,,,,,,,False,True,False
2025-12,AL-2025-12-16T10:45:00+00:00-b68d863397be#entry,LONG,2025-12-16T11:00:00Z,0,1,False,2025-12-16T11:46:00Z,86762.8,87015.4,86739.6,87050.4,240.6,87276.8,LANDMARK,IMPULSE_B,True,87300,26.01,35.70,21.63,0.39,26.01,35.70,-47.64,86762.8..87015.4,86762.8..86862.1,true,false,,REWARD_RISK_BELOW_MINIMUM,WAIT_OPEN,IMMEDIATE_ECONOMIC_FAILURE_RETURN_CORRIDOR_USABLE,TERMINAL,PRE_ENTRY_TARGET_CONTACT,2025-12-16T11:56:00Z,,0,,CAP_OR_OBSTACLE_DURING_WAIT:PRE_ENTRY_TARGET_CONTACT,DESTINATION_REACHED:DESTINATION_CONTACT,2025-12-16T12:46:00Z,60,UP,EXPANSION,CONDITIONAL_SCENARIO,AL-2025-12-16T10:45:00+00:00-cae52fc8623c: confirmed 2025-12-16T11:46:00Z; terminal DESTINATION_REACHED:DESTINATION_CONTACT at 2025-12-16T12:46:00Z; entry TERMINAL:PRE_ENTRY_TARGET_CONTACT; call none,9,0,11.29,True,False,9/9,False,True,False
2025-12,AL-2025-12-18T02:45:00+00:00-b701e44c5911#entry,LONG,2025-12-18T03:00:00Z,2,3,True,2025-12-18T03:51:00Z,86203.3,86520,86183.1,86585.6,197.95,86816.7,LANDMARK,IMPULSE_B,True,86836.9,26.69,46.49,27.19,0.46,26.69,46.49,-59.89,86203.3..86520,86203.3..86350.2,true,false,,REWARD_RISK_BELOW_MINIMUM,WAIT_OPEN,IMMEDIATE_ECONOMIC_FAILURE_RETURN_CORRIDOR_USABLE,TERMINAL,CONTEXT_FORBIDDEN_PREISSUE:BALANCED/TRANSITION,2025-12-18T04:00:00Z,,0,,CONTEXT_OR_EXECUTION_RESTRICTION:CONTEXT_FORBIDDEN_PREISSUE,DESTINATION_REACHED:DESTINATION_CONTACT,2025-12-18T04:06:00Z,15,UP,REACTION,CONDITIONAL_SCENARIO,AL-2025-12-18T02:45:00+00:00-9d609b214bd0: confirmed no; terminal INVALIDATED:V_CONTACT at 2025-12-18T03:16:00Z; entry TERMINAL:SCENARIO_TERMINAL:INVALIDATED:V_CONTACT; call none,8,0,18.71,True,False,8/8,False,True,False
2025-12,AL-2025-12-18T10:30:00+00:00-d0ba87ee9d6e#entry,LONG,2025-12-18T10:45:00Z,1,2,True,2025-12-18T11:31:00Z,87020.7,87159.4,87002.1,87218.5,185.85,87399.3,LANDMARK,IMPULSE_B,True,87417.9,20.73,24.81,18.09,0.29,20.73,24.81,-39.84,87020.7..87159.4,87020.7..87060.7,true,false,,REWARD_RISK_BELOW_MINIMUM,WAIT_OPEN,IMMEDIATE_ECONOMIC_FAILURE_RETURN_CORRIDOR_USABLE,TERMINAL,PRE_ENTRY_TARGET_CONTACT,2025-12-18T12:37:00Z,,0,,CAP_OR_OBSTACLE_DURING_WAIT:PRE_ENTRY_TARGET_CONTACT,DESTINATION_REACHED:DESTINATION_CONTACT,2025-12-18T13:02:00Z,91,UP,REACTION,CONDITIONAL_SCENARIO,AL-2025-12-18T10:30:00+00:00-766693c29457: confirmed no; terminal INVALIDATED:V_CONTACT at 2025-12-18T11:26:00Z; entry TERMINAL:SCENARIO_TERMINAL:INVALIDATED:V_CONTACT; call none,65,0,4.87,True,False,65/65,False,True,False
2025-12,AL-2025-12-19T03:45:00+00:00-58fb57178b59#entry,LONG,2025-12-19T04:00:00Z,2,3,True,2025-12-19T05:49:00Z,86625.9,86928,86596.5,86937,316.05,87506.3,LANDMARK,IMPULSE_B,True,87535.7,65.48,39.17,5.59,0.87,65.48,39.17,-12.32,86625.9..86928,86625.9..86888.4,true,false,,REWARD_RISK_BELOW_MINIMUM,WAIT_OPEN,IMMEDIATE_ECONOMIC_FAILURE_RETURN_CORRIDOR_USABLE,TERMINAL,ORIGINAL_SETUP_DEADLINE,2025-12-19T06:00:00Z,,0,,NO_RETURN:ORIGINAL_SETUP_DEADLINE,DESTINATION_REACHED:DESTINATION_CONTACT,2025-12-19T07:01:00Z,72,UP,REACTION,CONDITIONAL_SCENARIO,AL-2025-12-19T03:45:00+00:00-cc2dbaad9730: confirmed no; terminal INVALIDATED:V_CONTACT at 2025-12-19T05:22:00Z; entry TERMINAL:SCENARIO_TERMINAL:INVALIDATED:V_CONTACT; call none,10,0,11.63,False,False,10/10,False,True,False
2025-12,AL-2025-12-19T07:45:00+00:00-114884fbbc2d#entry,LONG,2025-12-19T08:00:00Z,0,1,False,2025-12-19T08:35:00Z,87693,87978.2,87659.7,88041,293.65,88331.3,LANDMARK,PIVOT_HIGH_15M,False,88366,32.97,43.31,22.61,0.52,32.97,43.31,-49.80,87693..87978.2,87693..87841.9,true,false,,REWARD_RISK_BELOW_MINIMUM,WAIT_OPEN,IMMEDIATE_ECONOMIC_FAILURE_RETURN_CORRIDOR_USABLE,TERMINAL,ORIGINAL_SETUP_DEADLINE,2025-12-19T10:00:00Z,,1,,NO_RETURN:ORIGINAL_SETUP_DEADLINE,TIME_EXPIRED:CONFIRMED_HARD_DEADLINE,2025-12-19T12:35:00Z,240,UP,REACTION,CONDITIONAL_SCENARIO,AL-2025-12-19T07:45:00+00:00-249b044d3273: confirmed 2025-12-19T08:35:00Z; terminal TIME_EXPIRED:CONFIRMED_HARD_DEADLINE at 2025-12-19T12:35:00Z; entry TERMINAL:ORIGINAL_SETUP_DEADLINE; call none,84,0,11.71,True,False,84/84,False,True,False
2025-12,AS-2025-12-19T17:45:00+00:00-e344deda87eb#entry,SHORT,2025-12-19T18:00:00Z,1,2,True,2025-12-19T18:40:00Z,87439,87032,87492.3,87022,532.55,86886.5,LANDMARK,IMPULSE_B,True,86833.2,15.57,54.04,36.46,0.24,15.57,54.04,-80.08,87032..87439,87339.3..87439,true,false,,REWARD_RISK_BELOW_MINIMUM,WAIT_OPEN,IMMEDIATE_ECONOMIC_FAILURE_RETURN_CORRIDOR_USABLE,ISSUE,call-AS-2025-12-19T19:16:00+00:00-435ee8848a09,2025-12-19T19:16:00Z,2025-12-19T19:16:00Z,0,call-AS-2025-12-19T19:16:00+00:00-435ee8848a09,CALL,INVALIDATED:V_CONTACT,2025-12-19T19:20:00Z,40,DOWN,REACTION,CONDITIONAL_SCENARIO,AS-2025-12-19T17:45:00+00:00-3f00e845c0ca: confirmed no; terminal INVALIDATED:V_CONTACT at 2025-12-19T18:17:00Z; entry TERMINAL:SCENARIO_TERMINAL:INVALIDATED:V_CONTACT; call none,36,1,-0.44,True,True,36/36,False,True,False
2025-12,AL-2025-12-20T23:45:00+00:00-13087b78640f#entry,LONG,2025-12-21T00:00:00Z,0,1,False,2025-12-21T00:23:00Z,88259.4,88378.5,88250.4,88389.9,89.4,,NONE,PIVOT_HIGH_15M,False,88395.9,,15.78,,,,,,,,false,,INSIDE_ZONE,AT_OPPOSING_AREA,TERMINAL,AT_OPPOSING_AREA,,,,,0,,CAP_OR_OBSTACLE_AT_CONFIRMATION:AT_OPPOSING_AREA,DESTINATION_REACHED:DESTINATION_CONTACT,2025-12-21T00:31:00Z,8,UP,TRANSITION,CONDITIONAL_SCENARIO,AL-2025-12-20T23:45:00+00:00-1f5fb7363b40: confirmed 2025-12-21T00:23:00Z; terminal DESTINATION_REACHED:DESTINATION_CONTACT at 2025-12-21T00:31:00Z; entry TERMINAL:AT_OPPOSING_AREA; call none,,,,,,,False,True,False
2025-12,AL-2025-12-21T23:00:00+00:00-06999fe204c1#entry,LONG,2025-12-21T23:15:00Z,1,2,True,2025-12-21T23:52:00Z,88333.3,88542.4,88316.6,88612,180.9,88778.8,LANDMARK,PIVOT_HIGH_15M,False,88796.9,18.82,33.34,23.60,0.33,18.82,33.34,-51.98,88333.3..88542.4,88333.3..88402.9,true,false,,REWARD_RISK_BELOW_MINIMUM,WAIT_OPEN,IMMEDIATE_ECONOMIC_FAILURE_RETURN_CORRIDOR_USABLE,TERMINAL,SCENARIO_TERMINAL:DESTINATION_REACHED:DESTINATION_CONTACT,2025-12-22T00:06:00Z,,0,,TERMINAL_DURING_WAIT:DESTINATION_REACHED:DESTINATION_CONTACT,DESTINATION_REACHED:DESTINATION_CONTACT,2025-12-22T00:06:00Z,14,UP,TRANSITION,CONDITIONAL_SCENARIO,AL-2025-12-21T23:00:00+00:00-883029eb2e9c: confirmed no; terminal INVALIDATED:V_CONTACT at 2025-12-21T23:31:00Z; entry TERMINAL:SCENARIO_TERMINAL:INVALIDATED:V_CONTACT; call none,13,0,18.29,False,False,13/13,False,True,False
2025-12,AL-2025-12-22T08:15:00+00:00-f5a9850fd1e2#entry,LONG,2025-12-22T08:30:00Z,1,2,True,2025-12-22T09:57:00Z,89175.4,89738.9,89157.1,89743.8,184.6,89852.8,LANDMARK,IMPULSE_B,True,89871.1,12.15,65.37,44.08,0.31,12.15,65.37,-97.10,89175.4..89738.9,89175.4..89348.2,true,false,,NO_ROOM_AFTER_COSTS,WAIT_OPEN,IMMEDIATE_ECONOMIC_FAILURE_RETURN_CORRIDOR_USABLE,TERMINAL,ORIGINAL_SETUP_DEADLINE,2025-12-22T10:30:00Z,,0,,NO_RETURN:ORIGINAL_SETUP_DEADLINE,DESTINATION_REACHED:DESTINATION_CONTACT,2025-12-22T11:32:00Z,95,UP,TRANSITION,CONDITIONAL_SCENARIO,AL-2025-12-22T08:15:00+00:00-f3f1757898b7: confirmed no; terminal INVALIDATED:V_CONTACT at 2025-12-22T08:49:00Z; entry TERMINAL:SCENARIO_TERMINAL:INVALIDATED:V_CONTACT; call none,32,0,27.57,True,False,32/32,False,True,False
2025-12,AL-2025-12-25T15:45:00+00:00-203f7791345b#entry,LONG,2025-12-25T16:00:00Z,0,1,False,2025-12-25T16:27:00Z,88125.9,88410.7,88113.9,88416,119.4,88564.3,LANDMARK,IMPULSE_B,True,88576.3,16.77,34.17,24.98,0.24,16.77,34.17,-55.03,88125.9..88410.7,88125.9..88195.1,true,false,,REWARD_RISK_BELOW_MINIMUM,WAIT_OPEN,IMMEDIATE_ECONOMIC_FAILURE_RETURN_CORRIDOR_USABLE,ISSUE,call-AL-2025-12-25T16:38:00+00:00-5d27668b03ad,2025-12-25T16:38:00Z,2025-12-25T16:38:00Z,1,call-AL-2025-12-25T16:38:00+00:00-5d27668b03ad,CALL,INVALIDATED:V_CONTACT,2025-12-25T16:51:00Z,24,UP,EXPANSION,CONDITIONAL_SCENARIO,AL-2025-12-25T15:45:00+00:00-be9811ca5219: confirmed 2025-12-25T16:27:00Z; terminal INVALIDATED:V_CONTACT at 2025-12-25T16:51:00Z; entry ISSUE:call-AL-2025-12-25T16:38:00+00:00-c13c09eb42b5; call call-AL-2025-12-25T16:38:00+00:00-c13c09eb42b5,11,1,-2.89,True,True,11/11,False,True,False
2025-12,AL-2025-12-28T00:00:00+00:00-7bb4ad575397#entry,LONG,2025-12-28T00:15:00Z,0,1,False,2025-12-28T00:38:00Z,87670.6,87785.4,87664.2,87804.7,72.5,87924.7,LANDMARK,PIVOT_HIGH_15M,False,87954.9,13.67,16.00,,,13.67,16.00,-36.34,87670.6..87785.4,,true,true,,NO_ROOM_AFTER_COSTS,TERMINAL,NO_ECONOMIC_RETURN_REGION,,,,,0,,GEOMETRY_AT_CONFIRMATION:NO_ECONOMIC_RETURN_REGION,INVALIDATED:V_CONTACT,2025-12-28T04:01:00Z,203,UP,TRANSITION,CONDITIONAL_SCENARIO,AL-2025-12-28T00:00:00+00:00-5340e0f682b1: confirmed 2025-12-28T00:38:00Z; terminal INVALIDATED:V_CONTACT at 2025-12-28T04:01:00Z; entry TERMINAL:NO_ECONOMIC_RETURN_REGION; call none,,,,,,,False,True,False
2025-12,AS-2025-12-28T18:45:00+00:00-8fe695e5c326#entry,SHORT,2025-12-28T19:00:00Z,0,1,False,2025-12-28T19:29:00Z,87662.7,87478.1,87671.4,87476.1,86.3,87466.1,LANDMARK,PIVOT_LOW_1H,False,87444,1.14,22.33,,,1.14,22.33,-56.45,87478.1..87662.7,,true,true,,PRE_ENTRY_TARGET_CONTACT | NO_ROOM_AFTER_COSTS,TERMINAL,PRE_ENTRY_TARGET_CONTACT,,,,,0,,CAP_OR_OBSTACLE_AT_CONFIRMATION:PRE_ENTRY_TARGET_CONTACT,DESTINATION_REACHED:DESTINATION_CONTACT,2025-12-28T20:06:00Z,37,DOWN,TRANSITION,CONDITIONAL_SCENARIO,AS-2025-12-28T18:45:00+00:00-0aeec1bdae2f: confirmed 2025-12-28T19:29:00Z; terminal DESTINATION_REACHED:DESTINATION_CONTACT at 2025-12-28T20:06:00Z; entry TERMINAL:PRE_ENTRY_TARGET_CONTACT; call none,,,,,,,False,True,False
2025-12,AL-2025-12-29T00:45:00+00:00-38bf6a71f0df#entry,LONG,2025-12-29T01:00:00Z,1,2,True,2025-12-29T01:37:00Z,87815.1,88039,87800.8,88056.7,155.7,88415.8,LANDMARK,PIVOT_HIGH_15M,False,88431.4,40.78,29.06,11.30,0.63,40.78,29.06,-24.89,87815.1..88039,87815.1..87957.2,true,false,,REWARD_RISK_BELOW_MINIMUM,WAIT_OPEN,IMMEDIATE_ECONOMIC_FAILURE_RETURN_CORRIDOR_USABLE,TERMINAL,SCENARIO_TERMINAL:DESTINATION_REACHED:DESTINATION_CONTACT,2025-12-29T01:42:00Z,,0,,TERMINAL_DURING_WAIT:DESTINATION_REACHED:DESTINATION_CONTACT,DESTINATION_REACHED:DESTINATION_CONTACT,2025-12-29T01:42:00Z,5,UP,REACTION,CONDITIONAL_SCENARIO,AL-2025-12-29T00:45:00+00:00-84a2e6aef921: confirmed no; terminal INVALIDATED:V_CONTACT at 2025-12-29T01:16:00Z; entry TERMINAL:SCENARIO_TERMINAL:INVALIDATED:V_CONTACT; call none,4,0,12.23,False,False,4/4,False,True,False
2025-12,AL-2025-12-30T08:45:00+00:00-81ef4604b642#entry,LONG,2025-12-30T09:00:00Z,1,2,True,2025-12-30T09:43:00Z,87600,87752.2,87587.0,87774.1,129.55,87939.3,LANDMARK,PIVOT_HIGH_15M,False,88200,18.82,21.32,17.06,0.16,18.82,21.32,-37.56,87600..87752.2,87600..87624.4,true,false,,REWARD_RISK_BELOW_MINIMUM,WAIT_OPEN,IMMEDIATE_ECONOMIC_FAILURE_RETURN_CORRIDOR_USABLE,TERMINAL,PRE_ENTRY_TARGET_CONTACT,2025-12-30T09:51:00Z,,0,,CAP_OR_OBSTACLE_DURING_WAIT:PRE_ENTRY_TARGET_CONTACT,TIME_EXPIRED:CONFIRMED_HARD_DEADLINE,2025-12-30T13:43:00Z,240,UP,REACTION,CONDITIONAL_SCENARIO,AL-2025-12-30T08:45:00+00:00-9632e5efd814: confirmed no; terminal INVALIDATED:V_CONTACT at 2025-12-30T09:16:00Z; entry TERMINAL:SCENARIO_TERMINAL:INVALIDATED:V_CONTACT; call none,7,0,17.64,False,False,7/7,False,True,False
