wait,start,admitted_at_dispatch,open,high,low,close,cap_active_at_start,cap_at_dispatch,corridor_effective,economic_fixed_k,close_in_corridor,close_in_economic,extreme_in_economic_intrabar,V_contact,cap_contact,destination_contact,G_at_close,Q_at_close,margin_at_close,derived_price_blockers,stored_blockers_in_force,derived_equals_stored,return_gate_sampled
AL-2025-10-01T08:45:00+00:00-701282f73631#entry,2025-10-01T10:18:00Z,2025-10-01T10:19:00Z,116333,116349,116293.6,116295.9,116564.7,116564.7,115906.5..116314.8,115906.5..116030.5,True,False,False,False,False,False,23.11,35.49,-50.27,REWARD_RISK_BELOW_MINIMUM,REWARD_RISK_BELOW_MINIMUM,True,True
AL-2025-10-01T08:45:00+00:00-701282f73631#entry,2025-10-01T10:19:00Z,2025-10-01T10:20:00Z,116295.9,116345.2,116295.9,116345.1,116564.7,116564.7,115906.5..116314.8,115906.5..116030.5,False,False,False,False,False,False,18.87,39.70,-59.57,CLOSE_OUTSIDE_RETURN_CORRIDOR|REWARD_RISK_BELOW_MINIMUM,CLOSE_OUTSIDE_RETURN_CORRIDOR|REWARD_RISK_BELOW_MINIMUM,True,True
AL-2025-10-01T08:45:00+00:00-701282f73631#entry,2025-10-01T10:20:00Z,2025-10-01T10:21:00Z,116345.1,116345.2,116314.3,116314.4,116564.7,116564.7,115906.5..116314.8,115906.5..116030.5,True,False,False,False,False,False,21.52,37.07,-53.77,REWARD_RISK_BELOW_MINIMUM,REWARD_RISK_BELOW_MINIMUM,True,True
AL-2025-10-01T08:45:00+00:00-701282f73631#entry,2025-10-01T10:21:00Z,2025-10-01T10:22:00Z,116314.4,116314.4,116303.4,116303.5,116564.7,116564.7,115906.5..116314.8,115906.5..116030.5,True,False,False,False,False,False,22.46,36.14,-51.71,REWARD_RISK_BELOW_MINIMUM,REWARD_RISK_BELOW_MINIMUM,True,True
AL-2025-10-01T08:45:00+00:00-701282f73631#entry,2025-10-01T10:22:00Z,2025-10-01T10:23:00Z,116303.5,116303.5,116303.4,116303.5,116564.7,116564.7,115906.5..116314.8,115906.5..116030.5,True,False,False,False,False,False,22.46,36.14,-51.71,REWARD_RISK_BELOW_MINIMUM,REWARD_RISK_BELOW_MINIMUM,True,True
AL-2025-10-01T08:45:00+00:00-701282f73631#entry,2025-10-01T10:23:00Z,2025-10-01T10:24:00Z,116303.5,116303.5,116247.2,116247.2,116564.7,116564.7,115906.5..116314.8,115906.5..116030.5,True,False,False,False,False,False,27.31,31.31,-41.06,REWARD_RISK_BELOW_MINIMUM,REWARD_RISK_BELOW_MINIMUM,True,True
AL-2025-10-01T08:45:00+00:00-701282f73631#entry,2025-10-01T10:24:00Z,2025-10-01T10:25:00Z,116247.2,116272.5,116242.9,116243,116564.7,116564.7,115906.5..116314.8,115906.5..116030.5,True,False,False,False,False,False,27.67,30.95,-40.27,REWARD_RISK_BELOW_MINIMUM,REWARD_RISK_BELOW_MINIMUM,True,True
AL-2025-10-01T08:45:00+00:00-701282f73631#entry,2025-10-01T10:25:00Z,2025-10-01T10:26:00Z,116243,116278,116242.4,116278,116564.7,116564.7,115906.5..116314.8,115906.5..116030.5,True,False,False,False,False,False,24.66,33.95,-46.89,REWARD_RISK_BELOW_MINIMUM,REWARD_RISK_BELOW_MINIMUM,True,True
AL-2025-10-01T08:45:00+00:00-701282f73631#entry,2025-10-01T10:26:00Z,2025-10-01T10:27:00Z,116277.9,116278,116239.8,116239.9,116564.7,116564.7,115906.5..116314.8,115906.5..116030.5,True,False,False,False,False,False,27.94,30.69,-39.68,REWARD_RISK_BELOW_MINIMUM,REWARD_RISK_BELOW_MINIMUM,True,True
AL-2025-10-01T08:45:00+00:00-701282f73631#entry,2025-10-01T10:27:00Z,2025-10-01T10:28:00Z,116239.8,116256.7,116228.9,116254.8,116564.7,116564.7,115906.5..116314.8,115906.5..116030.5,True,False,False,False,False,False,26.66,31.96,-42.50,REWARD_RISK_BELOW_MINIMUM,REWARD_RISK_BELOW_MINIMUM,True,True
AL-2025-10-01T08:45:00+00:00-701282f73631#entry,2025-10-01T10:28:00Z,2025-10-01T10:29:00Z,116254.8,116257.6,116212.6,116223.4,116564.7,116564.7,115906.5..116314.8,115906.5..116030.5,True,False,False,False,False,False,29.37,29.27,-36.56,REWARD_RISK_BELOW_MINIMUM,REWARD_RISK_BELOW_MINIMUM,True,True
AL-2025-10-01T08:45:00+00:00-701282f73631#entry,2025-10-01T10:29:00Z,2025-10-01T10:30:00Z,116223.4,116223.5,116174.7,116174.8,116564.7,116564.7,115906.5..116314.8,115906.5..116030.5,True,False,False,False,False,False,33.56,25.10,-27.36,REWARD_RISK_BELOW_MINIMUM,REWARD_RISK_BELOW_MINIMUM,True,True
AL-2025-10-01T08:45:00+00:00-701282f73631#entry,2025-10-01T10:30:00Z,2025-10-01T10:31:00Z,116174.9,116185.5,116145,116176.3,116564.7,116564.7,115906.5..116314.8,115906.5..116030.5,True,False,False,False,False,False,33.43,25.23,-27.64,REWARD_RISK_BELOW_MINIMUM,REWARD_RISK_BELOW_MINIMUM,True,True
AL-2025-10-01T08:45:00+00:00-701282f73631#entry,2025-10-01T10:31:00Z,2025-10-01T10:32:00Z,116176.3,116187.7,116156.7,116181.6,116564.7,116564.7,115906.5..116314.8,115906.5..116030.5,True,False,False,False,False,False,32.97,25.68,-28.65,REWARD_RISK_BELOW_MINIMUM,REWARD_RISK_BELOW_MINIMUM,True,True
AL-2025-10-01T08:45:00+00:00-701282f73631#entry,2025-10-01T10:32:00Z,2025-10-01T10:33:00Z,116181.6,116184.2,116167.3,116178.6,116564.7,116564.7,115906.5..116314.8,115906.5..116030.5,True,False,False,False,False,False,33.23,25.43,-28.08,REWARD_RISK_BELOW_MINIMUM,REWARD_RISK_BELOW_MINIMUM,True,True
AL-2025-10-01T08:45:00+00:00-701282f73631#entry,2025-10-01T10:33:00Z,2025-10-01T10:34:00Z,116178.7,116232.6,116178.6,116232.6,116564.7,116564.7,115906.5..116314.8,115906.5..116030.5,True,False,False,False,False,False,28.57,30.06,-38.30,REWARD_RISK_BELOW_MINIMUM,REWARD_RISK_BELOW_MINIMUM,True,True
AL-2025-10-01T08:45:00+00:00-701282f73631#entry,2025-10-01T10:34:00Z,2025-10-01T10:35:00Z,116233,116247.4,116224.7,116234.8,116564.7,116564.7,115906.5..116314.8,115906.5..116030.5,True,False,False,False,False,False,28.38,30.25,-38.72,REWARD_RISK_BELOW_MINIMUM,REWARD_RISK_BELOW_MINIMUM,True,True
AL-2025-10-01T08:45:00+00:00-701282f73631#entry,2025-10-01T10:35:00Z,2025-10-01T10:36:00Z,116234.8,116245.7,116234.8,116245.4,116564.7,116564.7,115906.5..116314.8,115906.5..116030.5,True,False,False,False,False,False,27.47,31.16,-40.72,REWARD_RISK_BELOW_MINIMUM,REWARD_RISK_BELOW_MINIMUM,True,True
AL-2025-10-01T08:45:00+00:00-701282f73631#entry,2025-10-01T10:36:00Z,2025-10-01T10:37:00Z,116245.4,116280,116245.3,116280,116564.7,116564.7,115906.5..116314.8,115906.5..116030.5,True,False,False,False,False,False,24.48,34.12,-47.27,REWARD_RISK_BELOW_MINIMUM,REWARD_RISK_BELOW_MINIMUM,True,True
AL-2025-10-01T08:45:00+00:00-701282f73631#entry,2025-10-01T10:37:00Z,2025-10-01T10:38:00Z,116279.9,116280,116264.7,116264.8,116564.7,116564.7,115906.5..116314.8,115906.5..116030.5,True,False,False,False,False,False,25.79,32.82,-44.39,REWARD_RISK_BELOW_MINIMUM,REWARD_RISK_BELOW_MINIMUM,True,True
AL-2025-10-01T08:45:00+00:00-701282f73631#entry,2025-10-01T10:38:00Z,2025-10-01T10:39:00Z,116264.7,116264.8,116200,116200,116564.7,116564.7,115906.5..116314.8,115906.5..116030.5,True,False,False,False,False,False,31.39,27.26,-32.13,REWARD_RISK_BELOW_MINIMUM,REWARD_RISK_BELOW_MINIMUM,True,True
AL-2025-10-01T08:45:00+00:00-701282f73631#entry,2025-10-01T10:39:00Z,2025-10-01T10:40:00Z,116200.1,116200.1,116168.4,116168.5,116564.7,116564.7,115906.5..116314.8,115906.5..116030.5,True,False,False,False,False,False,34.11,24.56,-26.17,REWARD_RISK_BELOW_MINIMUM,REWARD_RISK_BELOW_MINIMUM,True,True
AL-2025-10-01T08:45:00+00:00-701282f73631#entry,2025-10-01T10:40:00Z,2025-10-01T10:41:00Z,116168.5,116168.5,116168.4,116168.5,116564.7,116564.7,115906.5..116314.8,115906.5..116030.5,True,False,False,False,False,False,34.11,24.56,-26.17,REWARD_RISK_BELOW_MINIMUM,REWARD_RISK_BELOW_MINIMUM,True,True
AL-2025-10-01T08:45:00+00:00-701282f73631#entry,2025-10-01T10:41:00Z,2025-10-01T10:42:00Z,116168.5,116193.7,116168.4,116172,116564.7,116564.7,115906.5..116314.8,115906.5..116030.5,True,False,False,False,False,False,33.80,24.86,-26.83,REWARD_RISK_BELOW_MINIMUM,REWARD_RISK_BELOW_MINIMUM,True,True
AL-2025-10-01T08:45:00+00:00-701282f73631#entry,2025-10-01T10:42:00Z,2025-10-01T10:43:00Z,116172,116183.7,116171.9,116172.5,116564.7,116564.7,115906.5..116314.8,115906.5..116030.5,True,False,False,False,False,False,33.76,24.90,-26.92,REWARD_RISK_BELOW_MINIMUM,REWARD_RISK_BELOW_MINIMUM,True,True
AL-2025-10-01T08:45:00+00:00-701282f73631#entry,2025-10-01T10:43:00Z,2025-10-01T10:44:00Z,116172.5,116181.8,116165,116181.7,116564.7,116564.7,115906.5..116314.8,115906.5..116030.5,True,False,False,False,False,False,32.97,25.69,-28.67,REWARD_RISK_BELOW_MINIMUM,REWARD_RISK_BELOW_MINIMUM,True,True
AL-2025-10-01T08:45:00+00:00-701282f73631#entry,2025-10-01T10:44:00Z,2025-10-01T10:45:00Z,116181.8,116229.1,116181.8,116224.7,116564.7,116478.7,115906.5..116314.8,115906.5..115991.4,True,False,False,False,False,False,21.85,29.38,-44.21,REWARD_RISK_BELOW_MINIMUM,REWARD_RISK_BELOW_MINIMUM,True,True
AL-2025-10-01T08:45:00+00:00-701282f73631#entry,2025-10-01T10:45:00Z,2025-10-01T10:46:00Z,116224.7,116293.8,116224.7,116265.4,116478.7,116478.7,115906.5..116314.8,115906.5..115991.4,True,False,False,False,False,False,18.35,32.87,-51.90,REWARD_RISK_BELOW_MINIMUM,REWARD_RISK_BELOW_MINIMUM,True,True
AL-2025-10-01T08:45:00+00:00-701282f73631#entry,2025-10-01T10:46:00Z,2025-10-01T10:47:00Z,116265.4,116287.8,116222.3,116279.3,116478.7,116478.7,115906.5..116314.8,115906.5..115991.4,True,False,False,False,False,False,17.15,34.06,-54.53,REWARD_RISK_BELOW_MINIMUM,REWARD_RISK_BELOW_MINIMUM,True,True
AL-2025-10-01T08:45:00+00:00-701282f73631#entry,2025-10-01T10:47:00Z,2025-10-01T10:48:00Z,116279.2,116283.7,116262.2,116266.7,116478.7,116478.7,115906.5..116314.8,115906.5..115991.4,True,False,False,False,False,False,18.23,32.98,-52.15,REWARD_RISK_BELOW_MINIMUM,REWARD_RISK_BELOW_MINIMUM,True,True
AL-2025-10-01T08:45:00+00:00-701282f73631#entry,2025-10-01T10:48:00Z,2025-10-01T10:49:00Z,116266.7,116305,116266.6,116295.8,116478.7,116478.7,115906.5..116314.8,115906.5..115991.4,True,False,False,False,False,False,15.73,35.48,-57.65,REWARD_RISK_BELOW_MINIMUM,REWARD_RISK_BELOW_MINIMUM,True,True
AL-2025-10-01T08:45:00+00:00-701282f73631#entry,2025-10-01T10:49:00Z,2025-10-01T10:50:00Z,116295.8,116295.8,116250.1,116250.1,116478.7,116478.7,115906.5..116314.8,115906.5..115991.4,True,False,False,False,False,False,19.66,31.56,-49.01,REWARD_RISK_BELOW_MINIMUM,REWARD_RISK_BELOW_MINIMUM,True,True
AL-2025-10-01T08:45:00+00:00-701282f73631#entry,2025-10-01T10:50:00Z,2025-10-01T10:51:00Z,116250.1,116250.1,116182.9,116206.8,116478.7,116478.7,115906.5..116314.8,115906.5..115991.4,True,False,False,False,False,False,23.40,27.85,-40.82,REWARD_RISK_BELOW_MINIMUM,REWARD_RISK_BELOW_MINIMUM,True,True
AL-2025-10-01T08:45:00+00:00-701282f73631#entry,2025-10-01T10:51:00Z,2025-10-01T10:52:00Z,116206.8,116261.4,116206.5,116227.6,116478.7,116478.7,115906.5..116314.8,115906.5..115991.4,True,False,False,False,False,False,21.60,29.63,-44.75,REWARD_RISK_BELOW_MINIMUM,REWARD_RISK_BELOW_MINIMUM,True,True
AL-2025-10-01T08:45:00+00:00-701282f73631#entry,2025-10-01T10:52:00Z,2025-10-01T10:53:00Z,116227.7,116247.9,116194.5,116194.6,116478.7,116478.7,115906.5..116314.8,115906.5..115991.4,True,False,False,False,False,False,24.45,26.80,-38.51,REWARD_RISK_BELOW_MINIMUM,REWARD_RISK_BELOW_MINIMUM,True,True
AL-2025-10-01T08:45:00+00:00-701282f73631#entry,2025-10-01T10:53:00Z,2025-10-01T10:54:00Z,116194.5,116194.6,116175.6,116175.7,116478.7,116478.7,115906.5..116314.8,115906.5..115991.4,True,False,False,False,False,False,26.08,25.18,-34.93,REWARD_RISK_BELOW_MINIMUM,REWARD_RISK_BELOW_MINIMUM,True,True
AL-2025-10-01T08:45:00+00:00-701282f73631#entry,2025-10-01T10:54:00Z,2025-10-01T10:55:00Z,116175.7,116189.3,116166.9,116172,116478.7,116478.7,115906.5..116314.8,115906.5..115991.4,True,False,False,False,False,False,26.40,24.86,-34.23,REWARD_RISK_BELOW_MINIMUM,REWARD_RISK_BELOW_MINIMUM,True,True
AL-2025-10-01T08:45:00+00:00-701282f73631#entry,2025-10-01T10:55:00Z,2025-10-01T10:56:00Z,116174,116200,116174,116200,116478.7,116478.7,115906.5..116314.8,115906.5..115991.4,True,False,False,False,False,False,23.98,27.26,-39.53,REWARD_RISK_BELOW_MINIMUM,REWARD_RISK_BELOW_MINIMUM,True,True
AL-2025-10-01T08:45:00+00:00-701282f73631#entry,2025-10-01T10:56:00Z,2025-10-01T10:57:00Z,116200,116212.9,116199.9,116212.9,116478.7,116478.7,115906.5..116314.8,115906.5..115991.4,True,False,False,False,False,False,22.87,28.37,-41.97,REWARD_RISK_BELOW_MINIMUM,REWARD_RISK_BELOW_MINIMUM,True,True
AL-2025-10-01T08:45:00+00:00-701282f73631#entry,2025-10-01T10:57:00Z,2025-10-01T10:58:00Z,116212.9,116243.9,116212.8,116215.3,116478.7,116478.7,115906.5..116314.8,115906.5..115991.4,True,False,False,False,False,False,22.66,28.58,-42.43,REWARD_RISK_BELOW_MINIMUM,REWARD_RISK_BELOW_MINIMUM,True,True
AL-2025-10-01T08:45:00+00:00-701282f73631#entry,2025-10-01T10:58:00Z,2025-10-01T10:59:00Z,116215.3,116219.9,116211.2,116219.9,116478.7,116478.7,115906.5..116314.8,115906.5..115991.4,True,False,False,False,False,False,22.27,28.97,-43.30,REWARD_RISK_BELOW_MINIMUM,REWARD_RISK_BELOW_MINIMUM,True,True
AL-2025-10-01T08:45:00+00:00-701282f73631#entry,2025-10-01T10:59:00Z,2025-10-01T11:00:00Z,116219.9,116236.4,116191.9,116224.6,116478.7,116478.7,115906.5..116314.8,115906.5..115991.4,True,False,False,False,False,False,21.86,29.37,-44.19,REWARD_RISK_BELOW_MINIMUM,REWARD_RISK_BELOW_MINIMUM,,False
AL-2025-10-06T02:15:00+00:00-006448cbc8eb#entry,2025-10-06T02:48:00Z,2025-10-06T02:49:00Z,123900,124089.2,123893.7,124076.8,124153.4,124153.4,123414.7..123880.4,123414.7..123561.2,False,False,False,False,False,False,6.17,55.76,-91.53,CLOSE_OUTSIDE_RETURN_CORRIDOR|NO_ROOM_AFTER_COSTS,CLOSE_OUTSIDE_RETURN_CORRIDOR|NO_ROOM_AFTER_COSTS,True,True
AL-2025-10-06T02:15:00+00:00-006448cbc8eb#entry,2025-10-06T02:49:00Z,2025-10-06T02:50:00Z,124076.8,124195.6,123995.1,124003.5,124153.4,124153.4,123414.7..123880.4,123414.7..123561.2,False,False,False,False,True,True,12.09,49.88,-78.56,CLOSE_OUTSIDE_RETURN_CORRIDOR|NO_ROOM_AFTER_COSTS,CLOSE_OUTSIDE_RETURN_CORRIDOR|NO_ROOM_AFTER_COSTS,,False
AS-2025-10-30T17:30:00+00:00-54b6d10f5cae#entry,2025-10-30T18:36:00Z,2025-10-30T18:37:00Z,107111.1,107115.3,107025.7,107063,106794.6,106794.6,107129.9..107624,107422.0..107624,False,False,False,False,False,False,25.07,56.61,-73.66,CLOSE_OUTSIDE_RETURN_CORRIDOR|REWARD_RISK_BELOW_MINIMUM,CLOSE_OUTSIDE_RETURN_CORRIDOR|REWARD_RISK_BELOW_MINIMUM,True,True
AS-2025-10-30T17:30:00+00:00-54b6d10f5cae#entry,2025-10-30T18:37:00Z,2025-10-30T18:38:00Z,107062.9,107063,106895,106908.9,106794.6,106794.6,107129.9..107624,107422.0..107624,False,False,False,False,False,False,10.69,71.11,-105.44,CLOSE_OUTSIDE_RETURN_CORRIDOR|NO_ROOM_AFTER_COSTS,CLOSE_OUTSIDE_RETURN_CORRIDOR|NO_ROOM_AFTER_COSTS,True,True
AS-2025-10-30T17:30:00+00:00-54b6d10f5cae#entry,2025-10-30T18:38:00Z,2025-10-30T18:39:00Z,106908.9,106988.2,106908.9,106966.2,106794.6,106794.6,107129.9..107624,107422.0..107624,False,False,False,False,False,False,16.04,65.71,-93.61,CLOSE_OUTSIDE_RETURN_CORRIDOR|REWARD_RISK_BELOW_MINIMUM,CLOSE_OUTSIDE_RETURN_CORRIDOR|REWARD_RISK_BELOW_MINIMUM,True,True
AS-2025-10-30T17:30:00+00:00-54b6d10f5cae#entry,2025-10-30T18:39:00Z,2025-10-30T18:40:00Z,106966.1,106979.3,106917.3,106937.9,106794.6,106794.6,107129.9..107624,107422.0..107624,False,False,False,False,False,False,13.40,68.38,-99.45,CLOSE_OUTSIDE_RETURN_CORRIDOR|NO_ROOM_AFTER_COSTS,CLOSE_OUTSIDE_RETURN_CORRIDOR|NO_ROOM_AFTER_COSTS,True,True
AS-2025-10-30T17:30:00+00:00-54b6d10f5cae#entry,2025-10-30T18:40:00Z,2025-10-30T18:41:00Z,106937.9,107061.9,106937.9,107031.3,106794.6,106794.6,107129.9..107624,107422.0..107624,False,False,False,False,False,False,22.12,59.59,-80.19,CLOSE_OUTSIDE_RETURN_CORRIDOR|REWARD_RISK_BELOW_MINIMUM,CLOSE_OUTSIDE_RETURN_CORRIDOR|REWARD_RISK_BELOW_MINIMUM,True,True
AS-2025-10-30T17:30:00+00:00-54b6d10f5cae#entry,2025-10-30T18:41:00Z,2025-10-30T18:42:00Z,107030.9,107030.9,106880,106895.9,106794.6,106794.6,107129.9..107624,107422.0..107624,False,False,False,False,False,False,9.48,72.33,-108.12,CLOSE_OUTSIDE_RETURN_CORRIDOR|NO_ROOM_AFTER_COSTS,CLOSE_OUTSIDE_RETURN_CORRIDOR|NO_ROOM_AFTER_COSTS,True,True
AS-2025-10-30T17:30:00+00:00-54b6d10f5cae#entry,2025-10-30T18:42:00Z,2025-10-30T18:43:00Z,106895.9,107009.8,106895.9,106953,106794.6,106794.6,107129.9..107624,107422.0..107624,False,False,False,False,False,False,14.81,66.95,-96.34,CLOSE_OUTSIDE_RETURN_CORRIDOR|REWARD_RISK_BELOW_MINIMUM,CLOSE_OUTSIDE_RETURN_CORRIDOR|REWARD_RISK_BELOW_MINIMUM,True,True
AS-2025-10-30T17:30:00+00:00-54b6d10f5cae#entry,2025-10-30T18:43:00Z,2025-10-30T18:44:00Z,106953,106973.5,106924.1,106925.6,106794.6,106794.6,107129.9..107624,107422.0..107624,False,False,False,False,False,False,12.25,69.53,-101.99,CLOSE_OUTSIDE_RETURN_CORRIDOR|NO_ROOM_AFTER_COSTS,CLOSE_OUTSIDE_RETURN_CORRIDOR|NO_ROOM_AFTER_COSTS,True,True
AS-2025-10-30T17:30:00+00:00-54b6d10f5cae#entry,2025-10-30T18:44:00Z,2025-10-30T18:45:00Z,106925.6,106938.6,106888,106937.8,106794.6,106794.6,107129.9..107624,107422.0..107624,False,False,False,False,False,False,13.39,68.39,-99.47,CLOSE_OUTSIDE_RETURN_CORRIDOR|NO_ROOM_AFTER_COSTS,CLOSE_OUTSIDE_RETURN_CORRIDOR|NO_ROOM_AFTER_COSTS,True,True
AS-2025-10-30T17:30:00+00:00-54b6d10f5cae#entry,2025-10-30T18:45:00Z,2025-10-30T18:46:00Z,106937.8,106978,106932.8,106962.2,106794.6,106794.6,107129.9..107624,107422.0..107624,False,False,False,False,False,False,15.67,66.09,-94.44,CLOSE_OUTSIDE_RETURN_CORRIDOR|REWARD_RISK_BELOW_MINIMUM,CLOSE_OUTSIDE_RETURN_CORRIDOR|REWARD_RISK_BELOW_MINIMUM,True,True
AS-2025-10-30T17:30:00+00:00-54b6d10f5cae#entry,2025-10-30T18:46:00Z,2025-10-30T18:47:00Z,106962.3,107085.6,106952.9,107067.5,106794.6,106794.6,107129.9..107624,107422.0..107624,False,False,False,False,False,False,25.49,56.19,-72.74,CLOSE_OUTSIDE_RETURN_CORRIDOR|REWARD_RISK_BELOW_MINIMUM,CLOSE_OUTSIDE_RETURN_CORRIDOR|REWARD_RISK_BELOW_MINIMUM,True,True
AS-2025-10-30T17:30:00+00:00-54b6d10f5cae#entry,2025-10-30T18:47:00Z,2025-10-30T18:48:00Z,107067.5,107170.6,107058.7,107151.3,106794.6,106794.6,107129.9..107624,107422.0..107624,True,False,False,False,False,False,33.29,48.32,-55.50,REWARD_RISK_BELOW_MINIMUM,REWARD_RISK_BELOW_MINIMUM,True,True
AS-2025-10-30T17:30:00+00:00-54b6d10f5cae#entry,2025-10-30T18:48:00Z,2025-10-30T18:49:00Z,107151.4,107192,107130,107130,106794.6,106794.6,107129.9..107624,107422.0..107624,True,False,False,False,False,False,31.31,50.32,-59.88,REWARD_RISK_BELOW_MINIMUM,REWARD_RISK_BELOW_MINIMUM,True,True
AS-2025-10-30T17:30:00+00:00-54b6d10f5cae#entry,2025-10-30T18:49:00Z,2025-10-30T18:50:00Z,107130,107147.3,107107,107110.9,106794.6,106794.6,107129.9..107624,107422.0..107624,False,False,False,False,False,False,29.53,52.11,-63.81,CLOSE_OUTSIDE_RETURN_CORRIDOR|REWARD_RISK_BELOW_MINIMUM,CLOSE_OUTSIDE_RETURN_CORRIDOR|REWARD_RISK_BELOW_MINIMUM,True,True
AS-2025-10-30T17:30:00+00:00-54b6d10f5cae#entry,2025-10-30T18:50:00Z,2025-10-30T18:51:00Z,107110.9,107129.9,107059,107129.8,106794.6,106794.6,107129.9..107624,107422.0..107624,False,False,False,False,False,False,31.29,50.34,-59.92,CLOSE_OUTSIDE_RETURN_CORRIDOR|REWARD_RISK_BELOW_MINIMUM,CLOSE_OUTSIDE_RETURN_CORRIDOR|REWARD_RISK_BELOW_MINIMUM,True,True
AS-2025-10-30T17:30:00+00:00-54b6d10f5cae#entry,2025-10-30T18:51:00Z,2025-10-30T18:52:00Z,107129.9,107153,107109.8,107151,106794.6,106794.6,107129.9..107624,107422.0..107624,True,False,False,False,False,False,33.26,48.35,-55.56,REWARD_RISK_BELOW_MINIMUM,REWARD_RISK_BELOW_MINIMUM,True,True
AS-2025-10-30T17:30:00+00:00-54b6d10f5cae#entry,2025-10-30T18:52:00Z,2025-10-30T18:53:00Z,107151,107168.4,107077.3,107087.4,106794.6,106794.6,107129.9..107624,107422.0..107624,False,False,False,False,False,False,27.34,54.32,-68.64,CLOSE_OUTSIDE_RETURN_CORRIDOR|REWARD_RISK_BELOW_MINIMUM,CLOSE_OUTSIDE_RETURN_CORRIDOR|REWARD_RISK_BELOW_MINIMUM,True,True
AS-2025-10-30T17:30:00+00:00-54b6d10f5cae#entry,2025-10-30T18:53:00Z,2025-10-30T18:54:00Z,107087.9,107087.9,106979.1,106979.2,106794.6,106794.6,107129.9..107624,107422.0..107624,False,False,False,False,False,False,17.26,64.49,-90.93,CLOSE_OUTSIDE_RETURN_CORRIDOR|REWARD_RISK_BELOW_MINIMUM,CLOSE_OUTSIDE_RETURN_CORRIDOR|REWARD_RISK_BELOW_MINIMUM,True,True
AS-2025-10-30T17:30:00+00:00-54b6d10f5cae#entry,2025-10-30T18:54:00Z,2025-10-30T18:55:00Z,106979.1,107055,106979.1,107040.2,106794.6,106794.6,107129.9..107624,107422.0..107624,False,False,False,False,False,False,22.94,58.75,-78.36,CLOSE_OUTSIDE_RETURN_CORRIDOR|REWARD_RISK_BELOW_MINIMUM,CLOSE_OUTSIDE_RETURN_CORRIDOR|REWARD_RISK_BELOW_MINIMUM,True,True
AS-2025-10-30T17:30:00+00:00-54b6d10f5cae#entry,2025-10-30T18:55:00Z,2025-10-30T18:56:00Z,107040.2,107040.3,106900.2,106936.2,106794.6,106794.6,107129.9..107624,107422.0..107624,False,False,False,False,False,False,13.24,68.54,-99.80,CLOSE_OUTSIDE_RETURN_CORRIDOR|NO_ROOM_AFTER_COSTS,CLOSE_OUTSIDE_RETURN_CORRIDOR|NO_ROOM_AFTER_COSTS,True,True
AS-2025-10-30T17:30:00+00:00-54b6d10f5cae#entry,2025-10-30T18:56:00Z,2025-10-30T18:57:00Z,106936.2,106972.8,106845.9,106865.4,106794.6,106794.6,107129.9..107624,107422.0..107624,False,False,False,False,False,False,6.63,75.21,-114.42,CLOSE_OUTSIDE_RETURN_CORRIDOR|NO_ROOM_AFTER_COSTS,CLOSE_OUTSIDE_RETURN_CORRIDOR|NO_ROOM_AFTER_COSTS,True,True
AS-2025-10-30T17:30:00+00:00-54b6d10f5cae#entry,2025-10-30T18:57:00Z,2025-10-30T18:58:00Z,106865.4,106865.4,106841,106849.1,106794.6,106794.6,107129.9..107624,107422.0..107624,False,False,False,False,False,False,5.10,76.74,-117.79,CLOSE_OUTSIDE_RETURN_CORRIDOR|NO_ROOM_AFTER_COSTS,CLOSE_OUTSIDE_RETURN_CORRIDOR|NO_ROOM_AFTER_COSTS,True,True
AS-2025-10-30T17:30:00+00:00-54b6d10f5cae#entry,2025-10-30T18:58:00Z,2025-10-30T18:59:00Z,106849.2,106887.6,106793.1,106818.9,106794.6,106794.6,107129.9..107624,107422.0..107624,False,False,False,False,True,False,2.27,79.59,-124.04,CLOSE_OUTSIDE_RETURN_CORRIDOR|NO_ROOM_AFTER_COSTS,CLOSE_OUTSIDE_RETURN_CORRIDOR|NO_ROOM_AFTER_COSTS,,False
